smiles,inchikey,formula,nheavy,source,source_rank,source_id,name,raw_smiles,H298_exp,uncertainty,selectable
C,VNWKTOKETHGBQD-UHFFFAOYSA-N,CH4,1,atct,0,74-82-8*0,Methane,C,-17.8090,0.0103,True
O=C=O,CURLTUGMZLYLDI-UHFFFAOYSA-N,CO2,3,atct,0,124-38-9*0,Carbon dioxide,C(=O)=O,-94.0433,0.0036,True
CC,OTMSDBZUPAUEDD-UHFFFAOYSA-N,C2H6,2,atct,0,74-84-0*0,Ethane,CC,-20.0837,0.0287,True
C=C,VGGSQFUCUMXWEO-UHFFFAOYSA-N,C2H4,2,atct,0,74-85-1*0,Ethylene,C=C,12.5215,0.0263,True
CCC,ATUOYWHBWRKTHZ-UHFFFAOYSA-N,C3H8,3,atct,0,74-98-6*0,Propane,CCC,-25.0956,0.0359,True
CO,OKKJLVBELUTLKV-UHFFFAOYSA-N,CH4O,2,atct,0,67-56-1*0,Methanol,CO,-48.0043,0.0335,True
C=O,WSFSSNUMVMOOMR-UHFFFAOYSA-N,CH2O,2,atct,0,50-00-0*0,Formaldehyde,C=O,-26.1049,0.0225,True
[C-]#[O+],UGFAIRIUMAVXCW-UHFFFAOYSA-N,CO,2,atct,0,630-08-0*0,Carbon monoxide,[C-]#[O+],-26.4147,0.0060,True
C#C,HSFWRNGVRCDJHI-UHFFFAOYSA-N,C2H2,2,atct,0,74-86-2*0,Acetylene,C#C,54.5698,0.0287,True
CCO,LFQSCWFLJHTTHZ-UHFFFAOYSA-N,C2H6O,3,atct,0,64-17-5*0,Ethanol,CCO,-56.1424,0.0478,True
c1ccccc1,UHOVQNZJYSORNB-UHFFFAOYSA-N,C6H6,6,atct,0,71-43-2*0,Benzene,c1ccccc1,19.8805,0.0502,True
C=CC,QQONPFPTGQHPMA-UHFFFAOYSA-N,C3H6,3,atct,0,115-07-1*0,Propene,CC=C,4.7945,0.0430,True
C#N,LELOWRISYMNNSU-UHFFFAOYSA-N,CHN,2,atct,0,74-90-8*0,Hydrogen cyanide,C#N,30.9042,0.0208,True
CN,BAVYZALUXZFZLV-UHFFFAOYSA-N,CH5N,2,atct,0,74-89-5*0,Methylamine,CN,-5.0550,0.0526,True
CC=O,IKHGUXGNUITLKF-UHFFFAOYSA-N,C2H4O,3,atct,0,75-07-0*0,Acetaldehyde,CC=O,-39.5315,0.0526,True
C#CC,MWWATHDPGQKSAR-UHFFFAOYSA-N,C3H4,3,atct,0,74-99-7*0,Propyne,CC#C,44.3499,0.0478,True
CC(C)=O,CSCPPACGZOOCGX-UHFFFAOYSA-N,C3H6O,4,atct,0,67-64-1*0,Acetone,CC(=O)C,-51.8356,0.0621,True
C=C=C,IYABWNGZIDDRAK-UHFFFAOYSA-N,C3H4,3,atct,0,463-49-0*0,Allene,C=C=C,45.4159,0.0526,True
CCCC,IJDNQMDRQITEOD-UHFFFAOYSA-N,C4H10,4,atct,0,106-97-8*0,n-Butane,CCCC,-30.0072,0.0430,True
Cc1ccccc1,YXFVVABEGXRONW-UHFFFAOYSA-N,C7H8,7,atct,0,108-88-3*0,Toluene,c1ccc(cc1)C,11.9670,0.0741,True
C=CC=C,KAKZBPTYRLMSJV-UHFFFAOYSA-N,C4H6,4,atct,0,106-99-0*0,"1,3-Butadiene",C=CC=C,26.5655,0.0693,True
C=C=O,CCGKOQOJPYTBIH-UHFFFAOYSA-N,C2H2O,3,atct,0,463-51-4*0,Ketene,C=C=O,-11.5679,0.0263,True
CCN,QUSNBJAOOMFDIB-UHFFFAOYSA-N,C2H7N,3,atct,0,75-04-7*0,Ethylamine,CCN,-11.8977,0.1004,True
CC#N,WEVYAHXRMPXWCK-UHFFFAOYSA-N,C2H3N,3,atct,0,75-05-8*0,Acetonitrile,CC#N,17.7055,0.0550,True
CC(C)C,NNPPMTNAJDCUHE-UHFFFAOYSA-N,C4H10,4,atct,0,75-28-5*0,iso-Butane,CC(C)C,-32.1415,0.0645,True
NC=O,ZHNUHDYFZUAESO-UHFFFAOYSA-N,CH3NO,3,atct,0,75-12-7*0,Formamide,NC=O,-45.1721,0.0813,True
C1CC1,LVZWSLJZHVFIQJ-UHFFFAOYSA-N,C3H6,3,atct,0,75-19-4*0,Cyclopropane,C1CC1,12.8896,0.0765,True
C1=CCC=C1,ZSWFCLXCOIISFI-UHFFFAOYSA-N,C5H6,5,atct,0,542-92-7*0,Cyclopentadiene,C1C=CC=C1,32.2084,0.1171,True
COC,LCGLNKUTAGEVQW-UHFFFAOYSA-N,C2H6O,3,atct,0,115-10-6*0,Methoxymethane,COC,-43.9532,0.0837,True
C=[O+][O-],SBHHFAIXPSFQLT-UHFFFAOYSA-N,CH2O2,3,atct,0,56077-92-0*0,Dioxymethyl,[O-]\[O+]=C,25.1195,0.0789,True
C=N,WDWDWGRYHDPSDS-UHFFFAOYSA-N,CH3N,2,atct,0,2053-29-4*0,Methanimine,C=N,21.1520,0.0813,True
COO,MEUKEBNAABNAEX-UHFFFAOYSA-N,CH4O2,3,atct,0,3031-73-0*0,Methyl hydroperoxide,COO,-30.5091,0.1004,True
Oc1ccccc1,ISWSIDIOOBJBQZ-UHFFFAOYSA-N,C6H6O,7,atct,0,108-95-2*0,Phenol,c1ccc(cc1)O,-22.2132,0.1482,True
O=Cc1ccccc1,HUMNYLRZRPPJDN-UHFFFAOYSA-N,C7H6O,8,atct,0,100-52-7*0,Benzaldehyde,c1ccc(cc1)C=O,-8.8337,0.1625,True
C#CC#N,LNDJVIYUJOJFSO-UHFFFAOYSA-N,C3HN,4,atct,0,1070-71-9*0,Cyanoacetylene,C#CC#N,89.3858,0.1362,True
CNC,ROSDSFDQCJNGOL-UHFFFAOYSA-N,C2H7N,3,atct,0,124-40-3*0,Dimethylamine,CNC,-4.0559,0.1076,True
C#CC=C,WFYPICNXBKQZGB-UHFFFAOYSA-N,C4H4,4,atct,0,689-97-4*0,Vinylacetylene,C=CC#C,69.2376,0.1243,True
C1CO1,IAYPIBMASNFSPL-UHFFFAOYSA-N,C2H4O,3,atct,0,75-21-8*0,Oxirane,C1OC1,-12.4952,0.0789,True
C#CC#C,LLCSWKVOHICRDD-UHFFFAOYSA-N,C4H2,4,atct,0,460-12-8*0,"1,3-Butadiyne",C#CC#C,109.9665,0.1147,True
N=C=O,OWIKHYCFFJSOEH-UHFFFAOYSA-N,CHNO,3,atct,0,75-13-8*0,Isocyanic acid,N=C=O,-28.4202,0.0669,True
N#CN,XZMCDFZZKTWFGF-UHFFFAOYSA-N,CH2N2,3,atct,0,420-04-2*0,Cyanamide,NC#N,32.4140,0.1864,True
C=C(C)C,VQTUBCCKSQIDNK-UHFFFAOYSA-N,C4H8,4,atct,0,115-11-7*0,Isobutene,CC(=C)C,-4.0057,0.0765,True
C=NC,NYVSDPNXBIEFPW-UHFFFAOYSA-N,C2H5N,3,atct,0,1761-67-7*0,N-Methylenemethanamine,CN=C,19.0488,0.1601,True
C[N+](=O)[O-],LYGJENNIWJXYER-UHFFFAOYSA-N,CH3NO2,4,atct,0,75-52-5*0,Nitromethane,C[N+](=O)[O-],-17.7988,0.0956,True
[C-]#[N+]C,ZRKSVHFXTRFQFL-UHFFFAOYSA-N,C2H3N,3,atct,0,593-75-9*0,Isocyanomethane,C[N+]#[C-],42.3662,0.1123,True
C=C=CC,QNRMTGGDHLBXQZ-UHFFFAOYSA-N,C4H6,4,atct,0,590-19-2*0,"1,2-Butadiene",CC=C=C,38.8504,0.1004,True
CCOO,ILHIHKRJJMKBEE-UHFFFAOYSA-N,C2H6O2,4,atct,0,3031-74-1*0,Ethyl hydroperoxide,CCOO,-38.4584,0.1482,True
C1=CC1,OOXWYYGXTJLWHA-UHFFFAOYSA-N,C3H4,3,atct,0,2781-85-3*0,Cyclopropene,C1C=C1,67.8418,0.0980,True
CC#CC,XNMQEEKYCVKGBD-UHFFFAOYSA-N,C4H6,4,atct,0,503-17-3*0,2-Butyne,CC#CC,35.0382,0.1076,True
C=C=C=C,WHVXVDDUYCELKP-UHFFFAOYSA-N,C4H4,4,atct,0,2873-50-9*0,Butatriene,C=C=C=C,76.9981,0.1267,True
c1ccc2ccccc2c1,UFWIBTONFRDIAS-UHFFFAOYSA-N,C10H8,10,atct,0,91-20-3*0,Naphthalene,c1ccc2ccccc2c1,35.2940,0.1291,True
CC(C)(C)C,CRSOQBOWXPBRES-UHFFFAOYSA-N,C5H12,5,atct,0,463-82-1*0,neo-Pentane,CC(C)(C)C,-39.9474,0.0908,True
C/C=C/C,IAQRGUVFOMOMEM-ONEGZZNKSA-N,C4H8,4,atct,0,624-64-6*0,trans-2-Butene,C/C=C/C,-2.6028,0.0669,True
C=CCC,VXNZUUAINFGPBY-UHFFFAOYSA-N,C4H8,4,atct,0,106-98-9*0,1-Butene,CCC=C,0.0645,0.0789,True
CCCCCC,VLKZOEOYAKHREP-UHFFFAOYSA-N,C6H14,6,atct,0,110-54-3*0,n-Hexane,CCCCCC,-39.8614,0.0765,True
CCC=O,NBBJYMSMWIIQGU-UHFFFAOYSA-N,C3H6O,4,atct,0,123-38-6*0,Propionaldehyde,CCC=O,-44.5770,0.0478,True
C1CN1,NOWKCMXCCJGMRR-UHFFFAOYSA-N,C2H5N,3,atct,0,151-56-4*0,Aziridine,N1CC1,30.3657,0.2032,True
C=C=C=O,TURAMGVWNUTQKH-UHFFFAOYSA-N,C3H2O,4,atct,0,61244-93-7*0,Propadienone,C=C=C=O,31.2070,0.1458,True
C/C=C\C,IAQRGUVFOMOMEM-ARJAWSKDSA-N,C4H8,4,atct,0,590-18-1*0,cis-2-Butene,C/C=C\C,-1.6396,0.0908,True
C#CCC,KDKYADYSIPSCCQ-UHFFFAOYSA-N,C4H6,4,atct,0,107-00-6*0,1-Butyne,CCC#C,39.8733,0.1338,True
O=CO,BDAGIHXWWSANSR-UHFFFAOYSA-N,CH2O2,3,atct,0,64-18-6*0,Formic acid,C(=O)O,-90.4111,0.0478,True
C1=Cc2ccccc2C1,YBYIRNPNPLQARY-UHFFFAOYSA-N,C9H8,9,atct,0,95-13-6*0,Indene,c1ccc2c(c1)C=CC2,38.2170,0.1721,True
CCCCC,OFBQJSOFQDEBGM-UHFFFAOYSA-N,C5H12,5,atct,0,109-66-0*0,n-Pentane,CCCCC,-34.9068,0.0693,True
CC(=O)O,QTBSBXVTEAMEQO-UHFFFAOYSA-N,C2H4O2,4,atct,0,64-19-7*0,Acetic acid,CC(=O)O,-103.3939,0.0765,True
C=CN,UYMKPFRHYYNDTL-UHFFFAOYSA-N,C2H5N,3,atct,0,593-67-9*0,Ethenamine,C=CN,13.1047,0.1577,True
c1ccncc1,JUJWROOIHBZHMG-UHFFFAOYSA-N,C5H5N,6,atct,0,110-86-1*0,Pyridine,c1ccncc1,33.5875,0.0956,True
C=CC#N,NLHHRLWOUZZQLW-UHFFFAOYSA-N,C3H3N,4,atct,0,107-13-1*0,Acrylonitrile,C=CC#N,44.7538,0.1434,True
CC#CC#CC,PCTCNWZFDASPLA-UHFFFAOYSA-N,C6H6,6,atct,0,2809-69-0*0,"2,4-Hexadiyne",CC#CC#CC,88.5086,0.1960,True
CCCO,BDERNNFJNOPAEC-UHFFFAOYSA-N,C3H8O,4,atct,0,71-23-8*0,1-Propanol,CCCO,-60.9417,0.0478,True
C1CCCC1,RGSFGYAAUTVSQA-UHFFFAOYSA-N,C5H10,5,atct,0,287-92-3*0,Cyclopentane,C1CCCC1,-18.1525,0.0908,True
CC=N,MPAYEWNVIPXRDP-UHFFFAOYSA-N,C2H5N,3,atct,0,56003-81-7*0,(1E)-Ethanimine,CC=N,9.4646,0.1721,True
C12C3C1C23,FJGIHZCEZAZPSP-UHFFFAOYSA-N,C4H4,4,atct,0,157-39-1*0,Tetrahedrane,C12C3C1C23,128.8958,0.2151,True
N#CC#N,JMANVNJQNLATNU-UHFFFAOYSA-N,C2N2,4,atct,0,460-19-5*0,Cyanogen,N#CC#N,74.1276,0.0980,True
C1=CCCC1,LPIQUOYDBNQMRZ-UHFFFAOYSA-N,C5H8,5,atct,0,142-29-0*0,Cyclopentene,C1CC=CC1,8.5229,0.1028,True
C1OO1,ASQQEOXYFGEFKQ-UHFFFAOYSA-N,CH2O2,3,atct,0,157-26-6*0,Dioxirane,C1OO1,0.4183,0.0884,True
CN(C)C,GETQZCLCWQTVFV-UHFFFAOYSA-N,C3H9N,4,atct,0,75-50-3*0,Trimethylamine,CN(C)C,-6.2500,0.1864,True
C=[N+]=[N-],YXHKONLOYHBTNS-UHFFFAOYSA-N,CH2N2,3,atct,0,334-88-3*0,Diazomethane,C=[N+]=[N-],63.9030,0.2055,True
CC=C=O,UYLUJGRCKKSWHS-UHFFFAOYSA-N,C3H4O,4,atct,0,6004-44-0*0,Methylketene,CC=C=O,-15.1984,0.1506,True
C#CC#CC,VNMDYSSJFJFEQI-UHFFFAOYSA-N,C5H4,5,atct,0,4911-55-1*0,"1,3-Pentadiyne",C#CC#CC,98.9388,0.1554,True
CCCCO,LRHPLDYGYMQRHN-UHFFFAOYSA-N,C4H10O,5,atct,0,71-36-3*0,1-Butanol,CCCCO,-65.6668,0.0574,True
C1N=N1,GKVDXUXIAHWQIK-UHFFFAOYSA-N,CH2N2,3,atct,0,157-22-2*0,Diazirine,C1N=N1,74.8088,0.2629,True
C=Cc1ccccc1,PPBRXRYQALVLMV-UHFFFAOYSA-N,C8H8,8,atct,0,100-42-5*0,Phenylethene,c1ccc(cc1)C=C,35.5067,0.1219,True
C#Cc1ccccc1,UEXCJVNBTNXOEH-UHFFFAOYSA-N,C8H6,8,atct,0,536-74-3*0,Phenylacetylene,c1ccc(cc1)C#C,75.9154,0.1649,True
CC(=O)c1ccccc1,KWOLFJPFCHCOCG-UHFFFAOYSA-N,C8H8O,9,atct,0,98-86-2*0,Acetophenone,c1ccc(cc1)C(=O)C,-20.0550,0.2342,True
CN=O,IMHRONYAKYWGCC-UHFFFAOYSA-N,CH3NO,3,atct,0,865-40-7*0,Nitrosomethane,CN=O,16.9814,0.2175,True
[C-]#[N+]C#C,REHKGFPHRDKAKX-UHFFFAOYSA-N,C3HN,4,atct,0,66723-45-3*0,Isocyanoacetylene,C#C[N+]#[C-],116.4006,0.2342,True
C1=CC=C1,HWEQKSVYKBUIIK-UHFFFAOYSA-N,C4H4,4,atct,0,1120-53-2*0,Cyclobutadiene,C1=CC=C1,102.3160,0.1506,True
C=C1C=CC=C1,PGTKVMVZBBZCKQ-UHFFFAOYSA-N,C6H6,6,atct,0,497-20-1*0,Fulvene,C=C1C=CC=C1,51.6491,0.2629,True
CCC(C)C,QWTDNUCVQCZILF-UHFFFAOYSA-N,C5H12,5,atct,0,78-78-4*0,iso-Pentane,CCC(C)C,-36.5607,0.0932,True
c1ccc2c(c1)CCC2,PQNFLJBBNBOBRQ-UHFFFAOYSA-N,C9H10,9,atct,0,496-11-7*0,Indane,c1ccc2c(c1)CCC2,14.3021,0.1816,True
Cc1ccccc1C=O,BTFQKIATRPGRBS-UHFFFAOYSA-N,C8H8O,9,atct,0,529-20-4*0,o-Tolualdehyde,Cc1ccccc1C=O,-15.8700,0.2629,True
NC(N)=O,XSQUKJJJFZCRTK-UHFFFAOYSA-N,CH4N2O,4,atct,0,57-13-6*0,Urea,NC(=O)N,-56.0612,0.1004,True
CC(N)=O,DLFVBJFMPXGRIB-UHFFFAOYSA-N,C2H5NO,4,atct,0,60-35-5*0,Acetamide,CC(=O)N,-56.6778,0.1338,True
C#CC#CCC,AKOJBFZCIRFXBA-UHFFFAOYSA-N,C6H6,6,atct,0,4447-21-6*0,"1,3-Hexadiyne",CCC#CC#C,94.0559,0.2247,True
C1CCC1,PMPVIKIVABFJJI-UHFFFAOYSA-N,C4H8,4,atct,0,287-23-0*0,Cyclobutane,C1CCC1,6.6228,0.0860,True
C=CC(=C)C,RRHGJUQNOFWUDK-UHFFFAOYSA-N,C5H8,5,atct,0,78-79-5*0,Isoprene,CC(=C)C=C,18.1071,0.1577,True
CCOC,XOBKSJJDNFUZPF-UHFFFAOYSA-N,C3H8O,4,atct,0,540-67-0*0,Methoxyethane,CCOC,-51.9073,0.1243,True
O=C=C=C=O,GNEVIACKFGQMHB-UHFFFAOYSA-N,C3O2,5,atct,0,504-64-3*0,Carbon suboxide,O=C=C=C=O,-22.0626,0.2294,True
CCc1ccccc1,YNQLUTRBYVCPMQ-UHFFFAOYSA-N,C8H10,8,atct,0,100-41-4*0,Ethylbenzene,c1ccc(cc1)CC,7.1582,0.1243,True
Cc1cccc(C=O)c1,OVWYEQOVUDKZNU-UHFFFAOYSA-N,C8H8O,9,atct,0,620-23-5*0,m-Tolualdehyde,Cc1cccc(c1)C=O,-17.0411,0.2868,True
NCC(=O)O,DHMQDGOQFOQNFH-UHFFFAOYSA-N,C2H5NO2,5,atct,0,56-40-6*0,Glycine,NCC(=O)O,-94.3332,0.1315,True
C#CC=O,IJNJLGFTSIAHEA-UHFFFAOYSA-N,C3H2O,4,atct,0,624-67-9*0,2-Propynal,C#CC=O,31.8714,0.2079,True
C=C1C=C1,GOSMMPKSWSOPRZ-UHFFFAOYSA-N,C4H4,4,atct,0,4095-06-1*0,3-Methylenecyclopropene,C=C1C=C1,92.7725,0.1936,True
C1=CCC1,CFBGXYDUODCMNS-UHFFFAOYSA-N,C4H6,4,atct,0,822-35-5*0,Cyclobutene,C1CC=C1,38.4895,0.1434,True
C1CCCCC1,XDTMQSROBMDMFD-UHFFFAOYSA-N,C6H12,6,atct,0,110-82-7*0,Cyclohexane,C1CCCCC1,-29.3451,0.0693,True
CCOCC,RTZKZFJDLAIYFH-UHFFFAOYSA-N,C4H10O,5,atct,0,60-29-7*0,Diethyl ether,CCOCC,-59.8016,0.1793,True
N#CO,XLJMAIOERFSOGZ-UHFFFAOYSA-N,CHNO,3,atct,0,420-05-3*0,Cyanic acid,OC#N,-3.5875,0.1028,True
C#[N+][O-],UXKUODQYLDZXDL-UHFFFAOYSA-N,CHNO,3,atct,0,51060-05-0*0,Fulminic acid,C#[N+][O-],40.4613,0.1052,True
[C-]#[N+]O,OTXBWGUYZNKPMG-UHFFFAOYSA-N,CHNO,3,atct,0,506-85-4*0,Isofulminic acid,O[N+]#[C-],55.8222,0.1028,True
Cc1ccc(C=O)cc1,FXLOVSHXALFLKQ-UHFFFAOYSA-N,C8H8O,9,atct,0,104-87-0*0,p-Tolualdehyde,Cc1ccc(cc1)C=O,-17.2562,0.2868,True
CC(C)N,JJWLVOIRVHMVIS-UHFFFAOYSA-N,C3H9N,4,atct,0,75-31-0*0,2-Propanamine,CC(C)N,-19.9426,0.1243,True
C1=CC=CCC=C1,CHVJITGCYZJHLR-UHFFFAOYSA-N,C7H8,7,atct,0,544-25-2*0,Cycloheptatriene,C1C=CC=CC=C1,44.0679,0.2151,True
CCCCCCCC,TVMXDCGIABBOFY-UHFFFAOYSA-N,C8H18,8,atct,0,111-65-9*0,n-Octane,CCCCCCCC,-49.6869,0.1219,True
CC(C)O,KFZMGEQAYNKOFK-UHFFFAOYSA-N,C3H8O,4,atct,0,67-63-0*0,2-Propanol,CC(O)C,-65.1793,0.0621,True
c1ccoc1,YLQBMQCUIZJEEH-UHFFFAOYSA-N,C4H4O,5,atct,0,110-00-9*0,Furan,O1C=CC=C1,-8.2505,0.2247,True
[C-]#[N+]C=C,FOSDKQXKZPWNNK-UHFFFAOYSA-N,C3H3N,4,atct,0,14668-82-7*0,Isocyanoethene,C=C[N+]#[C-],66.6396,0.2199,True
CCCN,WGYKZJWCGVVSQN-UHFFFAOYSA-N,C3H9N,4,atct,0,107-10-8*0,1-Propanamine,CCCN,-16.7185,0.1004,True
C1=CC=1,VVLPCWSYZYKZKR-UHFFFAOYSA-N,C3H2,3,atct,0,16165-40-5*0,Cyclopropenylidene,C1=C=C1,118.5707,0.1076,True
CCCCCCC,IMNFDUFMRHMDMM-UHFFFAOYSA-N,C7H16,7,atct,0,142-82-5*0,n-Heptane,CCCCCCC,-44.7610,0.1052,True
C#CC#CC#C,MZHROOGPARRVHS-UHFFFAOYSA-N,C6H2,6,atct,0,3161-99-7*0,"1,3,5-Hexatriyne",C#CC#CC#C,164.1969,0.2868,True
C1=CC2C=CC1C2,SJYNFBVQFBRSIB-UHFFFAOYSA-N,C7H8,7,atct,0,121-46-0*0,Norbornadiene,C1C2C=CC1C=C2,57.2658,0.3585,True
N#Cc1ccccc1,JFDZBHWFFUWGJE-UHFFFAOYSA-N,C7H5N,8,atct,0,100-47-0*0,Benzonitrile,c1ccc(cc1)C#N,51.5774,0.2199,True
CON=O,BLLFVUPNHCTMSV-UHFFFAOYSA-N,CH3NO2,4,atct,0,624-91-9*0,Methyl nitrite,CON=O,-15.5306,0.1649,True
C#CCCC#C,YFIBSNDOVCWPBL-UHFFFAOYSA-N,C6H6,6,atct,0,628-16-0*0,"1,5-Hexadiyne",C#CCCC#C,100.6692,0.2868,True
CCNC,LIWAQLJGPBVORC-UHFFFAOYSA-N,C3H9N,4,atct,0,624-78-2*0,N-Methylethanamine,CCNC,-10.8987,0.2629,True
c1ccc2c(c1)ccc1ccccc12,YNPNZTXNASCQKK-UHFFFAOYSA-N,C14H10,14,atct,0,85-01-8*0,Phenanthrene,c1ccc2c(c1)ccc3c2cccc3,48.5612,0.1793,True
O=C1OCCO1,KMTRUDSVKNLOMY-UHFFFAOYSA-N,C3H4O3,6,atct,0,96-49-1*0,"1,3-Dioxolan-2-one",C1(=O)OCCO1,-121.9527,0.2032,True
CC(=O)C(=O)O,LCTONWCANYUPML-UHFFFAOYSA-N,C3H4O3,6,atct,0,127-17-3*0,Pyruvic acid,CC(=O)C(=O)O,-127.8394,0.2318,True
CC1CC1,VNXBKJFUJUWOCW-UHFFFAOYSA-N,C4H8,4,atct,0,594-11-6*0,Methylcyclopropane,CC1CC1,5.7839,0.2868,True
CC(C)=[O+][O-],MPMKPLYBEFNYPT-UHFFFAOYSA-N,C3H6O2,5,atct,0,65339-02-8*0,Hydroxy(1-methylethylidene)oxonium,CC(C)=[O+][O-],-3.6974,0.2247,True
OCCO,LYCAIKOWRPUZTN-UHFFFAOYSA-N,C2H6O2,4,atct,0,107-21-1*0,Ethylene glycol,OCCO,-93.0402,0.0956,True
O=C(O)C(=O)O,MUBZPKHOEPUJKR-UHFFFAOYSA-N,C2H2O4,6,atct,0,144-62-7*0,Oxalic acid,C(=O)(C(=O)O)O,-174.8566,0.2868,True
C1=CCCCCC1,ZXIJMRYMVAMXQP-UHFFFAOYSA-N,C7H12,7,atct,0,628-92-2*0,Cycloheptene,C1CCC=CCC1,-2.0698,0.1769,True
COc1ccccc1,RDOXTESZEPMUJZ-UHFFFAOYSA-N,C7H8O,8,atct,0,100-66-3*0,Anisole,c1ccccc1OC,-16.9264,0.1506,True
O=Nc1ccccc1,NLRKCXQQSUWLCH-UHFFFAOYSA-N,C6H5NO,8,atct,0,586-96-9*0,Nitrosobenzene,c1ccc(cc1)N=O,47.8011,0.2868,True
CC[N+](=O)[O-],MCSAJNNLRCFZED-UHFFFAOYSA-N,C2H5NO2,5,atct,0,79-24-3*0,Nitroethane,CC[N+](=O)[O-],-24.5578,0.1482,True
CCC(C)=O,ZWEHNKRNPOVVGH-UHFFFAOYSA-N,C4H8O,5,atct,0,78-93-3*0,2-Butanone,CCC(=O)C,-56.9527,0.1888,True
CC1C=CC=C1,QVRBGKYLLCLCHL-UHFFFAOYSA-N,C6H8,6,atct,0,96-38-8*0,"5-Methyl-1,3-cyclopentadiene",CC1C=CC=C1,26.5535,0.3346,True
C#CCC#CC,NJXXWBJAOFKNIR-UHFFFAOYSA-N,C6H6,6,atct,0,10420-91-4*0,"1,4-Hexadiyne",CC#CCC#C,99.1396,0.2868,True
C=C=C=C=CC,JNUKOTUICJZAIB-UHFFFAOYSA-N,C6H6,6,atct,0,177856-38-1*0,"1,2,3,4-Hexatetraene",C=C=C=C=CC,100.4063,0.3585,True
C=C=C=C=C,UNSWNZFTRPSXHQ-UHFFFAOYSA-N,C5H4,5,atct,0,21986-03-8*0,Pentatetraene,C=C=C=C=C,107.2180,0.2223,True
O=C1OO1,NPDDCAZCWJWIBW-UHFFFAOYSA-N,CO3,4,atct,0,94660-13-6*0,3-Dioxiranone,O=C1OO1,-38.8862,0.3585,True
C1COOO1,MAAKQSASDHJHIR-UHFFFAOYSA-N,C2H4O3,5,atct,0,6669-36-9*0,"1,2,3-Trioxolane",O1OCCO1,-5.5688,0.3585,True
CCCCCCCCC,BKIMMITUMNQMOS-UHFFFAOYSA-N,C9H20,9,atct,0,111-84-2*0,n-Nonane,CCCCCCCCC,-54.5076,0.1147,True
CC1OO1,NOZLREUTKGWBPY-UHFFFAOYSA-N,C2H4O2,4,atct,0,70308-85-9*0,Methyldioxirane,CC1OO1,-12.9971,0.2175,True
C1=NN1,KFJGTWZIOKFALT-UHFFFAOYSA-N,CH2N2,3,atct,0,157-23-3*0,1H-Diazirene,C1=NN1,95.1482,0.3346,True
c1ccccc#1,KLYCPFXDDDMZNQ-UHFFFAOYSA-N,C6H4,6,atct,0,462-80-6*0,o-Benzyne,C1=CC#CC=C1,109.7729,0.2032,True
C1CCCCCC1,DMEGYFMYUHOHGS-UHFFFAOYSA-N,C7H14,7,atct,0,291-64-5*0,Cycloheptane,C1CCCCCC1,-28.1788,0.1243,True
CC#CO,FWLKYEAOOIPJRL-UHFFFAOYSA-N,C3H4O,4,atct,0,6175-54-8*0,Propyn-1-ol,CC#CO,13.7189,0.2629,True
O=c1cc1,GGRQLKPIJPFWEZ-UHFFFAOYSA-N,C3H2O,4,atct,0,2961-80-0*0,2-Cyclopropen-1-one,O=C1C=C1,38.2409,0.2629,True
C1=CC2C3C1C23,VMQPMGHYRISRHO-UHFFFAOYSA-N,C6H6,6,atct,0,659-85-8*0,Benzvalene,C1=CC2C3C1C23,92.4235,0.2868,True
C#CC=C=C,FPCAUUABCRPODB-UHFFFAOYSA-N,C5H4,5,atct,0,33555-85-0*0,"1,2-Pentadien-4-yne",C#CC=C=C,104.3642,0.2318,True
Nc1ccccc1,PAYRUJLWNCNPSJ-UHFFFAOYSA-N,C6H7N,7,atct,0,62-53-3*0,Aniline,c1ccc(cc1)N,20.7505,0.1721,True
O=C(O)O,BVKZGUZCCUSVTD-UHFFFAOYSA-N,CH2O3,4,atct,0,463-79-6*0,Carbonic acid,OC(=O)O,-146.1663,0.1315,True
CCC(C)(C)C,HNRMPXKDFBEGFZ-UHFFFAOYSA-N,C6H14,6,atct,0,75-83-2*0,"2,2-Dimethylbutane",CCC(C)(C)C,-44.3858,0.1793,True
CCCCCCCCCC,DIOQZVSQGTUSAI-UHFFFAOYSA-N,C10H22,10,atct,0,124-18-5*0,n-Decane,CCCCCCCCCC,-59.5244,0.1793,True
O=CC=O,LEQAOMBKQFMDFZ-UHFFFAOYSA-N,C2H2O2,4,atct,0,107-22-2*0,Glyoxal,O=CC=O,-51.0038,0.1315,True
[C-]#[N+]N,DOIJUTUOUQGQPQ-UHFFFAOYSA-N,CH2N2,3,atct,0,4702-38-9*0,Isocyanamide,N[N+]#[C-],77.1033,0.3585,True
C1=CC2=CC=CC2=C1,GUVXZFRDPCKWEM-UHFFFAOYSA-N,C8H6,8,atct,0,250-25-9*0,Pentalene,C1=CC2=CC=CC2=C1,89.2925,0.3346,True
O=[N+]([O-])c1ccccc1,LQNUZADURLCDLV-UHFFFAOYSA-N,C6H5NO2,9,atct,0,98-95-3*0,Nitrobenzene,c1ccc(cc1)[N+](=O)[O-],14.9379,0.3107,True
O=C1CC1,VBBRYJMZLIYUJQ-UHFFFAOYSA-N,C3H4O,4,atct,0,5009-27-8*0,Cyclopropanone,O=C1CC1,4.5913,0.2294,True
O=C=C=O,FONOSWYYBCBQGN-UHFFFAOYSA-N,C2O2,4,atct,0,4363-38-6*0,Ethenedione,O=C=C=O,4.0631,0.2868,True
N=c1cc1,GDCWKHRALXKCRI-UHFFFAOYSA-N,C3H3N,4,atct,0,31589-17-0*0,2-Cyclopropen-1-imine,C1=CC1=N,94.2161,0.3346,True
C12C3C1C1C2C31,RCJOMOPNGOSMJU-UHFFFAOYSA-N,C6H6,6,atct,0,650-42-0*0,Triprismane,C12C3C1C4C2C34,133.0545,0.3107,True
C#CCC#C,MDROPVLMRLHTDK-UHFFFAOYSA-N,C5H4,5,atct,0,24442-69-1*0,"1,4-Pentadiyne",C#CCC#C,108.6520,0.2629,True
c1ccc(-c2ccccc2)cc1,ZUOUZKKEUPVFJK-UHFFFAOYSA-N,C12H10,12,atct,0,92-52-4*0,Biphenyl,c1ccccc1c2ccccc2,42.7342,0.2629,True
C#CO,QFXZANXYUCUTQH-UHFFFAOYSA-N,C2H2O,3,atct,0,32038-79-2*0,Ethynol,C#CO,22.1845,0.1745,True
CC1(C)OO1,FFHWGQQFANVOHV-UHFFFAOYSA-N,C3H6O2,5,atct,0,74087-85-7*0,Dimethyldioxirane,CC1(C)OO1,-25.8126,0.3107,True
N=C=N,VPKDCDLSJZCGKE-UHFFFAOYSA-N,CH2N2,3,atct,0,151-51-9*0,Methanediimine,N=C=N,35.0143,0.3107,True
Cc1cccc(C=O)c1C,UIFVCPMLQXKEEU-UHFFFAOYSA-N,C9H10O,10,atct,0,5779-93-1*0,"2,3-Dimethylbenzaldehyde",Cc1c(C)cccc1C=O,-22.3948,0.5736,True
CC(=O)C(C)=O,QSJXEFYPDANLFS-UHFFFAOYSA-N,C4H6O2,6,atct,0,431-03-8*0,"2,3-Butanedione",CC(=O)C(=O)C,-78.2075,0.1482,True
CC(C)=C=O,VDOKWPVSGXHSNP-UHFFFAOYSA-N,C4H6O,5,atct,0,598-26-5*0,Dimethylketene,CC(=C=O)C,-21.0803,0.2868,True
C1=CN=C1,LKSPYOVNNMPMIZ-UHFFFAOYSA-N,C3H3N,4,atct,0,287-24-1*0,Azete,C1=CN=C1,110.2772,0.3585,True
O=C=C1C=CC=C1,TYMWDZKTHYZJBV-UHFFFAOYSA-N,C6H4O,7,atct,0,4727-22-4*0,Fulvenone,O=C=C1C=CC=C1,25.5975,0.3824,True
C=C=C=CC,WWQAGDWTJOKFQB-UHFFFAOYSA-N,C5H6,5,atct,0,62018-46-6*0,"1,2,3-Pentatriene",C=C=C=CC,69.4073,0.3346,True
c1ccc2cc3ccccc3cc2c1,MWPLVEDNUUSJAV-UHFFFAOYSA-N,C14H10,14,atct,0,120-12-7*0,Anthracene,c1ccc2cc3ccccc3cc2c1,54.1754,0.2103,True
CCCC(C)C,AFABGHUZZDYHJO-UHFFFAOYSA-N,C6H14,6,atct,0,107-83-5*0,2-Methylpentane,CCCC(C)C,-41.5201,0.1745,True
CCC(C)CC,PFEOZHBOMNWTJB-UHFFFAOYSA-N,C6H14,6,atct,0,96-14-0*0,3-Methylpentane,CCC(C)CC,-40.9704,0.1816,True
CC(C)C(C)C,ZFFMLCVRJBZUDZ-UHFFFAOYSA-N,C6H14,6,atct,0,79-29-8*0,"2,3-Dimethylbutane",CC(C)C(C)C,-42.4450,0.1936,True
C=CCCC=C,PYGSKMBEVAICCR-UHFFFAOYSA-N,C6H10,6,atct,0,592-42-7*0,"1,5-Hexadiene",C=CCCC=C,20.0550,0.0932,True
OCO,CKFGINPQOCXMAZ-UHFFFAOYSA-N,CH4O2,3,atct,0,463-57-0*0,Methanediol,C(O)O,-93.5899,0.1482,True
OC#CO,ZUQAPLKKNAQJAU-UHFFFAOYSA-N,C2H2O2,4,atct,0,16005-17-7*0,Ethynediol,OC#CO,-5.2820,0.3824,True
[C-]#[N+][N+]#[C-],PBONCSGLBNLRPG-UHFFFAOYSA-N,C2N2,4,atct,0,78800-21-2*0,Diisocyanogen,[C-]#[N+][N+]#[C-],146.5583,0.4063,True
CCON=O,QQZWEECEMNQSTG-UHFFFAOYSA-N,C2H5NO2,5,atct,0,109-95-5*0,Ethyl nitrite,CCON=O,-23.2624,0.2055,True
C1NO1,SJGALSBBFTYSBA-UHFFFAOYSA-N,CH3NO,3,atct,0,6827-26-5*0,Oxaziridine,C1NO1,24.8088,0.5019,True
C=C1C=N1,YQYDQJTYEKGIOO-UHFFFAOYSA-N,C3H3N,4,atct,0,110027-86-6*0,2-Methylene-2H-azirine,C1=NC1=C,94.8853,0.4063,True
CCCC=O,ZTQSAGDEMFDKMZ-UHFFFAOYSA-N,C4H8O,5,atct,0,123-72-8*0,Butyraldehyde,CCCC=O,-49.1491,0.2032,True
CC1CCCC1,GDOPTJXRTPNYNR-UHFFFAOYSA-N,C6H12,6,atct,0,96-37-7*0,Methylcyclopentane,CC1CCCC1,-25.3633,0.0860,True
C#C/C=C/C=C,OGWJYLKDZYZYBA-AATRIKPKSA-N,C6H6,6,atct,0,5222-77-5*0,"(3E)-1,3-Hexadien-5-yne",C=C/C=C/C#C,82.8394,0.4541,True
C1=CC=CCC=1,QJJOAYUATFWLKY-UHFFFAOYSA-N,C6H6,6,atct,0,124869-33-6*0,"1,2,4-Cyclohexatriene",C1C=CC=C=C1,96.4627,0.4780,True
CC(C)(C)N,YBRBMKDOPFTVDT-UHFFFAOYSA-N,C4H11N,5,atct,0,75-64-9*0,2-Methyl-2-propanamine,CC(C)(C)N,-28.8384,0.1315,True
O=C(c1ccccc1)c1ccccc1,RWCCWEUUXYIKHB-UHFFFAOYSA-N,C13H10O,14,atct,0,119-61-9*0,Benzophenone,c1ccccc1C(=O)c1ccccc1,12.3088,0.3585,True
CC=N,MPAYEWNVIPXRDP-UHFFFAOYSA-N,C2H5N,3,atct,0,56003-82-8*0,(1Z)-Ethanimine,CC=N,10.5641,0.3346,True
[C-]#[N+]C#N,NHFDIUPJVYYTLG-UHFFFAOYSA-N,C2N2,4,atct,0,83951-85-3*0,Isocyanogen,[C-]#[N+]C#N,99.0440,0.3107,True
C1=COC1,CRYATLIDHPPXDV-UHFFFAOYSA-N,C3H4O,4,atct,0,287-25-2*0,2H-Oxete,O1C=CC1,12.7390,0.2868,True
C1=C2CC12,URDZMVZWPCLMJT-UHFFFAOYSA-N,C4H4,4,atct,0,78525-41-4*0,Bicyclo[1.1.0]but-3-ene,C12=CC2C1,113.3365,0.3824,True
C1C2=C1C2,JTVNFJINIGKHAV-UHFFFAOYSA-N,C4H4,4,atct,0,58208-49-4*0,Bicyclo[1.1.0]but-1(3)-ene,C1C2=C1C2,136.3289,0.4541,True
N#CN=[N+]=[N-],KWEDUNSJJZVRKR-UHFFFAOYSA-N,CN4,5,atct,0,764-05-6*0,Cyanic azide,N#CN=[N+]=[N-],119.1205,0.4541,True
OOc1ccccc1,JYINMLPNDRBKKZ-UHFFFAOYSA-N,C6H6O2,8,atct,0,36112-26-2*0,Phenyl hydroperoxide,c1ccc(cc1)OO,-1.2428,0.5019,True
C=CC=CC=C,AFVDZBIIBXWASR-UHFFFAOYSA-N,C6H8,6,atct,0,821-07-8*0,"trans-1,3,5-Hexatriene",C=CC=CC=C,39.2447,0.5736,True
C1=CC2C=CC12,CTLSARLLLBZBRV-UHFFFAOYSA-N,C6H6,6,atct,0,5649-95-6*0,Dewar benzene,C1=CC2C1C=C2,96.8212,0.4063,True
C=C=CC#CC,CIWKSGZHZBRQFA-UHFFFAOYSA-N,C6H6,6,atct,0,34783-10-3*0,"1,2-Hexadien-4-yne",C=C=CC#CC,95.0048,0.4063,True
C1=CCCCC1,HGCIXCUEYOPUTN-UHFFFAOYSA-N,C6H10,6,atct,0,110-83-8*0,Cyclohexene,C1CCC=CC1,-1.0253,0.0765,True
C#CC(C)C#C,IIRXCFIWJAELDL-UHFFFAOYSA-N,C6H6,6,atct,0,57242-04-3*0,"3-Methyl-1,4-pentadiyne",C#CC(C)C#C,102.2228,0.3824,True
C(#Cc1ccccc1)c1ccccc1,JRXXLCKWQFKACW-UHFFFAOYSA-N,C14H10,14,atct,0,501-65-5*0,Diphenylacetylene,c1ccc(cc1)C#Cc2ccccc2,97.3470,0.2868,True
O=C(O)c1ccccc1,WPYMKLBDIGXBTP-UHFFFAOYSA-N,C7H6O2,9,atct,0,65-85-0*0,Benzoic acid,c1ccc(cc1)C(=O)O,-70.3011,0.0454,True
CC(C)(C)O,DKGAVHZHDRPRBM-UHFFFAOYSA-N,C4H10O,5,atct,0,75-65-0*0,2-Methyl-2-propanol,CC(C)(C)O,-74.5937,0.4541,True
CO.CO,COTNUBDHGSIOTA-UHFFFAOYSA-N,C2H8O2,4,atct,0,42845-44-3*0,Methanol dimer,CO.CO,-100.1434,0.3346,True
[CH-]=[N+]=N,XILSUYCQFZFDIK-UHFFFAOYSA-N,CH2N2,3,atct,0,24153-51-3*0,Methylenediazeniumide,[CH-]=[N+]=N,88.1214,0.4541,True
[C-]#[N+]c1ccccc1,RCIBIGQXGCBBCT-UHFFFAOYSA-N,C7H5N,8,atct,0,931-54-4*0,Isocyanobenzene,c1ccc(cc1)[N+]#[C-],73.3987,0.4063,True
C1=c2ccccc2=CC1,BQTJMKIHKULPCZ-UHFFFAOYSA-N,C9H8,9,atct,0,270-53-1*0,Isoindene,c1cccc2c1=CCC=2,58.9149,0.4541,True
C=C(O)c1ccccc1,VEIIEWOTAHXGKS-UHFFFAOYSA-N,C8H8O,9,atct,0,4383-15-7*0,1-Phenylethenol,c1ccc(cc1)C(O)=C,-7.7677,0.4780,True
O=C(O)CCC(=O)O,KDYFGRWQOYBRFD-UHFFFAOYSA-N,C4H6O4,8,atct,0,110-15-6*0,Succinic acid,OC(=O)CCC(=O)O,-196.7734,0.6453,True
C=C1C(=C)C1=C,UPWZWQGQRNPKTE-UHFFFAOYSA-N,C6H6,6,atct,0,3227-90-5*0,Trimethylenecyclopropane,C=C1C(=C)C1=C,105.4971,0.4302,True
C=C1C=CC1=C,WHCRVRGGFVUMOK-UHFFFAOYSA-N,C6H6,6,atct,0,5291-90-7*0,"3,4-Bis(methylene)cyclobutene",C=C1C=CC1=C,81.5010,0.4302,True
C#CC1=CCC1,IOLBCXKHPWXHEC-UHFFFAOYSA-N,C6H6,6,atct,0,813466-25-0*0,1-Ethynylcyclobutene,C1CC=C1C#C,92.7342,0.4302,True
C#CC(C)=C=C,UMNMXUAQAZBYMT-UHFFFAOYSA-N,C6H6,6,atct,0,813466-14-7*0,"3-Methyl-1,2-pentadien-4-yne",C=C=C(C)C#C,96.4388,0.5258,True
[C-]#CC#C[CH2+],RKOOMBNWEBDZSV-UHFFFAOYSA-N,C5H2,5,atct,0,117992-81-1*0,"1,3-Pentadiyne-1.5-diyl",[CH2+]C#CC#[C-],188.1692,0.5019,True
COC(C)=O,KXKVLQRXCPHEJC-UHFFFAOYSA-N,C3H6O2,5,atct,0,79-20-9*0,Methyl acetate,CC(=O)OC,-98.7094,0.1338,True
COC=O,TZIHFWKZFHZASV-UHFFFAOYSA-N,C2H4O2,4,atct,0,107-31-3*0,Methyl formate,COC=O,-86.0110,0.1458,True
CCOC=O,WBJINCZRORDGAQ-UHFFFAOYSA-N,C3H6O2,5,atct,0,109-94-4*0,Ethyl formate,C(=O)OCC,-94.0966,0.2390,True
CCC(=O)O,XBDQKXXYIPTUBI-UHFFFAOYSA-N,C3H6O2,5,atct,0,79-09-4*0,Propionic acid,CCC(=O)O,-108.4297,0.1434,True
C=CC=O,HGINCPLSRVDWNT-UHFFFAOYSA-N,C3H4O,4,atct,0,107-02-8*0,Acrolein,C=CC=O,-15.5856,0.1530,True
COC(=O)OC,IEJIGPNLZYLLBP-UHFFFAOYSA-N,C3H6O3,6,atct,0,616-38-6*0,Dimethyl carbonate,COC(=O)OC,-136.3432,0.0884,True
COC(=O)O,CXHHBNMLPJOKQD-UHFFFAOYSA-N,C2H4O3,5,atct,0,7456-87-3*0,Methyl hydrocarbonate,C(=O)(O)OC,-141.4436,0.2079,True
C1=CCC=1,JIKYCIMJXFEQPG-UHFFFAOYSA-N,C4H4,4,atct,0,50682-90-1*0,"1,2-Cyclobutadiene",C1C=C=C1,138.4799,0.5258,True
C1OCOO1,RZYIPLSVRHWROD-UHFFFAOYSA-N,C2H4O3,5,atct,0,289-14-5*0,"1,2,4-Trioxolane",O1COOC1,-53.2505,0.5019,True
C1=CC2CC2=C1,DKAYNMHLFXEGPT-UHFFFAOYSA-N,C6H6,6,atct,0,28425-23-2*0,"Bicyclo[3.1.0]hexa-1,3-diene",C12CC1=CC=C2,93.4273,0.5258,True
C=C=C1C=CC1,FLPDORWCAUCCTA-UHFFFAOYSA-N,C6H6,6,atct,0,813466-23-8*0,3-Ethenylidenecyclobutene,C=C=C1C=CC1,93.8098,0.5497,True
C#CC=C=CC,VMRKZAFMOUOBOM-UHFFFAOYSA-N,C6H6,6,atct,0,194024-51-6*0,"3,4-Hexadien-1-yne",C#CC=C=CC,97.3948,0.6214,True
C#CC1C=CC1,OWLYIXSTMANMPO-UHFFFAOYSA-N,C6H6,6,atct,0,175090-90-1*0,3-Ethynylcyclobutene,C#CC1C=CC1,97.3709,0.5736,True
C12C3C4C1C234,ICZKBCPBVASHJN-UHFFFAOYSA-N,C5H4,5,atct,0,66202-79-7*0,Pyramidane,C12C3C4C1C234,141.9455,0.5497,True
C1=CC12C=C2,JXGJFWLYGSVFBS-UHFFFAOYSA-N,C5H4,5,atct,0,1727-65-7*0,Spiropentadiene,C1=CC12C=C2,154.0631,0.5497,True
c1ccc(CCc2ccccc2)cc1,QWUWMCYKGHVNAV-UHFFFAOYSA-N,C14H14,14,atct,0,103-29-7*0,"1,2-Diphenylethane",c1ccccc1CCc2ccccc2,33.9914,0.1816,True
O=CCO,WGCNASOHLSPBMP-UHFFFAOYSA-N,C2H4O2,4,atct,0,141-46-8*0,Glycolaldehyde,C(=O)CO,-75.8437,0.2127,True
C=C(C)O,NARVIWMVBMUEOG-UHFFFAOYSA-N,C3H6O,4,atct,0,29456-04-0*0,Acetone enol,C=C(O)C,-40.1697,0.1625,True
CCCON=O,KAOQVXHBVNKNHA-UHFFFAOYSA-N,C3H7NO2,6,atct,0,543-67-9*0,Propyl nitrite,CCCON=O,-28.2744,0.4063,True
CC=N,MPAYEWNVIPXRDP-UHFFFAOYSA-N,C2H5N,3,atct,0,20729-41-3*0,Ethanimine,CC=N,9.8423,0.1721,True
CNC(=O)O,UFEJKYYYVXYMMS-UHFFFAOYSA-N,C2H5NO2,5,atct,0,6414-57-9*0,Methylcarbamic acid,CNC(=O)O,-103.4273,0.2199,True
NC(=O)O,KXDHJXZQYSOELW-UHFFFAOYSA-N,CH3NO2,4,atct,0,463-77-4*0,Carbamic acid,NC(=O)O,-103.9771,0.1984,True
CC(C)CC(C)(C)C,NHTMVDHEPJAVLT-UHFFFAOYSA-N,C8H18,8,atct,0,540-84-1*0,"2,2,4-Trimethylpentane",CC(C)CC(C)(C)C,-53.4178,0.3585,True
C=CC(C)=O,FUSUHKVFWTUUBE-UHFFFAOYSA-N,C4H6O,5,atct,0,78-94-4*0,3-Buten-2-one,CC(=O)C=C,-26.4890,0.2032,True
C=CC(=C)O,DYBUYNXFWDRGMW-UHFFFAOYSA-N,C4H6O,5,atct,0,59120-04-6*0,"1,3-Butadien-2-ol",C=C(O)C=C,-16.3002,0.3585,True
N=C(N)O,XSQUKJJJFZCRTK-UHFFFAOYSA-N,CH4N2O,4,atct,0,4744-36-9*0,Isourea,NC(=N)O,-41.2763,0.6214,True
N=CO,ZHNUHDYFZUAESO-UHFFFAOYSA-N,CH3NO,3,atct,0,60100-09-6*0,Formamide enol,N=CO,-33.8432,0.3107,True
C=NO,SQDFHQJTAWCFIB-UHFFFAOYSA-N,CH3NO,3,atct,0,75-17-2*0,Formaldoxime,C=NO,4.7801,0.3107,True
C1=CO1,BJEYNNFDAPPGST-UHFFFAOYSA-N,C2H2O,3,atct,0,157-18-6*0,Oxirene,C1=CO1,64.5961,0.1434,True
C1C23CC12C3,ZTXSPLGEGCABFL-UHFFFAOYSA-N,C5H6,5,atct,0,35634-10-7*0,[1.1.1]Propellane,C1C23CC13C2,86.2811,0.3585,True
C=CC1C=CC=C1,NIZYPQPOJRRFOA-UHFFFAOYSA-N,C7H8,7,atct,0,29647-85-6*0,"5-Ethenyl-1,3-cyclopentadiene",C=CC1C=CC=C1,51.6969,0.3346,True
C=CC=CC=C,AFVDZBIIBXWASR-UHFFFAOYSA-N,C6H8,6,atct,0,2612-46-6*0,"cis-1,3,5-Hexatriene",C=CC=CC=C,40.7744,0.6931,True
C=C(O)OC,ZDNJYCQSGYLNJQ-UHFFFAOYSA-N,C3H6O2,5,atct,0,4453-91-2*0,1-Methoxyethenol,C=C(O)OC,-72.3470,0.2629,True
C#CC=CC=C,OGWJYLKDZYZYBA-UHFFFAOYSA-N,C6H6,6,atct,0,10420-90-3*0,Butadienylacetylene,C=CC=CC#C,82.7916,0.4541,True
C#C/C=C\C=C,OGWJYLKDZYZYBA-WAYWQWQTSA-N,C6H6,6,atct,0,5222-76-4*0,"(3Z)-1,3-Hexadien-5-yne",C=C/C=C\C#C,82.7677,0.5975,True
C=CC#CC=C,AUBDSFLQOBEOPX-UHFFFAOYSA-N,C6H6,6,atct,0,821-08-9*0,Divinylacetylene,C=CC#CC=C,83.8432,0.4541,True
C=C=CC=C=C,ROAKNVNVSBKPLL-UHFFFAOYSA-N,C6H6,6,atct,0,29776-96-3*0,Biallenyl,C=C=CC=C=C,95.5067,0.3585,True
C#CCC=C=C,BIFVSVOAVBNUKC-UHFFFAOYSA-N,C6H6,6,atct,0,33142-15-3*0,Propargylallene,C=C=CCC#C,100.4063,0.3346,True
C#CC(=C)C=C,MDCQHVMMIFCHAK-UHFFFAOYSA-N,C6H6,6,atct,0,6929-96-0*0,3-Methylene-1-penten-4-yne,C=CC(=C)C#C,83.7237,0.5258,True
C=C=C=CC=C,BDNQWNOANNMPAQ-UHFFFAOYSA-N,C6H6,6,atct,0,60239-33-0*0,"1,2,3,5-Hexatetraene",C=C=C=CC=C,90.9178,0.3824,True
CC(=O)CO,XLSMFKSTNGKWQX-UHFFFAOYSA-N,C3H6O2,5,atct,0,116-09-6*0,1-Hydroxy-2-propanone,CC(=O)CO,-89.3260,0.1984,True
C=CO,IMROMDMJAWUWLK-UHFFFAOYSA-N,C2H4O,3,atct,0,557-75-5*0,Ethenol,C=CO,-29.5483,0.0884,True
C=C(O)CO,KJSCNRSIKJGFHN-UHFFFAOYSA-N,C3H6O2,5,atct,0,44169-27-9*0,"2-Propene-1,2-diol",C=C(O)CO,-75.1434,0.2868,True
CC=[O+][O-],OATRENYCMVOEIQ-UHFFFAOYSA-N,C2H4O2,4,atct,0,68941-70-8*0,2-Ethylidenedioxidan-2-ium-1-ide,CC=[O+][O-],9.0416,0.1291,True
C=COO,IEZWOVIWXFLQTP-UHFFFAOYSA-N,C2H4O2,4,atct,0,66998-78-5*0,Vinyl hydroperoxide,C=COO,-8.7978,0.1649,True
C=C=C1C=CC=C1,JGLLKZLRFYVZTG-UHFFFAOYSA-N,C7H6,7,atct,0,27041-32-3*0,Fulvenallene,C=C=C1C=CC=C1,84.7036,0.2629,True
c1ccc2c(c1)C2,AMSMVCOBCOZLEE-UHFFFAOYSA-N,C7H6,7,atct,0,4646-69-9*0,Benzocyclopropene,c1cc2c(cc1)C2,90.7266,0.3585,True
C1=CC=CC=CC=1,QCGSIOBRVKSPBW-UHFFFAOYSA-N,C7H6,7,atct,0,52783-93-4*0,Cycloheptatetraene,C=1=CC=CC=CC1,96.3432,0.3107,True
C=C(O)O,LONYOMRPNGXPGP-UHFFFAOYSA-N,C2H4O2,4,atct,0,10375-04-9*0,"1,1-Ethenediol",C=C(O)O,-76.4938,0.1960,True
O=COO,SCKXCAADGDQQCS-UHFFFAOYSA-N,CH2O3,4,atct,0,107-32-4*0,Peroxyformic acid,C(=O)OO,-68.9149,0.1506,True
C1=C=C=1,YFIWEVIZVZPDMO-UHFFFAOYSA-N,C3,3,atct,0,102508-15-6*0,2-Cyclopropyn-1-ylidene,C1=C=C=1,216.3719,0.3585,True
C1=CCCCCC1,ZXIJMRYMVAMXQP-UHFFFAOYSA-N,C7H12,7,atct,0,45509-99-7*0,trans-Cycloheptene,C1CCC=CCC1,24.8327,0.4541,True
C=COC,XJRBAMWJDBPFIM-UHFFFAOYSA-N,C3H6O,4,atct,0,107-25-5*0,Methoxyethene,C=COC,-25.4780,0.2629,True
C=COCC,FJKIXWOMBXYWOQ-UHFFFAOYSA-N,C4H8O,5,atct,0,109-92-2*0,Ethoxyethene,C=COCC,-32.5526,0.3585,True
CCC(C)O,BTANRVKWQNVYAZ-UHFFFAOYSA-N,C4H10O,5,rmg:CCCBDB,2,(R)-(-)-2-Butanol,(R)-(-)-2-Butanol,CCC(C)O,-69.9570,0.0717,True
CC=CCC,QMMOXUPEWRXHJS-UHFFFAOYSA-N,C5H10,5,rmg:CCCBDB,2,(Z)-2-Pentene,(Z)-2-Pentene,CC=CCC,-6.2859,0.2008,True
C=CCC,VXNZUUAINFGPBY-UHFFFAOYSA-N,C4H8,4,rmg:ATcT,1,1-Butene,1-Butene,C=CCC,-0.0215,0.0908,True
C#CCC,KDKYADYSIPSCCQ-UHFFFAOYSA-N,C4H6,4,rmg:ATcT,1,1-Butyne,1-Butyne,C#CCC,39.6200,0.1601,True
Cn1cccc1,OXHNLMTVIGZXSG-UHFFFAOYSA-N,C5H7N,6,rmg:CCCBDB,2,1-Methyl-1H-Pyrrole,1-Methyl-1H-Pyrrole,Cn1cccc1,24.6511,0.1291,True
CC1=CCCC1,ATQUFXWBVZUTKO-UHFFFAOYSA-N,C6H10,6,rmg:CCCBDB,2,1-Methylcyclopentene,1-Methylcyclopentene,CC1=CCCC1,-0.8604,0.1793,True
CCCCCO,AMQJEAYHLZJPGS-UHFFFAOYSA-N,C5H12O,6,rmg:CCCBDB,2,1-Pentanol,1-Pentanol,CCCCCO,-70.6573,0.1769,True
CCCO,BDERNNFJNOPAEC-UHFFFAOYSA-N,C3H8O,4,rmg:ATcT,1,1-Propanol,1-Propanol,CCCO,-61.0134,0.0598,True
COC(C)OC,SPEUIVXLLWOEMJ-UHFFFAOYSA-N,C4H10O2,6,rmg:CCCBDB,2,11-Dimethoxyethane,11-Dimethoxyethane,COC(C)OC,-93.1501,0.1888,True
C=C=CC,QNRMTGGDHLBXQZ-UHFFFAOYSA-N,C4H6,4,rmg:CCCBDB,2,12-Butadiene,12-Butadiene,C=C=CC,38.7906,0.1434,True
CCC(N)CN,ULEAQRIQMIQDPJ-UHFFFAOYSA-N,C4H12N2,6,rmg:CCCBDB,2,12-Butanediamine,12-Butanediamine,CCC(CN)N,-17.5789,0.2008,True
CC(N)CN,AOHJOMMDDJHIJH-UHFFFAOYSA-N,C3H10N2,5,rmg:CCCBDB,2,12-Diaminopropane,12-Diaminopropane,NCC(N)C,-12.8298,0.1099,True
COCCOC,XTHFKEDIFFGKHM-UHFFFAOYSA-N,C4H10O2,6,rmg:CCCBDB,2,12-Dimethoxyethane,12-Dimethoxyethane,COCCOC,-81.9312,0.1673,True
C=CC=C,KAKZBPTYRLMSJV-UHFFFAOYSA-N,C4H6,4,rmg:ATcT,1,13-Butadiene,13-Butadiene,C=CC=C,26.4269,0.0956,True
C#CC#C,LLCSWKVOHICRDD-UHFFFAOYSA-N,C4H2,4,rmg:ATcT,1,13-Butadiyne,13-Butadiyne,C#CC#C,109.9594,0.1960,True
c1ncncn1,JIHQDMXYYFUGFV-UHFFFAOYSA-N,C3H3N3,6,rmg:CCCBDB,2,135-Triazine,135-Triazine,n1cncnc1,53.9842,0.2127,True
C1OCOCO1,BGJSXRVXTHVRSN-UHFFFAOYSA-N,C3H6O3,6,rmg:CCCBDB,2,135-Trioxane,135-Trioxane,C1OCOCO1,-111.3193,0.1195,True
C1COCCO1,RYHBNJHYFVUHQT-UHFFFAOYSA-N,C4H8O2,6,rmg:CCCBDB,2,14-Dioxane,14-Dioxane,C1COCCO1,-75.3585,0.1912,True
C=CCCC=C,PYGSKMBEVAICCR-UHFFFAOYSA-N,C6H10,6,rmg:ATcT,1,15-Hexadiene,15-Hexadiene,C=CCCC=C,20.0167,0.0956,True
c1nc[nH]n1,NSPMIYGKQJPBQR-UHFFFAOYSA-N,C2H3N3,5,rmg:CCCBDB,2,1H-124-Triazole,1H-124-Triazole,c1ncn[nH]1,46.0564,0.1912,True
c1c[nH]cn1,RAXXELZNTBOGNW-UHFFFAOYSA-N,C3H4N2,5,rmg:CCCBDB,2,1H-Imidazole,1H-Imidazole,c1ncc[nH]1,31.7639,0.1434,True
c1cn[nH]c1,WTKZEGDFNFYCGP-UHFFFAOYSA-N,C3H4N2,5,rmg:CCCBDB,2,1H-Pyrazole,1H-Pyrazole,c1ccn[nH]1,42.8776,0.1912,True
CC#CC,XNMQEEKYCVKGBD-UHFFFAOYSA-N,C4H6,4,rmg:ATcT,1,2-Butyne,2-Butyne,CC#CC,34.8924,0.1410,True
N#CC#CC#N,ZEHZNAXXOOYTJM-UHFFFAOYSA-N,C4N2,6,rmg:CCCBDB,2,2-Butynedinitrile,2-Butynedinitrile,N#CC#CC#N,127.5000,0.1912,True
COC(C)C,RMGHERXMTMUMMV-UHFFFAOYSA-N,C4H10O,5,rmg:CCCBDB,2,2-Methoxypropane,2-Methoxypropane,COC(C)C,-60.2390,0.2294,True
CC(C)CN,KDSNLYIMUZNERS-UHFFFAOYSA-N,C4H11N,5,rmg:CCCBDB,2,2-Methyl-1-propanamine,2-Methyl-1-propanamine,NCC(C)C,-23.5707,0.1291,True
CC(C)CO,ZXEKIIBDNHEJCQ-UHFFFAOYSA-N,C4H10O,5,rmg:CCCBDB,2,2-Methyl-1-propanol,2-Methyl-1-propanol,CC(C)CO,-67.8298,0.2151,True
CC(C)(N)CN,OPCJOXGBLDJWRM-UHFFFAOYSA-N,C4H12N2,6,rmg:CCCBDB,2,2-Methyl-12-propanediamine,2-Methyl-12-propanediamine,NCC(N)(C)C,-21.5703,0.1697,True
CC(C)(C)N,YBRBMKDOPFTVDT-UHFFFAOYSA-N,C4H11N,5,rmg:CCCBDB,2,2-Methyl-2-propanamine,2-Methyl-2-propanamine,CC(N)(C)C,-28.8480,0.2008,True
Cn1ncnn1,VRESBNUEIKZECD-UHFFFAOYSA-N,C2H4N4,6,rmg:CCCBDB,2,2-Methyl-2H-tetrazole,2-Methyl-2H-tetrazole,Cn1nncn1,78.4895,0.1673,True
CC(C)C(N)=O,WFKAJVHLWXSISD-UHFFFAOYSA-N,C4H9NO,6,rmg:CCCBDB,2,2-Methylpropanamide,2-Methylpropanamide,CC(C(=O)N)C,-67.5430,0.2151,True
CC(C)O,KFZMGEQAYNKOFK-UHFFFAOYSA-N,C3H8O,4,rmg:ATcT,1,2-Propanol,2-Propanol,CC(C)O,-65.2414,0.0765,True
CC(=O)C(C)=O,QSJXEFYPDANLFS-UHFFFAOYSA-N,C4H6O2,6,rmg:ATcT,1,23-Butanedione,23-Butanedione,CC(=O)C(C)=O,-78.0951,0.1673,True
CC(C)C(C)C,ZFFMLCVRJBZUDZ-UHFFFAOYSA-N,C6H14,6,rmg:CCCBDB,2,23-Dimethylbutane,23-Dimethylbutane,CC(C)C(C)C,-42.4952,0.2390,True
CC(=O)C(C)C,SYBYTAAJFKOIEJ-UHFFFAOYSA-N,C5H10O,6,rmg:CCCBDB,2,3-Methyl-2-butanone,3-Methyl-2-butanone,CC(=O)C(C)C,-62.7557,0.2079,True
C=C(CC)CC,RYKZRKKEYSRDNF-UHFFFAOYSA-N,C6H12,6,rmg:CCCBDB,2,3-Methylenepentane,3-Methylenepentane,C=C(CC)CC,-13.4011,0.2103,True
Cc1ccon1,CUMCMYMKECWGHO-UHFFFAOYSA-N,C4H5NO,6,rmg:CCCBDB,2,3-Methylisoxazole,3-Methylisoxazole,Cc1ccon1,8.5206,0.1601,True
C1=COCCC1,BUDQDWGNQVEFAC-UHFFFAOYSA-N,C5H8O,6,rmg:CCCBDB,2,34-Dihydro-2H-pyran,34-Dihydro-2H-pyran,C1=COCCC1,-26.9622,0.2151,True
C=C1CC(=O)O1,WASQWSOJHCZDFK-UHFFFAOYSA-N,C4H4O2,6,rmg:CCCBDB,2,4-Methylene-2-oxetanone,4-Methylene-2-oxetanone,C=C1CC(=O)O1,-45.4708,0.1291,True
CC1=NCCO1,GUXJXWKCUUWCLX-UHFFFAOYSA-N,C4H7NO,6,rmg:CCCBDB,2,45-Dihydro-2-methyl-oxazole,45-Dihydro-2-methyl-oxazole,CC1=NCCO1,-31.1807,0.2199,True
Cc1ccno1,AGQOIYCTCOEHGR-UHFFFAOYSA-N,C4H5NO,6,rmg:CCCBDB,2,5-Methylisoxazole,5-Methylisoxazole,Cc1ccno1,8.1405,0.1793,True
CC=O,IKHGUXGNUITLKF-UHFFFAOYSA-N,C2H4O,3,rmg:ATcT,1,Acetaldehyde,Acetaldehyde,CC=O,-39.5411,0.0669,True
CC=NO,FZENGILVLUJGJX-UHFFFAOYSA-N,C2H5NO,4,rmg:CCCBDB,2,Acetaldoxime,Acetaldoxime,CC=NO,-5.3896,0.0693,True
CC(=O)O,QTBSBXVTEAMEQO-UHFFFAOYSA-N,C2H4O2,4,rmg:ATcT,1,Acetic acid,Acetic acid,CC(=O)O,-103.4011,0.1243,True
CC(C)=O,CSCPPACGZOOCGX-UHFFFAOYSA-N,C3H6O,4,rmg:ATcT,1,Acetone,Acetone,CC(C)=O,-51.6850,0.0765,True
C#C,HSFWRNGVRCDJHI-UHFFFAOYSA-N,C2H2,2,rmg:ATcT,1,Acetylene,Acetylene,C#C,54.5578,0.0311,True
C1C2CC3CC1CC(C2)C3,ORILYTVJVMAKLC-UHFFFAOYSA-N,C10H16,10,rmg:Cioslowski,3,Adamantane,Adamantane,C1C2CC3CC1CC(C2)C3,-31.8117,0.3011,True
C=C=C,IYABWNGZIDDRAK-UHFFFAOYSA-N,C3H4,3,rmg:ATcT,1,Allene,Allene,C=C=C,45.3848,0.0621,True
Nc1ccccc1,PAYRUJLWNCNPSJ-UHFFFAOYSA-N,C6H7N,7,rmg:CCCBDB,2,Aniline,Aniline,Nc1ccccc1,20.8007,0.2103,True
COc1ccccc1,RDOXTESZEPMUJZ-UHFFFAOYSA-N,C7H8O,8,rmg:CCCBDB,2,Anisole,Anisole,COC1=CC=CC=C1,-18.3293,0.2199,True
O=Cc1ccccc1,HUMNYLRZRPPJDN-UHFFFAOYSA-N,C7H6O,8,rmg:ATcT,1,Benzaldehyde,Benzaldehyde,O=CC1=CC=CC=C1,-8.8480,0.2199,True
c1ccccc1,UHOVQNZJYSORNB-UHFFFAOYSA-N,C6H6,6,rmg:ATcT,1,Benzene,Benzene,C1=CC=CC=C1,19.8542,0.0550,True
C1C2CC12,LASLVGACQUUOEB-UHFFFAOYSA-N,C4H6,4,rmg:CCCBDB,2,Bicyclo1.1.0butane,Bicyclo1.1.0butane,C1C2CC12,51.9001,0.2008,True
CCCC(N)=O,DNSISZSEWVHGLH-UHFFFAOYSA-N,C4H9NO,6,rmg:CCCBDB,2,Butanamide,Butanamide,CCCC(=O)N,-66.7232,0.2103,True
O=C=O,CURLTUGMZLYLDI-UHFFFAOYSA-N,CO2,3,rmg:ATcT,1,Carbon dioxide,Carbon dioxide,O=C=O,-94.0428,0.0036,True
[C-]#[O+],UGFAIRIUMAVXCW-UHFFFAOYSA-N,CO,2,rmg:ATcT,1,Carbon monoxide,Carbon monoxide,[C-]#[O+],-26.4154,0.0062,True
O=C(O)O,BVKZGUZCCUSVTD-UHFFFAOYSA-N,CH2O3,4,rmg:ATcT,1,Carbonic acid,Carbonic acid,O=C(O)O,-146.4890,0.1888,True
N#CO,XLJMAIOERFSOGZ-UHFFFAOYSA-N,CHNO,3,rmg:ATcT,1,Cyanic acid,Cyanic acid,OC#N,-3.5636,0.1171,True
N#CC#N,JMANVNJQNLATNU-UHFFFAOYSA-N,C2N2,4,rmg:ATcT,1,Cyanogen,Cyanogen,N#CC#N,74.1348,0.1028,True
C1CCC1,PMPVIKIVABFJJI-UHFFFAOYSA-N,C4H8,4,rmg:ATcT,1,Cyclobutane,Cyclobutane,C1CCC1,6.6491,0.0980,True
C1=CCC1,CFBGXYDUODCMNS-UHFFFAOYSA-N,C4H6,4,rmg:ATcT,1,Cyclobutene,Cyclobutene,C1=CCC1,38.1788,0.2199,True
NC1CCC1,KZZKOVLJUKWSKX-UHFFFAOYSA-N,C4H9N,5,rmg:CCCBDB,2,Cyclobutylamine,Cyclobutylamine,NC1CCC1,9.7992,0.1004,True
C1CCCCC1,XDTMQSROBMDMFD-UHFFFAOYSA-N,C6H12,6,rmg:ATcT,1,Cyclohexane,Cyclohexane,C1CCCCC1,-29.4455,0.0860,True
O=C1CCCCC1,JHIVVAPYMSGYDF-UHFFFAOYSA-N,C6H10O,7,rmg:CCCBDB,2,Cyclohexanone,Cyclohexanone,O=C1CCCCC1,-55.2342,0.2103,True
C1=CCC=C1,ZSWFCLXCOIISFI-UHFFFAOYSA-N,C5H6,5,rmg:ATcT,1,Cyclopentadiene,Cyclopentadiene,C1=CCC=C1,31.7232,0.1816,True
NC1CCCC1,NISGSNTVMOOSJQ-UHFFFAOYSA-N,C5H11N,6,rmg:CCCBDB,2,Cyclopentanamine,Cyclopentanamine,NC1CCCC1,-13.1119,0.2199,True
C1CCCC1,RGSFGYAAUTVSQA-UHFFFAOYSA-N,C5H10,5,rmg:ATcT,1,Cyclopentane,Cyclopentane,C1CCCC1,-18.5492,0.1052,True
C1=CCCC1,LPIQUOYDBNQMRZ-UHFFFAOYSA-N,C5H8,5,rmg:ATcT,1,Cyclopentene,Cyclopentene,C1=CCCC1,8.0832,0.1076,True
C1CC1,LVZWSLJZHVFIQJ-UHFFFAOYSA-N,C3H6,3,rmg:ATcT,1,Cyclopropane,Cyclopropane,C1CC1,12.8179,0.1123,True
N#CC1CC1,AUQDITHEDVOTCU-UHFFFAOYSA-N,C4H5N,5,rmg:CCCBDB,2,Cyclopropanecarbonitrile,Cyclopropanecarbonitrile,N#CC1CC1,43.6663,0.1673,True
C1=CC1,OOXWYYGXTJLWHA-UHFFFAOYSA-N,C3H4,3,rmg:ATcT,1,Cyclopropene,Cyclopropene,C1=CC1,67.7844,0.1315,True
C1=CC=1,VVLPCWSYZYKZKR-UHFFFAOYSA-N,C3H2,3,rmg:ATcT,1,Cyclopropenylidene,Cyclopropenylidene,C1=CC=1,118.5731,0.1099,True
CCN(O)CC,FVCOIAYSJZGECG-UHFFFAOYSA-N,C4H11NO,6,rmg:CCCBDB,2,Diethylhydroxylamine,Diethylhydroxylamine,CCN(CC)O,-29.1037,0.1745,True
COCOC,NKDDWNXOKDWJAK-UHFFFAOYSA-N,C3H8O2,5,rmg:CCCBDB,2,Dimethoxymethane,Dimethoxymethane,COCOC,-83.2218,0.1888,True
COC,LCGLNKUTAGEVQW-UHFFFAOYSA-N,C2H6O,3,rmg:ATcT,1,Dimethyl ether,Dimethyl ether,COC,-43.9866,0.1076,True
CNC,ROSDSFDQCJNGOL-UHFFFAOYSA-N,C2H7N,3,rmg:ATcT,1,Dimethylamine,Dimethylamine,CNC,-4.3284,0.1147,True
C1OO1,ASQQEOXYFGEFKQ-UHFFFAOYSA-N,CH2O2,3,rmg:ATcT,1,Dioxirane,Dioxirane,C1OO1,0.4254,0.1315,True
C=[O+][O-],SBHHFAIXPSFQLT-UHFFFAOYSA-N,CH2O2,3,rmg:ATcT,1,Dioxymethyl,Dioxymethyl,C=[O+][O-],25.0717,0.1506,True
CC,OTMSDBZUPAUEDD-UHFFFAOYSA-N,C2H6,2,rmg:ATcT,1,Ethane,Ethane,CC,-20.0669,0.0311,True
CCO,LFQSCWFLJHTTHZ-UHFFFAOYSA-N,C2H6O,3,rmg:ATcT,1,Ethanol,Ethanol,CCO,-56.0803,0.0502,True
C=CO,IMROMDMJAWUWLK-UHFFFAOYSA-N,C2H4O,3,rmg:ATcT,1,Ethenol,Ethenol,C=CO,-29.6248,0.2008,True
CCOCC#N,WPYUCWSMVJJWFI-UHFFFAOYSA-N,C4H7NO,6,rmg:CCCBDB,2,Ethoxyacetonitrile,Ethoxyacetonitrile,CCOCC#N,-16.6109,0.1338,True
C=COCC,FJKIXWOMBXYWOQ-UHFFFAOYSA-N,C4H8O,5,rmg:CCCBDB,2,Ethoxyethene,Ethoxyethene,C=COCC,-33.4990,0.2294,True
CCOC(C)=O,XEKOWRVHYACXOJ-UHFFFAOYSA-N,C4H8O2,6,rmg:CCCBDB,2,Ethyl acetate,Ethyl acetate,CCOC(C)=O,-106.3002,0.1004,True
CCc1ccccc1,YNQLUTRBYVCPMQ-UHFFFAOYSA-N,C8H10,8,rmg:ATcT,1,Ethylbenzene,Ethylbenzene,CCC1=CC=CC=C1,7.1033,0.1315,True
CCC1CCC1,NEZRFXZYPAIZAD-UHFFFAOYSA-N,C6H12,6,rmg:CCCBDB,2,Ethylcyclobutane,Ethylcyclobutane,CCC1CCC1,-6.6205,0.1673,True
OCCO,LYCAIKOWRPUZTN-UHFFFAOYSA-N,C2H6O2,4,rmg:ATcT,1,Ethylene glycol,Ethylene glycol,OCCO,-93.0784,0.1171,True
C=C,VGGSQFUCUMXWEO-UHFFFAOYSA-N,C2H4,2,rmg:ATcT,1,Ethylene,Ethylene,C=C,12.5215,0.0287,True
NCCN,PIICEJLVQHRZGT-UHFFFAOYSA-N,C2H8N2,4,rmg:CCCBDB,2,Ethylenediamine,Ethylenediamine,NCCN,-4.0703,0.1410,True
C=O,WSFSSNUMVMOOMR-UHFFFAOYSA-N,CH2O,2,rmg:ATcT,1,Formaldehyde,Formaldehyde,C=O,-26.0961,0.0234,True
O=CO,BDAGIHXWWSANSR-UHFFFAOYSA-N,CH2O2,3,rmg:ATcT,1,Formic acid,Formic acid,O=CO,-90.4302,0.0526,True
[C-]#[N+]O,OTXBWGUYZNKPMG-UHFFFAOYSA-N,CHNO,3,rmg:ATcT,1,Fulminic acid,Fulminic acid,[C-]#[N+]O,55.8509,0.1147,True
C=C1C=CC=C1,PGTKVMVZBBZCKQ-UHFFFAOYSA-N,C6H6,6,rmg:CCCBDB,2,Fulvene,Fulvene,C=C1C=CC=C1,53.5994,0.2151,True
c1ccoc1,YLQBMQCUIZJEEH-UHFFFAOYSA-N,C4H4O,5,rmg:CCCBDB,2,Furan,Furan,C1=COC=C1,-8.2935,0.0956,True
O=CC=O,LEQAOMBKQFMDFZ-UHFFFAOYSA-N,C2H2O2,4,rmg:ATcT,1,Glyoxal,Glyoxal,O=CC=O,-50.8007,0.1243,True
C#N,LELOWRISYMNNSU-UHFFFAOYSA-N,CHN,2,rmg:ATcT,1,Hydrogen cyanide,Hydrogen cyanide,C#N,30.8994,0.0217,True
[C-]#[NH+],QIUBLANJVAOHHY-UHFFFAOYSA-N,CHN,2,rmg:ATcT,1,Hydrogen isocyanide,Hydrogen isocyanide,[C-]#[NH+],45.9847,0.0908,True
C=C(C)C,VQTUBCCKSQIDNK-UHFFFAOYSA-N,C4H8,4,rmg:ATcT,1,Isobutene,Isobutene,C=C(C)C,-4.0918,0.1028,True
N=C=O,OWIKHYCFFJSOEH-UHFFFAOYSA-N,CHNO,3,rmg:ATcT,1,Isocyanic acid,Isocyanic acid,N=C=O,-28.4034,0.0741,True
C#[N+][O-],UXKUODQYLDZXDL-UHFFFAOYSA-N,CHNO,3,rmg:ATcT,1,Isofulminic acid,Isofulminic acid,[O-][N+]#C,40.5019,0.1171,True
C=CC(=C)C,RRHGJUQNOFWUDK-UHFFFAOYSA-N,C5H8,5,rmg:ATcT,1,Isoprene,Isoprene,C=CC(=C)C,18.0306,0.1673,True
C=C=O,CCGKOQOJPYTBIH-UHFFFAOYSA-N,C2H2O,3,rmg:ATcT,1,Ketene,Ketene,C=C=O,-11.5894,0.0311,True
N#CCC#N,CUONGYYJJVDODC-UHFFFAOYSA-N,C3H2N2,5,rmg:CCCBDB,2,Malononitrile,Malononitrile,N#CCC#N,63.6472,0.2390,True
C,VNWKTOKETHGBQD-UHFFFAOYSA-N,CH4,1,rmg:ATcT,1,Methane,Methane,C,-17.8119,0.0134,True
C=N,WDWDWGRYHDPSDS-UHFFFAOYSA-N,CH3N,2,rmg:ATcT,1,Methanimine,Methanimine,C=N,21.1138,0.1482,True
CO,OKKJLVBELUTLKV-UHFFFAOYSA-N,CH4O,2,rmg:ATcT,1,Methanol,Methanol,CO,-48.0019,0.0359,True
COCC#N,QKPVEISEHYYHRH-UHFFFAOYSA-N,C3H5NO,5,rmg:CCCBDB,2,Methoxyacetonitrile,Methoxyacetonitrile,COCC#N,-8.5206,0.1577,True
COC=O,TZIHFWKZFHZASV-UHFFFAOYSA-N,C2H4O2,4,rmg:ATcT,1,Methyl formate,Methyl formate,COC=O,-85.5115,0.1410,True
COO,MEUKEBNAABNAEX-UHFFFAOYSA-N,CH4O2,3,rmg:ATcT,1,Methyl hydroperoxide,Methyl hydroperoxide,COO,-30.5569,0.1816,True
CO[N+](=O)[O-],LRMHVVPPGGOAJQ-UHFFFAOYSA-N,CH3NO3,5,rmg:CCCBDB,2,Methyl nitrate,Methyl nitrate,[O-][N+](=O)OC,-29.1587,0.2390,True
CON=O,BLLFVUPNHCTMSV-UHFFFAOYSA-N,CH3NO2,4,rmg:ATcT,1,Methyl nitrite,Methyl nitrite,CON=O,-16.0994,0.1076,True
CCCOC,VNKYTQGIUYNRMY-UHFFFAOYSA-N,C4H10O,5,rmg:CCCBDB,2,Methyl propyl ether,Methyl propyl ether,CCCOC,-56.8881,0.2032,True
CN,BAVYZALUXZFZLV-UHFFFAOYSA-N,CH5N,2,rmg:ATcT,1,Methylamine,Methylamine,CN,-5.1912,0.0741,True
CC1CCCC1,GDOPTJXRTPNYNR-UHFFFAOYSA-N,C6H12,6,rmg:CCCBDB,2,Methylcyclopentane,Methylcyclopentane,CC1CCCC1,-25.4995,0.2008,True
O=[N+]([O-])c1ccccc1,LQNUZADURLCDLV-UHFFFAOYSA-N,C6H5NO2,9,rmg:CCCBDB,2,Nitrobenzene,Nitrobenzene,[O-][N+](=O)c1ccccc1,16.3791,0.1601,True
C[N+](=O)[O-],LYGJENNIWJXYER-UHFFFAOYSA-N,CH3NO2,4,rmg:ATcT,1,Nitromethane,Nitromethane,[O-][N+](=O)C,-17.8657,0.1099,True
C1COC1,AHHWIHXENZJRFG-UHFFFAOYSA-N,C3H6O,4,rmg:CCCBDB,2,Oxetane,Oxetane,C1COC1,-19.2400,0.1434,True
C1CO1,IAYPIBMASNFSPL-UHFFFAOYSA-N,C2H4O,3,rmg:ATcT,1,Oxirane,Oxirane,C1CO1,-12.5598,0.0908,True
Oc1ccccc1,ISWSIDIOOBJBQZ-UHFFFAOYSA-N,C6H6O,7,rmg:ATcT,1,Phenol,Phenol,OC1=CC=CC=C1,-22.2562,0.1625,True
C=Cc1ccccc1,PPBRXRYQALVLMV-UHFFFAOYSA-N,C8H8,8,rmg:ATcT,1,Phenylethene,Phenylethene,C=CC1=CC=CC=C1,35.4517,0.1315,True
C1CCNCC1,NQRYJNQNLNOLGT-UHFFFAOYSA-N,C5H11N,6,rmg:CCCBDB,2,Piperidine,Piperidine,C1CCCNC1,-11.2691,0.1506,True
CCC(N)=O,QLNJFJADRCOGBJ-UHFFFAOYSA-N,C3H7NO,5,rmg:CCCBDB,2,Propanamide,Propanamide,CCC(=O)N,-61.8881,0.1577,True
CCC,ATUOYWHBWRKTHZ-UHFFFAOYSA-N,C3H8,3,rmg:ATcT,1,Propane,Propane,CCC,-25.1028,0.0454,True
C=CC,QQONPFPTGQHPMA-UHFFFAOYSA-N,C3H6,3,rmg:ATcT,1,Propene,Propene,C=CC,4.7753,0.0502,True
CCC=O,NBBJYMSMWIIQGU-UHFFFAOYSA-N,C3H6O,4,rmg:ATcT,1,Propionaldehyde,Propionaldehyde,CCC=O,-44.6463,0.0598,True
CC1CO1,GOOHAUXETOMSMM-UHFFFAOYSA-N,C3H6O,4,rmg:CCCBDB,2,Propylene oxide,Propylene oxide,CC1CO1,-22.3996,0.1506,True
C#CC,MWWATHDPGQKSAR-UHFFFAOYSA-N,C3H4,3,rmg:ATcT,1,Propyne,Propyne,C#CC,44.3977,0.0598,True
c1ccncc1,JUJWROOIHBZHMG-UHFFFAOYSA-N,C5H5N,6,rmg:CCCBDB,2,Pyridine,Pyridine,c1cccnc1,33.5516,0.0598,True
C1CCNC1,RWRDLPDLKQPQOW-UHFFFAOYSA-N,C4H9N,5,rmg:CCCBDB,2,Pyrrolidine,Pyrrolidine,C1CCCN1,-0.8604,0.2199,True
O=C(O)CCC(=O)O,KDYFGRWQOYBRFD-UHFFFAOYSA-N,C4H6O4,8,rmg:ATcT,1,Succinic acid,Succinic acid,O=C(O)CCC(=O)O,-195.4565,0.1458,True
N#CCCC#N,IAHFWCOBPZCAEA-UHFFFAOYSA-N,C4H4N2,6,rmg:CCCBDB,2,Succinonitrile,Succinonitrile,N#CCCC#N,50.1099,0.2103,True
C1CCOCC1,DHXVGJBLRPWPCS-UHFFFAOYSA-N,C5H10O,6,rmg:CCCBDB,2,Tetrahydro-2H-pyran,Tetrahydro-2H-pyran,C1CCOCC1,-53.4990,0.2390,True
C1CCOC1,WYURNTSHIVDZCO-UHFFFAOYSA-N,C4H8O,5,rmg:CCCBDB,2,Tetrahydrofuran,Tetrahydrofuran,C1CCOC1,-44.0249,0.1912,True
Cc1ccccc1,YXFVVABEGXRONW-UHFFFAOYSA-N,C7H8,7,rmg:ATcT,1,Toluene,Toluene,CC1=CC=CC=C1,11.9861,0.0813,True
CN(C)C,GETQZCLCWQTVFV-UHFFFAOYSA-N,C3H9N,4,rmg:ATcT,1,Trimethylamine,Trimethylamine,CN(C)C,-6.6181,0.2199,True
C=COC=C,QYKIQEUNHZKYBP-UHFFFAOYSA-N,C4H6O,5,rmg:CCCBDB,2,Vinyl ether,Vinyl ether,C=COC=C,-3.0306,0.2008,True
C1=CCCCC1,HGCIXCUEYOPUTN-UHFFFAOYSA-N,C6H10,6,rmg:CCCBDB,2,cyclohexene,cyclohexene,C1=CCCCC1,-1.0325,0.2342,True
O=C1CCCO1,YEJRWHAVMIAJKC-UHFFFAOYSA-N,C4H6O2,6,rmg:CCCBDB,2,gammaButyrolactone,gammaButyrolactone,O=C1CCCO1,-87.5956,0.1912,True
CC(C)C,NNPPMTNAJDCUHE-UHFFFAOYSA-N,C4H10,4,rmg:ATcT,1,iso-Butane,iso-Butane,CC(C)C,-32.2084,0.0765,True
CCC(C)C,QWTDNUCVQCZILF-UHFFFAOYSA-N,C5H12,5,rmg:ATcT,1,iso-Pentane,iso-Pentane,CCC(C)C,-36.6420,0.1052,True
Cc1cccc(C)c1,IVSZLXZYQVIEFR-UHFFFAOYSA-N,C8H10,8,rmg:CCCBDB,2,meta-Xylene,meta-Xylene,CC1=CC=CC(C)=C1,4.1109,0.1793,True
CCCC,IJDNQMDRQITEOD-UHFFFAOYSA-N,C4H10,4,rmg:ATcT,1,n-Butane,n-Butane,CCCC,-30.1052,0.0621,True
CCCCCCC,IMNFDUFMRHMDMM-UHFFFAOYSA-N,C7H16,7,rmg:ATcT,1,n-Heptane,n-Heptane,CCCCCCC,-44.8327,0.1147,True
CCCCCC,VLKZOEOYAKHREP-UHFFFAOYSA-N,C6H14,6,rmg:ATcT,1,n-Hexane,n-Hexane,CCCCCC,-39.9092,0.0813,True
CCCCCCCC,TVMXDCGIABBOFY-UHFFFAOYSA-N,C8H18,8,rmg:ATcT,1,n-Octane,n-Octane,CCCCCCCC,-49.7825,0.1601,True
CCCCC,OFBQJSOFQDEBGM-UHFFFAOYSA-N,C5H12,5,rmg:ATcT,1,n-Pentane,n-Pentane,CCCCC,-34.9857,0.0741,True
CCCc1ccccc1,ODLMAHJVESYWTB-UHFFFAOYSA-N,C9H12,9,rmg:CCCBDB,2,n-Propyl benzene,n-Propyl benzene,CCCC1=CC=CC=C1,1.8690,0.2008,True
CC(C)(C)C,CRSOQBOWXPBRES-UHFFFAOYSA-N,C5H12,5,rmg:ATcT,1,neo-Pentane,neo-Pentane,CC(C)(C)C,-40.0502,0.0956,True
c1ccccc#1,KLYCPFXDDDMZNQ-UHFFFAOYSA-N,C6H4,6,rmg:ATcT,1,o-Benzyne,o-Benzyne,C1#CC=CC=C1,109.7347,0.2103,True
CC=CC,IAQRGUVFOMOMEM-UHFFFAOYSA-N,C4H8,4,rmg:ATcT,1,trans-2-Butene,trans-2-Butene,CC=CC,-2.7055,0.0980,True
C=Cc1cccc(C=C)c1,PRJNEUBECVAVAG-UHFFFAOYSA-N,C10H10,10,bains:Yaws,90,row66,m-divinylbenzene,C=CC1=CC(C=C)=CC=C1,50.6692,,True
C1=CC2C3C=CC1C=CC23,UKFBVTJTKMSPMI-UHFFFAOYSA-N,C10H10,10,bains:Cioslowski,11,row67,"tricyclo[3.3.2.02,8]deca-3,6,9-triene",C12C3C=CC(C=CC23)C=C1,79.9000,,True
CC/C=C/c1ccccc1,MPMBRWOOISTHJV-XVNBXDOJSA-N,C10H12,10,bains:Yaws,90,row71,trans-(1-butenyl)benzene,CC/C=C/C1=CC=CC=C1,24.8614,,True
C1=CC2C3C=CC(C3)C2C1,HECLRDQVFMWTQS-UHFFFAOYSA-N,C10H12,10,bains:Add Lit 1,17,row72,dicyclopentadiene,C1C=CC2C3CC(C=C3)C12,57.9723,,True
C1=CC2C3C=CC(C3)C2C1,HECLRDQVFMWTQS-UHFFFAOYSA-N,C10H12,10,bains:Cox-1,13,row72,dicyclopentadiene,C1C=CC2C3CC(C=C3)C12,46.6000,,True
C=Cc1ccc(C)cc1C,OEVVKKAVYQFQNV-UHFFFAOYSA-N,C10H12,10,bains:Yaws,90,row73,"2,4-dimethylstyrene",C=CC1=CC=C(C)C=C1C,21.3408,,True
C=Cc1ccc(C)c(C)c1,PMZXJPLGCUVUDN-UHFFFAOYSA-N,C10H12,10,bains:Yaws,90,row74,"3,4-dimethylstyrene",C=CC1=CC=C(C)C(C)=C1,21.3408,,True
C=Cc1cc(C)cc(C)c1,XKMDZVINHIFHLY-UHFFFAOYSA-N,C10H12,10,bains:Yaws,90,row75,"3,5-dimethylstyrene",C=CC1=CC(C)=CC(C)=C1,21.3408,,True
C=Cc1cccc(C)c1C,HLOUDBQOEJSUPI-UHFFFAOYSA-N,C10H12,10,bains:Yaws,90,row76,"2,3-dimethylstyrene",C=CC1=CC=CC(C)=C1C,21.3408,,True
C=Cc1cc(C)ccc1C,DBWWINQJTZYDFK-UHFFFAOYSA-N,C10H12,10,bains:Yaws,90,row77,"2,5-dimethylstyrene",C=CC1=CC(C)=CC=C1C,21.3408,,True
C=Cc1c(C)cccc1C,OWRKXOZFTROHSH-UHFFFAOYSA-N,C10H12,10,bains:Yaws,90,row78,"2,6-dimethylstyrene",C=CC1=C(C)C=CC=C1C,21.3408,,True
CCCC(=O)c1ccccc1,FFSAXUULYPJSKH-UHFFFAOYSA-N,C10H12O,11,bains:Pedley,12,row79,n-propyl phenyl ketone,O=C(CCC)C1=CC=CC=C1,-30.6405,,True
CCCC(=O)c1ccccc1,FFSAXUULYPJSKH-UHFFFAOYSA-N,C10H12O,11,bains:Cox-1,13,row79,n-propyl phenyl ketone,O=C(CCC)C1=CC=CC=C1,-30.6300,,True
CC(C)(C)c1ccccc1,YTZKOQUCBOVLHL-UHFFFAOYSA-N,C10H14,10,bains:Yaws,90,row84,tert-butylbenzene,CC(C1=CC=CC=C1)(C)C,-5.1697,,True
CCCCc1ccccc1,OCKPCBLVNKHBMX-UHFFFAOYSA-N,C10H14,10,bains:Yaws,90,row85,butylbenzene,CCCCC1=CC=CC=C1,-3.1405,,True
CCC(C)c1ccccc1,ZJMWRROPUADPEA-UHFFFAOYSA-N,C10H14,10,bains:Yaws,90,row86,sec-butylbenzene,CCC(C1=CC=CC=C1)C,-4.0392,,True
CCc1ccc(CC)cc1,DSNHSQKRULAAEI-UHFFFAOYSA-N,C10H14,10,bains:Yaws,90,row87,p-diethylbenzene,CCC1=CC=C(CC)C=C1,-4.8685,,True
CCc1cccc(CC)c1,AFZZYIJIWUTJFO-UHFFFAOYSA-N,C10H14,10,bains:Yaws,90,row88,m-diethylbenzene,CCC1=CC(CC)=CC=C1,-5.0191,,True
CCc1ccccc1CC,KVNYFPKFSJIPBJ-UHFFFAOYSA-N,C10H14,10,bains:Yaws,90,row89,o-diethylbenzene,CCC1=CC=CC=C1CC,-3.7596,,True
Cc1cccc(C(C)C)c1,XCYJPXQACVEIOS-UHFFFAOYSA-N,C10H14,10,bains:Yaws,90,row90,m-cymene,CC1=CC=CC(C(C)C)=C1,-7.3853,,True
Cc1ccc(C(C)C)cc1,HFPZCAJZSCWRBC-UHFFFAOYSA-N,C10H14,10,bains:Yaws,90,row91,p-cymene,CC1=CC=C(C(C)C)C=C1,-6.9312,,True
Cc1ccccc1C(C)C,WWRCMNKATXZARA-UHFFFAOYSA-N,C10H14,10,bains:Yaws,90,row92,o-cymene,CC1=CC=CC=C1C(C)C,-6.3098,,True
O=[N+]([O-])C1([N+](=O)[O-])C2CC3CC(C2)CC1C3,LLYKIMPMZLMAOC-UHFFFAOYSA-N,C10H14N2O4,16,bains:Add Lit 1,17,row93,"2,2-dinitroadamantane",O=[N+](C1([N+]([O-])=O)C2CC3CC(C2)CC1C3)[O-],-38.5994,,True
O=[N+]([O-])C12CC3CC(C1)CC([N+](=O)[O-])(C3)C2,USKZHFZEQOROEM-UHFFFAOYSA-N,C10H14N2O4,16,bains:Add Lit 1,17,row94,"1,3-dinitroadamantane",O=[N+](C12CC3([N+]([O-])=O)CC(C2)CC(C3)C1)[O-],-50.0956,,True
O=[N+]([O-])OC12CC3CC(C1)CC(O[N+](=O)[O-])(C3)C2,XEKRSOZFGXQKEZ-UHFFFAOYSA-N,C10H14N2O6,18,bains:Add Lit 1,17,row95,"1,3-adamantanediyl dinitrate",O=[N+]([O-])OC12CC3(O[N+]([O-])=O)CC(C2)CC(C3)C1,-73.5899,,True
O=C1C2CC3CC(C2)CC1C3,IYKFYARMMIESOX-UHFFFAOYSA-N,C10H14O,11,bains:Add Lit 1,17,row96,adamantan-2-one,O=C1C2CC3CC(C2)CC1C3,-58.2218,,True
O=C1C2CC3CC(C2)CC1C3,IYKFYARMMIESOX-UHFFFAOYSA-N,C10H14O,11,bains:Pedley,12,row96,adamantan-2-one,O=C1C2CC3CC(C2)CC1C3,-55.1147,,True
Cc1cc(C(C)C)ccc1O,WYXXLXHHWYNKJF-UHFFFAOYSA-N,C10H14O,11,bains:Pedley,12,row97,4-isopropyl-2-methylphenol,OC1=CC=C(C(C)C)C=C1C,-58.2218,,True
Cc1c(O)cccc1C(C)C,NKXINWNCBKRRIC-UHFFFAOYSA-N,C10H14O,11,bains:Pedley,12,row98,3-isopropyl-2-methylphenol,OC1=CC=CC(C(C)C)=C1C,-57.7199,,True
Cc1ccc(C(C)C)cc1O,RECUKUPTGUEGMW-UHFFFAOYSA-N,C10H14O,11,bains:Pedley,12,row99,5-isopropyl-2-methylphenol,OC1=CC(C(C)C)=CC=C1C,-54.6128,,True
Cc1ccc(C(C)C)c(O)c1,MGSRCZKZVOBKFT-UHFFFAOYSA-N,C10H14O,11,bains:Pedley,12,row100,thymol,CC(C)c1ccc(C)cc1O,-52.2228,,True
Cc1ccc(C(C)C)c(O)c1,MGSRCZKZVOBKFT-UHFFFAOYSA-N,C10H14O,11,bains:Cox-1,13,row100,thymol,CC(C)c1ccc(C)cc1O,-52.2000,,True
Cc1cccc(C(C)C)c1O,KFETUQFRWIVAMU-UHFFFAOYSA-N,C10H14O,11,bains:Pedley,12,row101,2-isopropyl-6-methylphenol,OC1=C(C)C=CC=C1C(C)C,-56.3098,,True
O=[N+]([O-])C12CC3CC(CC(C3)C1)C2,HONLSNLUVRQMEK-UHFFFAOYSA-N,C10H15NO2,13,bains:Add Lit 1,17,row102,1-nitroadamantane,O=[N+](C12CC3CC(C2)CC(C3)C1)[O-],-41.9933,,True
O=[N+]([O-])OC12CC3CC(CC(C3)C1)C2,UYWRAEHUZNXWCO-UHFFFAOYSA-N,C10H15NO3,14,bains:Add Lit 1,17,row103,1-adamantyl nitrate,O=[N+]([O-])OC12CC3CC(C2)CC(C3)C1,-53.8002,,True
C1C2CC3CC1CC(C2)C3,ORILYTVJVMAKLC-UHFFFAOYSA-N,C10H16,10,bains:Add Lit 1,17,row104,adamantane,C12CC3CC(C2)CC(C3)C1,-32.2897,,True
C1C2CC3CC1CC(C2)C3,ORILYTVJVMAKLC-UHFFFAOYSA-N,C10H16,10,bains:Cioslowski,11,row104,adamantane,C12CC3CC(C2)CC(C3)C1,-31.8000,,True
CC1=CCC2CC1C2(C)C,GRWFGVWFFZKLTI-UHFFFAOYSA-N,C10H16,10,bains:Yaws,90,row105,alpha-pinene,CC1=CCC2CC1C2(C)C,6.7639,,True
C=C1CCC2CC1C2(C)C,WTARULDDTDQWMU-UHFFFAOYSA-N,C10H16,10,bains:Yaws,90,row106,beta-pinene,C=C1C2CC(C(C)2C)CC1,9.2495,,True
C=C1C2CCC(C2)C1(C)C,CRPUJAZIXJMDBK-UHFFFAOYSA-N,C10H16,10,bains:Yaws,90,row107,camphene,CC1(C)C2CCC(C2)C1=C,-6.8356,,True
C=C(C)C1CC=C(C)CC1,XMGQYMWWDOXHJM-UHFFFAOYSA-N,C10H16,10,bains:Yaws,90,row108,d-limonene,CC1=CCC(CC1)C(C)=C,-1.5296,,True
C=C1C=CC(C(C)C)CC1,LFJQCDVYDGGFCH-UHFFFAOYSA-N,C10H16,10,bains:Yaws,90,row109,beta-phellandrene,CC(C)C(CC1)C=CC1=C,-1.3528,,True
CC1=CC=C(C(C)C)CC1,YHQGMYUVUMAZJR-UHFFFAOYSA-N,C10H16,10,bains:Yaws,90,row110,alpha-terpinene,CC1=CC=C(C(C)C)CC1,-4.9235,,True
CC1=CCC(C(C)C)C=C1,OGLDWXZKYODSOB-UHFFFAOYSA-N,C10H16,10,bains:Yaws,90,row111,alpha-phellandrene,CC1=CCC(C=C1)C(C)C,-2.2228,,True
OC12CC3CC(CC(C3)C1)C2,VLLNJDMHDJRNFK-UHFFFAOYSA-N,C10H16O,11,bains:Add Lit 1,17,row112,adamantan-1-ol,OC12CC3CC(C2)CC(C3)C1,-73.3987,,True
OC12CC3CC(CC(C3)C1)C2,VLLNJDMHDJRNFK-UHFFFAOYSA-N,C10H16O,11,bains:Pedley,12,row112,adamantan-1-ol,OC12CC3CC(C2)CC(C3)C1,-74.3308,,True
OC1C2CC3CC(C2)CC1C3,FOWDOWQYRZXQDP-UHFFFAOYSA-N,C10H16O,11,bains:Pedley,12,row113,adamantan-2-ol,OC1C2CC3CC(C2)CC1C3,-71.5344,,True
CC1CCC[C@@H]2CCC(=O)[C@@H]12,NCVVCYYBUJLMQP-VWHDNNRLSA-N,C10H16O,11,bains:Pedley,12,row114,trans-8-methyl-2-hydrindanone,CC1CCC[C@H](CC2)[C@H]1C2=O,-65.7744,,True
CC12CCC(CC1=O)C2(C)C,DSSYKIVIOFKYAU-UHFFFAOYSA-N,C10H16O,11,bains:Pedley,12,row115,camphor,CC12C(CC(C(C)2C)CC1)=O,-63.9340,,True
C1CC[C@H]2CCCC[C@H]2C1,NNBZCPXTIHJBJL-AOOOYVTPSA-N,C10H18,10,bains:Yaws,90,row117,cis-decahydronaphthalene,[H][C@@]12CCCC[C@]1([H])CCCC2,-40.4398,,True
C#CCCCCCCCC,ILLHQJIJCRNRCJ-UHFFFAOYSA-N,C10H18,10,bains:Yaws,90,row118,1-decyne,C#CCCCCCCCC,9.7992,,True
CC#CCCCCCCC,RWDDSTHSVISBEA-UHFFFAOYSA-N,C10H18,10,bains:Yaws,90,row119,2-decyne,CC#CCCCCCCC,5.3944,,True
CCC#CCCCCCC,JUWXVJKQNKKRLD-UHFFFAOYSA-N,C10H18,10,bains:Yaws,90,row120,3-decyne,CCC#CCCCCCC,5.3944,,True
CCCCCCCCCC#N,HBZDPWBWBJMYRY-UHFFFAOYSA-N,C10H19N,11,bains:Pedley,12,row121,decanenitrile,CCCCCCCCCC#N,-21.8690,,True
CCCCC1CCCCC1,GGBJHURWWWLEQH-UHFFFAOYSA-N,C10H20,10,bains:Yaws,90,row122,butylcyclohexane,CCCCC1CCCCC1,-50.9489,,True
C1CCCCCCCCC1,LMGZGXSXHCMSAA-UHFFFAOYSA-N,C10H20,10,bains:Yaws,90,row123,cyclodecane,C1CCCCCCCCC1,-36.8786,,True
C=CCCCCCCCC,AFFLGGQVNFXPEV-UHFFFAOYSA-N,C10H20,10,bains:Yaws,90,row124,1-decene,C=CCCCCCCCC,-29.8016,,True
CC(C)(C)CC(=O)C(C)(C)C,XUXJQANAPZHLMK-UHFFFAOYSA-N,C10H20O,11,bains:Pedley,12,row125,t-butyl neopentyl ketone,O=C(C(C)(C)C)CC(C)(C)C,-94.1444,,True
CC(C)(C)CC(=O)C(C)(C)C,XUXJQANAPZHLMK-UHFFFAOYSA-N,C10H20O,11,bains:Cox-1,13,row125,t-butyl neopentyl ketone,O=C(C(C)(C)C)CC(C)(C)C,-94.1500,,True
CCCCCCCCCC(=O)O,GHVNFZFCNZKVNT-UHFFFAOYSA-N,C10H20O2,12,bains:Pedley,12,row126,decanoic acid,CCCCCCCCCC(O)=O,-142.1845,,True
CCCCCCCCCC(=O)O,GHVNFZFCNZKVNT-UHFFFAOYSA-N,C10H20O2,12,bains:Cox-1,13,row126,decanoic acid,CCCCCCCCCC(O)=O,-151.1900,,True
CCCCCCCCC(=O)OC,IJXHLVMUNBOGRR-UHFFFAOYSA-N,C10H20O2,12,bains:Pedley,12,row127,methyl nonaoate,CCCCCCCCC(OC)=O,-132.3853,,True
CCCCCCCCC(=O)OC,IJXHLVMUNBOGRR-UHFFFAOYSA-N,C10H20O2,12,bains:Cox-1,13,row127,methyl nonaoate,CCCCCCCCC(OC)=O,-132.1800,,True
CCCCCCCCCC,DIOQZVSQGTUSAI-UHFFFAOYSA-N,C10H22,10,bains:Yaws,90,row130,decane,CCCCCCCCCC,-59.6319,,True
CCCCCCCC(C)C,SGVYKUFIHHTIFL-UHFFFAOYSA-N,C10H22,10,bains:Yaws,90,row131,2-methylnonane,CC(C)CCCCCCC,-61.3050,,True
CCCCCCC(C)CC,PLZDDPSCZHRBOY-UHFFFAOYSA-N,C10H22,10,bains:Yaws,90,row132,3-methylnonane,CCC(C)CCCCCC,-60.8748,,True
CCCCCC(C)CCC,IALRSQMWHFKJJA-UHFFFAOYSA-N,C10H22,10,bains:Yaws,90,row133,4-methylnonane,CCCC(C)CCCCC,-60.7003,,True
CCCCC(C)CCCC,TYSIILFJZXHVPU-UHFFFAOYSA-N,C10H22,10,bains:Yaws,90,row134,5-methylnonane,CCCCC(C)CCCC,-60.7003,,True
CCCC(CCC)CCC,ABYGSZMCWVXFCQ-UHFFFAOYSA-N,C10H22,10,bains:Yaws,90,row135,4-propylheptane,CCCC(CCC)CCC,-60.0096,,True
CCCCCC(CC)CC,OEYGTUAKNZFCDJ-UHFFFAOYSA-N,C10H22,10,bains:Yaws,90,row136,3-ethyloctane,CCC(CC)CCCCC,-60.0096,,True
CCCCC(CC)CCC,NRJUFUBKIFIKFI-UHFFFAOYSA-N,C10H22,10,bains:Yaws,90,row137,4-ethyloctane,CCCC(CC)CCCC,-60.0096,,True
CCC(C)CCCC(C)C,ZALHPSXXQIPKTQ-UHFFFAOYSA-N,C10H22,10,bains:Yaws,90,row138,"2,6-dimethyloctane",CC(C)CCCC(C)CC,-62.4092,,True
CCC(CC)CCC(C)C,DGEMPTLPTFNEHJ-UHFFFAOYSA-N,C10H22,10,bains:Yaws,90,row139,5-ethyl-2-methylheptane,CC(C)CCC(CC)CC,-61.7208,,True
CCCC(C)CCC(C)C,HOAAQUNESXYFDT-UHFFFAOYSA-N,C10H22,10,bains:Yaws,90,row140,"2,5-dimethyloctane",CC(C)CCC(C)CCC,-62.4092,,True
CCCCC(C)CC(C)C,IXAVTTRPEXFVSX-UHFFFAOYSA-N,C10H22,10,bains:Yaws,90,row141,"2,4-dimethyloctane",CC(C)CC(C)CCCC,-61.2500,,True
CCCCCC(C)C(C)C,YPMNDMUOGQJCLW-UHFFFAOYSA-N,C10H22,10,bains:Yaws,90,row142,"2,3-dimethyloctane",CC(C)C(C)CCCCC,-61.3289,,True
CCCCCCC(C)(C)C,GPBUTTSWJNPYJL-UHFFFAOYSA-N,C10H22,10,bains:Yaws,90,row143,"2,2-dimethyloctane",CC(C)(C)CCCCCC,-63.8145,,True
CCCC(C)CC(C)CC,VRHRGVJOUHJULC-UHFFFAOYSA-N,C10H22,10,bains:Yaws,90,row144,"3,5-dimethyloctane",CCC(C)CC(C)CCC,-61.7208,,True
CCCC(CC)CC(C)C,OJDKRASKNKPYDH-UHFFFAOYSA-N,C10H22,10,bains:Yaws,90,row145,4-ethyl-2-methylheptane,CC(C)CC(CC)CCC,-61.7208,,True
CCCC(CCC)C(C)C,AZLAWGCUDHUQDB-UHFFFAOYSA-N,C10H22,10,bains:Yaws,90,row146,4-isopropylheptane,CCCC(C(C)C)CCC,-60.0191,,True
CCCCC(C)C(C)CC,QQCWGAMGBCGAQJ-UHFFFAOYSA-N,C10H22,10,bains:Yaws,90,row147,"3,4-dimethyloctane",CCC(C)C(C)CCCC,-60.5593,,True
CCCCC(CC)C(C)C,NKMJCVVUYDKHAV-UHFFFAOYSA-N,C10H22,10,bains:Yaws,90,row148,3-ethyl-2-methylheptane,CC(C)C(CC)CCCC,-60.5593,,True
CCCCCC(C)(C)CC,DBULLUBYDONGLT-UHFFFAOYSA-N,C10H22,10,bains:Yaws,90,row149,"3,3-dimethyloctane",CCC(C)(C)CCCCC,-62.6697,,True
CCCC(C)C(C)CCC,DOYJTLUPPPUSMD-UHFFFAOYSA-N,C10H22,10,bains:Yaws,90,row150,"4,5-dimethyloctane",CCCC(C)C(C)CCC,-60.5593,,True
CCCCC(C)(C)CCC,ZMEDGZAGMLTROM-UHFFFAOYSA-N,C10H22,10,bains:Yaws,90,row151,"4,4-dimethyloctane",CCCC(C)(C)CCCC,-62.6697,,True
CCCC(C)(CC)CCC,MPYQJQDSICRCJJ-UHFFFAOYSA-N,C10H22,10,bains:Yaws,90,row152,4-ethyl-4-methylheptane,CCCC(C)(CC)CCC,-61.4101,,True
CCCC(CC)C(C)CC,BTGGSWBKRYMHQK-UHFFFAOYSA-N,C10H22,10,bains:Yaws,90,row153,4-ethyl-3-methylheptane,CCC(C)C(CC)CCC,-59.8709,,True
CCCC(C)C(CC)CC,JZBKRUIGSVOOIC-UHFFFAOYSA-N,C10H22,10,bains:Yaws,90,row154,3-ethyl-4-methylheptane,CCC(CC)C(C)CCC,-59.8709,,True
CCCCC(C)(CC)CC,HSOMNBKXPGCNBH-UHFFFAOYSA-N,C10H22,10,bains:Yaws,90,row155,3-ethyl-3-methylheptane,CCC(C)(CC)CCCC,-61.4101,,True
CCC(C)CCC(C)CC,JEEQUUSFXYRPRK-UHFFFAOYSA-N,C10H22,10,bains:Yaws,90,row156,"3,6-dimethyloctane",CCC(C)CCC(C)CC,-61.7208,,True
CCC(C)CC(CC)CC,VXARVYMIZCGZGG-UHFFFAOYSA-N,C10H22,10,bains:Yaws,90,row157,3-ethyl-5-methylheptane,CCC(CC)CC(C)CC,-61.0397,,True
CCC(CC)C(CC)CC,VBZCRMTUDYIWIH-UHFFFAOYSA-N,C10H22,10,bains:Yaws,90,row158,"3,4-diethylhexane",CCC(CC)C(CC)CC,-59.1707,,True
CCCC(CC)(CC)CC,WWNGLKDLYKNGGT-UHFFFAOYSA-N,C10H22,10,bains:Yaws,90,row159,"3,3-diethylhexane",CCC(CC)(CC)CCC,-60.3011,,True
CCC(C)(C)CCC(C)C,SOYLPZSOEXZMLE-UHFFFAOYSA-N,C10H22,10,bains:Yaws,90,row160,"2,5,5-trimethylheptane",CC(C)CCC(C)(C)CC,-64.3810,,True
CCC(C)(CC)CC(C)C,SIKFMUYSQCEQOO-UHFFFAOYSA-N,C10H22,10,bains:Yaws,90,row161,"4-ethyl-2,4-dimethylhexane",CC(C)CC(C)(CC)CC,-61.2309,,True
CCC(CC)C(C)C(C)C,RHMRCCBCYFAZIK-UHFFFAOYSA-N,C10H22,10,bains:Yaws,90,row162,"4-ethyl-2,3-dimethylhexane",CC(C)C(C)C(CC)CC,-60.4302,,True
CCC(CC)(CC)C(C)C,DSSAZLXYIQIXGW-UHFFFAOYSA-N,C10H22,10,bains:Yaws,90,row163,"3,3-diethyl-2-methylpentane",CC(C)C(CC)(CC)CC,-59.4909,,True
CCC(CC(C)C)C(C)C,UJEUVDLASLOZIV-UHFFFAOYSA-N,C10H22,10,bains:Yaws,90,row164,"3-ethyl-2,5-dimethylhexane",CC(C)C(CC)CC(C)C,-62.2706,,True
CCCC(C)(C)CC(C)C,QALGVLROELGEEM-UHFFFAOYSA-N,C10H22,10,bains:Yaws,90,row165,"2,4,4-trimethylheptane",CC(C)CC(C)(C)CCC,-62.4904,,True
CCCC(C(C)C)C(C)C,YBOXGRMAQIYMGV-UHFFFAOYSA-N,C10H22,10,bains:Yaws,90,row166,3-isopropyl-2-methylhexane,CC(C)C(C(C)C)CCC,-61.1090,,True
CCCCC(C)(C)C(C)C,QACXEXNKLFWKLK-UHFFFAOYSA-N,C10H22,10,bains:Yaws,90,row167,"2,3,3-trimethylheptane",CC(C)C(C)(C)CCCC,-62.0100,,True
CCCCC(C)C(C)(C)C,ACYHSTUWOQNWCX-UHFFFAOYSA-N,C10H22,10,bains:Yaws,90,row168,"2,2,3-trimethylheptane",CC(C)(C)C(C)CCCC,-62.5789,,True
CCCC(C)CC(C)(C)C,IIYGOARYARWJBO-UHFFFAOYSA-N,C10H22,10,bains:Yaws,90,row169,"2,2,4-trimethylheptane",CC(C)(C)CC(C)CCC,-63.0593,,True
CCCC(C)C(C)C(C)C,UVVYAKOLFKEZEE-UHFFFAOYSA-N,C10H22,10,bains:Yaws,90,row170,"2,3,4-trimethylheptane",CC(C)C(C)C(C)CCC,-61.1090,,True
CCC(C)C(C)C(C)CC,LJIIBBYARMPSMT-UHFFFAOYSA-N,C10H22,10,bains:Yaws,90,row171,"3,4,5-trimethylheptane",CCC(C)C(C)C(C)CC,-60.4302,,True
CCCC(C)(C)C(C)CC,BLNBSBLKPFFJKQ-UHFFFAOYSA-N,C10H22,10,bains:Yaws,90,row172,"3,4,4-trimethylheptane",CCC(C)C(C)(C)CCC,-61.3193,,True
CCCC(C)(CC)C(C)C,PJIFKODHGMUPFH-UHFFFAOYSA-N,C10H22,10,bains:Yaws,90,row173,"3-ethyl-2,3-dimethylhexane",CC(C)C(C)(CC)CCC,-60.7505,,True
CCCC(C)C(C)(C)CC,WRBHKVWLEIYLDZ-UHFFFAOYSA-N,C10H22,10,bains:Yaws,90,row174,"3,3,4-trimethylheptane",CCC(C)(C)C(C)CCC,-61.3193,,True
CCCC(CC)C(C)(C)C,XYDYODCWVCBIOQ-UHFFFAOYSA-N,C10H22,10,bains:Yaws,90,row175,"3-ethyl-2,2-dimethylhexane",CC(C)(C)C(CC)CCC,-61.8905,,True
CCC(C)CCC(C)(C)C,GZJFAWOTMWATOS-UHFFFAOYSA-N,C10H22,10,bains:Yaws,90,row176,"2,2,5-trimethylheptane",CC(C)(C)CCC(C)CC,-64.9498,,True
CCC(C)CC(C)(C)CC,VRVRZZWPKABUOE-UHFFFAOYSA-N,C10H22,10,bains:Yaws,90,row177,"3,3,5-trimethylheptane",CCC(C)(C)CC(C)CC,-61.7997,,True
CCC(C)C(C)CC(C)C,YMBNRMDSLJNNPF-UHFFFAOYSA-N,C10H22,10,bains:Yaws,90,row178,"2,4,5-trimethylheptane",CC(C)CC(C)C(C)CC,-62.2706,,True
CCC(C)C(C)(CC)CC,ZGJCTUKRTSBTIQ-UHFFFAOYSA-N,C10H22,10,bains:Yaws,90,row179,"3-ethyl-3,4-dimethylhexane",CCC(C)(CC)C(C)CC,-60.0598,,True
CCC(C)CC(C)C(C)C,YKPNYFKOKKKGNM-UHFFFAOYSA-N,C10H22,10,bains:Yaws,90,row180,"2,3,5-trimethylheptane",CC(C)C(C)CC(C)CC,-62.2706,,True
CCC(C)C(CC)C(C)C,OSKIMJMPFNLVOU-UHFFFAOYSA-N,C10H22,10,bains:Yaws,90,row181,"3-ethyl-2,4-dimethylhexane",CC(C)C(CC)C(C)CC,-60.4302,,True
CCC(CC)C(C)(C)CC,ZRTXVJYJVBTXHE-UHFFFAOYSA-N,C10H22,10,bains:Yaws,90,row182,"4-ethyl-3,3-dimethylhexane",CCC(C)(C)C(CC)CC,-60.6310,,True
CCC(CC)CC(C)(C)C,QHLDBFLIDFTHQI-UHFFFAOYSA-N,C10H22,10,bains:Yaws,90,row183,"4-ethyl-2,2-dimethylhexane",CC(C)(C)CC(CC)CC,-62.3709,,True
CC(C)C(C(C)C)C(C)C,YVYHOOYMDHZALB-UHFFFAOYSA-N,C10H22,10,bains:Yaws,90,row184,"2,4-dimethyl-3-isopropylpentane",CC(C)C(C(C)C)C(C)C,-61.6707,,True
CC(C)C(C)C(C)C(C)C,BHGNYYIOYPFWKC-UHFFFAOYSA-N,C10H22,10,bains:Yaws,90,row185,"2,3,4,5-tetramethylhexane",CC(C)C(C)C(C)C(C)C,-61.6707,,True
CCC(C)(C)CC(C)(C)C,PXHNHTBJHHSVPT-UHFFFAOYSA-N,C10H22,10,bains:Yaws,90,row186,"2,2,4,4-tetramethylhexane",CC(C)(C)CC(C)(C)CC,-61.5010,,True
CCC(C)(C)C(C)C(C)C,XDRDDPSGUQMOBO-UHFFFAOYSA-N,C10H22,10,bains:Yaws,90,row187,"2,3,4,4-tetramethylhexane",CC(C)C(C)C(C)(C)CC,-59.9809,,True
CCC(C)(C(C)C)C(C)C,OHZNMGSGEFVFTI-UHFFFAOYSA-N,C10H22,10,bains:Yaws,90,row188,"3-ethyl-2,3,4-trimethylpentane",CC(C)C(C)(CC)C(C)C,-60.0908,,True
CCC(C)(CC)C(C)(C)C,AJDIFHIHSYVDGP-UHFFFAOYSA-N,C10H22,10,bains:Yaws,90,row189,"3-ethyl-2,2,3-trimethylpentane",CC(C)(C)C(C)(CC)CC,-60.3705,,True
CCC(C)C(C)C(C)(C)C,MHPSPNGWFAGBNH-UHFFFAOYSA-N,C10H22,10,bains:Yaws,90,row190,"2,2,3,4-tetramethylhexane",CC(C)(C)C(C)C(C)CC,-60.5497,,True
CCCC(C)(C)C(C)(C)C,RMQHJMMCLSJULX-UHFFFAOYSA-N,C10H22,10,bains:Yaws,90,row191,"2,2,3,3-tetramethylhexane",CC(C)(C)C(C)(C)CCC,-61.6300,,True
CCC(C)(C)C(C)(C)CC,MCEYLFHKATVXLN-UHFFFAOYSA-N,C10H22,10,bains:Yaws,90,row192,"3,3,4,4-tetramethylhexane",CCC(C)(C)C(C)(C)CC,-60.3705,,True
CCC(C)C(C)(C)C(C)C,HIHSOGFAVTVMCY-UHFFFAOYSA-N,C10H22,10,bains:Yaws,90,row193,"2,3,3,4-tetramethylhexane",CC(C)C(C)(C)C(C)CC,-60.6597,,True
CCC(C(C)C)C(C)(C)C,VLIZIVHXZXQRDE-UHFFFAOYSA-N,C10H22,10,bains:Yaws,90,row194,"3-ethyl-2,2,4-trimethylpentane",CC(C)(C)C(CC)C(C)C,-60.5497,,True
CC(C)C(C)(C)C(C)(C)C,WKQBIIUOSATALN-UHFFFAOYSA-N,C10H22,10,bains:Yaws,90,row195,"2,2,3,3,4-pentamethylpentane",CC(C)(C)C(C)(C)C(C)C,-59.0798,,True
CC(C)CC(C)CC(C)C,YNLBBDHDNIXQNL-UHFFFAOYSA-N,C10H22,10,bains:Yaws,90,row196,"2,4,6-trimethylheptane",CC(C)CC(C)CC(C)C,-60.5210,,True
CC(C)CCC(C)C(C)C,IHPXJGBVRWFEJB-UHFFFAOYSA-N,C10H22,10,bains:Yaws,90,row197,"2,3,6-trimethylheptane",CC(C)C(C)CCC(C)C,-62.9589,,True
CC(C)CC(C)(C)C(C)C,GCGFXFIPOBRMQT-UHFFFAOYSA-N,C10H22,10,bains:Yaws,90,row198,"2,3,3,5-tetramethylhexane",CC(C)C(C)(C)CC(C)C,-61.8308,,True
CC(C)CC(C)C(C)(C)C,GCFKTDRTZYDRBI-UHFFFAOYSA-N,C10H22,10,bains:Yaws,90,row199,"2,2,3,5-tetramethylhexane",CC(C)(C)C(C)CC(C)C,-64.2902,,True
CC(C)C(C)CC(C)(C)C,KDRZICOOQNIJDN-UHFFFAOYSA-N,C10H22,10,bains:Yaws,90,row200,"2,2,4,5-tetramethylhexane",CC(C)(C)CC(C)C(C)C,-63.6090,,True
CC(C(C)(C)C)C(C)(C)C,OWFKEHICSVOVAC-UHFFFAOYSA-N,C10H22,10,bains:Yaws,90,row201,"2,2,3,4,4-pentamethylpentane",CC(C)(C)C(C)C(C)(C)C,-59.0392,,True
CC(C)CCCCC(C)C,KEVMYFLMMDUPJE-UHFFFAOYSA-N,C10H22,10,bains:Yaws,90,row202,"2,7-dimethyloctane",CC(C)CCCCC(C)C,-63.0999,,True
CC(C)CCCC(C)(C)C,FHJCGIUZJXWNET-UHFFFAOYSA-N,C10H22,10,bains:Yaws,90,row203,"2,2,6-trimethylheptane",CC(C)(C)CCCC(C)C,-65.6405,,True
CC(C)(C)CCC(C)(C)C,HXQDUXXBVMMIKL-UHFFFAOYSA-N,C10H22,10,bains:Yaws,90,row204,"2,2,5,5-tetramethylhexane",CC(C)(C)CCC(C)(C)C,-68.1812,,True
CCCCCCCCCCO,MWKFXSUHUHTGQN-UHFFFAOYSA-N,C10H22O,11,bains:Pedley,12,row205,1-decanol,CCCCCCCCCCO,-94.7419,,True
CCCCCCCCCCO,MWKFXSUHUHTGQN-UHFFFAOYSA-N,C10H22O,11,bains:Cox-1,13,row205,1-decanol,CCCCCCCCCCO,-94.8100,,True
O=C1C=CC(=O)c2ccccc21,FRASJONUBLZVQX-UHFFFAOYSA-N,C10H6O2,12,bains:Pedley,12,row213,"1,4-naphthoquinone",O=C(C1=C2C=CC=C1)C=CC2=O,-26.5296,,True
O=C1C=CC(=O)c2ccccc21,FRASJONUBLZVQX-UHFFFAOYSA-N,C10H6O2,12,bains:Cox-1,13,row213,"1,4-naphthoquinone",O=C(C1=C2C=CC=C1)C=CC2=O,-26.5000,,True
c1ccc2cccc-2cc1,CUFNKYGDVFVPHO-UHFFFAOYSA-N,C10H8,10,bains:Winget,18,row218,azulene,C12=CC=CC=CC1=CC=C2,73.4649,,True
c1ccc2cccc-2cc1,CUFNKYGDVFVPHO-UHFFFAOYSA-N,C10H8,10,bains:Cioslowski,11,row218,azulene,C12=CC=CC=CC1=CC=C2,69.1000,,True
c1ccc2cccc-2cc1,CUFNKYGDVFVPHO-UHFFFAOYSA-N,C10H8,10,bains:Yaws,90,row218,azulene,C12=CC=CC=CC1=CC=C2,66.8977,,True
c1ccc2ccccc2c1,UFWIBTONFRDIAS-UHFFFAOYSA-N,C10H8,10,bains:Cioslowski,11,row219,naphthalene,C12=CC=CC=C1C=CC=C2,36.1000,,True
Oc1ccc2ccccc2c1,JWAZRIHNYRIHIV-UHFFFAOYSA-N,C10H8O,11,bains:Pedley,12,row220,2-Naphthol,OC1=CC=C2C=CC=CC2=C1,-7.1702,,True
Oc1ccc2ccccc2c1,JWAZRIHNYRIHIV-UHFFFAOYSA-N,C10H8O,11,bains:Cox-1,13,row220,2-Naphthol,OC1=CC=C2C=CC=CC2=C1,-10.0000,,True
Oc1ccc2ccccc2c1,JWAZRIHNYRIHIV-UHFFFAOYSA-N,C10H8O,11,bains:Cox-2,13,row220,2-Naphthol,OC1=CC=C2C=CC=CC2=C1,-10.1000,,True
Oc1ccc2ccccc2c1,JWAZRIHNYRIHIV-UHFFFAOYSA-N,C10H8O,11,bains:Winget,18,row220,2-Naphthol,OC1=CC=C2C=CC=CC2=C1,-10.0952,,True
Oc1ccc2ccccc2c1,JWAZRIHNYRIHIV-UHFFFAOYSA-N,C10H8O,11,bains:Stewart,91,row220,2-Naphthol,OC1=CC=C2C=CC=CC2=C1,-10.0952,,True
Oc1cccc2ccccc12,KJCVRFUGPWSIIH-UHFFFAOYSA-N,C10H8O,11,bains:Pedley,12,row221,1-Naphthol,OC1=C2C=CC=CC2=CC=C1,-7.1463,,True
Oc1cccc2ccccc12,KJCVRFUGPWSIIH-UHFFFAOYSA-N,C10H8O,11,bains:Cox-1,13,row221,1-Naphthol,OC1=C2C=CC=CC2=CC=C1,-5.1000,,True
Oc1cccc2ccccc12,KJCVRFUGPWSIIH-UHFFFAOYSA-N,C10H8O,11,bains:Winget,18,row221,1-Naphthol,OC1=C2C=CC=CC2=CC=C1,-5.0976,,True
Oc1cccc2ccccc12,KJCVRFUGPWSIIH-UHFFFAOYSA-N,C10H8O,11,bains:Stewart,91,row221,1-Naphthol,OC1=C2C=CC=CC2=CC=C1,-5.0976,,True
Nc1ccc2ccccc2c1,JBIJLHTVPXGSAM-UHFFFAOYSA-N,C10H9N,11,bains:Pedley,12,row222,2-naphthylamine,Nc1ccc2ccccc2c1,31.9790,,True
Nc1ccc2ccccc2c1,JBIJLHTVPXGSAM-UHFFFAOYSA-N,C10H9N,11,bains:Cox-1,13,row222,2-naphthylamine,Nc1ccc2ccccc2c1,36.1000,,True
Nc1ccc2ccccc2c1,JBIJLHTVPXGSAM-UHFFFAOYSA-N,C10H9N,11,bains:Cox-2,13,row222,2-naphthylamine,Nc1ccc2ccccc2c1,34.9000,,True
Nc1ccc2ccccc2c1,JBIJLHTVPXGSAM-UHFFFAOYSA-N,C10H9N,11,bains:Cox-3,13,row222,2-naphthylamine,Nc1ccc2ccccc2c1,35.5000,,True
Nc1cccc2ccccc12,RUFPHBVGCFYCNW-UHFFFAOYSA-N,C10H9N,11,bains:Pedley,12,row223,1-naphthylamine,Nc1cccc2ccccc12,37.6673,,True
Nc1cccc2ccccc12,RUFPHBVGCFYCNW-UHFFFAOYSA-N,C10H9N,11,bains:Cox-1,13,row223,1-naphthylamine,Nc1cccc2ccccc12,37.7000,,True
N#CCC(=O)Cc1ccccc1,MGPKTKXUWSVAMY-UHFFFAOYSA-N,C10H9NO,12,bains:Pedley,12,row224,beta-oxobenzenebutanenitrile,N#CCC(CC1=CC=CC=C1)=O,7.2419,,True
Cc1cc(-c2ccccc2)no1,UCGIIOJWRLQBRP-UHFFFAOYSA-N,C10H9NO,12,bains:Pedley,12,row225,3-phenyl-5-methyl-isoxazole,Cc1onc(c1)c2ccccc2,23.5660,,True
Cc1cc(-c2ccccc2)no1,UCGIIOJWRLQBRP-UHFFFAOYSA-N,C10H9NO,12,bains:Cox-1,13,row225,3-phenyl-5-methyl-isoxazole,Cc1onc(c1)c2ccccc2,23.6000,,True
Cc1cc(-c2ccccc2)on1,FBYQIYSAUFWXQK-UHFFFAOYSA-N,C10H9NO,12,bains:Pedley,12,row226,3-methyl-5-phenyl-isoxazole,Cc1cc(on1)c2ccccc2,24.4742,,True
Cc1cc(-c2ccccc2)on1,FBYQIYSAUFWXQK-UHFFFAOYSA-N,C10H9NO,12,bains:Cox-1,13,row226,3-methyl-5-phenyl-isoxazole,Cc1cc(on1)c2ccccc2,25.5000,,True
CC(=O)c1c(C)cc(C)cc1C,XWCIICLTKWRWCI-UHFFFAOYSA-N,C11H14O,12,bains:Pedley,12,row227,"2,4,6-trimethylacetophenone",O=C(C)C1=C(C)C=C(C)C=C1C,-48.9723,,True
CC(=O)c1c(C)cc(C)cc1C,XWCIICLTKWRWCI-UHFFFAOYSA-N,C11H14O,12,bains:Cox-1,13,row227,"2,4,6-trimethylacetophenone",O=C(C)C1=C(C)C=C(C)C=C1C,-49.0000,,True
CC(=O)c1cc(C)c(C)cc1C,GENBEGZNCBFHSU-UHFFFAOYSA-N,C11H14O,12,bains:Pedley,12,row228,"2,4,5-trimethylacetophenone",O=C(C1=C(C)C=C(C)C(C)=C1)C,-45.1721,,True
CC(=O)c1cc(C)c(C)cc1C,GENBEGZNCBFHSU-UHFFFAOYSA-N,C11H14O,12,bains:Cox-1,13,row228,"2,4,5-trimethylacetophenone",O=C(C1=C(C)C=C(C)C(C)=C1)C,-45.2000,,True
CC(C)CC(=O)c1ccccc1,HEOVGVNITGAUKL-UHFFFAOYSA-N,C11H14O,12,bains:Pedley,12,row229,isobutyl phenyl ketone,O=C(CC(C)C)C1=CC=CC=C1,-38.4082,,True
CC(C)CC(=O)c1ccccc1,HEOVGVNITGAUKL-UHFFFAOYSA-N,C11H14O,12,bains:Cox-1,13,row229,isobutyl phenyl ketone,O=C(CC(C)C)C1=CC=CC=C1,-38.4100,,True
c1ccc(CCN2CCC2)cc1,VIXGVWUHPTYYAH-UHFFFAOYSA-N,C11H15N,12,bains:Pedley,12,row235,N-phenethylazetidine,N1(CCC2=CC=CC=C2)CCC1,44.1922,,True
C1CCC(N2CCCCC2)CC1,DSSKLTAHHALFRW-UHFFFAOYSA-N,C11H21N,12,bains:Pedley,12,row236,1-cyclohexylpiperidine,N1(C2CCCCC2)CCCCC1,-27.1033,,True
CC(C)(C)CC(=O)CC(C)(C)C,LPKATDGGXXEZFL-UHFFFAOYSA-N,C11H22O,12,bains:Pedley,12,row237,"2,2,6,6-tetramethyl-4-heptanone",CC(C)(C)CC(CC(C)(C)C)=O,-100.6692,,True
CCCCCC(=O)CCCCC,ZPQAKYPOZRXKFA-UHFFFAOYSA-N,C11H22O,12,bains:Pedley,12,row238,6-undecanone,CCCCCC(CCCCC)=O,-92.5908,,True
CCCCCCCCCCOC,JPEWDCTZJFUITH-UHFFFAOYSA-N,C11H24O,12,bains:Pedley,12,row239,1-methoxydecane,CCCCCCCCCCOC,-91.0851,,True
c1ccc(-c2ccccc2)cc1,ZUOUZKKEUPVFJK-UHFFFAOYSA-N,C12H10,12,bains:Cioslowski,11,row240,"1,1'-biphenyl",C1(C2=CC=CC=C2)=CC=CC=C1,43.4000,,True
c1cc2c3c(cccc3c1)CC2,CWRYPZZKDGJXCA-UHFFFAOYSA-N,C12H10,12,bains:Cioslowski,11,row241,"1,2-dihydroacenaphthylene",C12=C3C(CC2)=CC=CC3=CC=C1,37.3000,,True
c1ccc(/N=N\c2ccccc2)cc1,DMLAVOWQYNRWNQ-YPKPFQOOSA-N,C12H10N2,14,bains:Cioslowski,11,row245,"(Z)-1,2-diphenyldiazene",C1(/N=N\C2=CC=CC=C2)=CC=CC=C1,107.7000,,True
[O-]/[N+](=N/c1ccccc1)c1ccccc1,GAUZCKBSTZFWCT-BUHFOSPRSA-N,C12H10N2O,15,bains:Cioslowski,11,row246,"(E)-1,2-diphenyldiazene 1-oxide",[O-]/[N+](C1=CC=CC=C1)=N/C2=CC=CC=C2,81.7000,,True
c1ccc2c(c1)=c1ccccc1=2,IFVTZJHWGZSXFD-UHFFFAOYSA-N,C12H8,12,bains:Cioslowski,11,row264,biphenylene,C12=C3C=CC=CC3=C1C=CC=C2,99.9000,,True
C1=Cc2cccc3cccc1c23,HXGDTGSAIMULJN-UHFFFAOYSA-N,C12H8,12,bains:Cioslowski,11,row265,acenaphthylene,C12=CC=CC3=C1C(C=C2)=CC=C3,62.1000,,True
c1ccc2c(c1)[nH]c1ccccc12,UJOBWOGCFQCDNV-UHFFFAOYSA-N,C12H9N,13,bains:Cioslowski,11,row271,9H-carbazole,C1(NC2=C3C=CC=C2)=C3C=CC=C1,50.0000,,True
c1ccc2c(c1)cnc1ccccc12,RDOWQLZANAYVLL-UHFFFAOYSA-N,C13H9N,14,bains:Cioslowski,11,row273,phenanthridine,C12=NC=C3C=CC=CC3=C1C=CC=C2,57.5000,,True
c1ccc2nc3ccccc3cc2c1,DZBUGLKDJFMEHC-UHFFFAOYSA-N,C13H9N,14,bains:Cioslowski,11,row274,acridine,C12=NC3=CC=CC=C3C=C1C=CC=C2,65.5000,,True
c1ccc2cc3ccccc3cc2c1,MWPLVEDNUUSJAV-UHFFFAOYSA-N,C14H10,14,bains:Cioslowski,11,row275,anthracene,C12=CC=CC=C1C=C3C=CC=CC3=C2,55.2000,,True
c1ccc2c(c1)ccc1ccccc12,YNPNZTXNASCQKK-UHFFFAOYSA-N,C14H10,14,bains:Cioslowski,11,row276,phenanthrene,C12=CC=CC=C1C=CC3=CC=CC=C23,49.5000,,True
C(=C\c1ccccc1)/c1ccccc1,PJANXHGTPQOBST-VAWYXSNFSA-N,C14H12,14,bains:Cioslowski,11,row277,"(E)-1,2-diphenylethene",C1(/C=C/C2=CC=CC=C2)=CC=CC=C1,56.4000,,True
C#C,HSFWRNGVRCDJHI-UHFFFAOYSA-N,C2H2,2,bains:Pedley,12,row336,ethyne,C#C,54.5411,,True
C#C,HSFWRNGVRCDJHI-UHFFFAOYSA-N,C2H2,2,bains:Cox-1,13,row336,ethyne,C#C,54.3400,,True
C#C,HSFWRNGVRCDJHI-UHFFFAOYSA-N,C2H2,2,bains:Winget,18,row336,ethyne,C#C,54.1741,,True
C#C,HSFWRNGVRCDJHI-UHFFFAOYSA-N,C2H2,2,bains:Stewart,91,row336,ethyne,C#C,54.1741,,True
C#C,HSFWRNGVRCDJHI-UHFFFAOYSA-N,C2H2,2,bains:ATcT,10,row336,ethyne,C#C,54.5578,,True
C#C,HSFWRNGVRCDJHI-UHFFFAOYSA-N,C2H2,2,bains:Sandler,16,row336,ethyne,C#C,54.3499,,True
C#C,HSFWRNGVRCDJHI-UHFFFAOYSA-N,C2H2,2,bains:Cioslowski,11,row336,ethyne,C#C,54.2000,,True
C#C,HSFWRNGVRCDJHI-UHFFFAOYSA-N,C2H2,2,bains:Yaws,90,row336,ethyne,C#C,54.5411,,True
C#C,HSFWRNGVRCDJHI-UHFFFAOYSA-N,C2H2,2,bains:NIST-1,14,row336,ethyne,C#C,54.1898,,True
C#C,HSFWRNGVRCDJHI-UHFFFAOYSA-N,C2H2,2,bains:NIST-2,14,row336,ethyne,C#C,54.3499,,True
C#C,HSFWRNGVRCDJHI-UHFFFAOYSA-N,C2H2,2,bains:NIST-3,14,row336,ethyne,C#C,54.1826,,True
C#C,HSFWRNGVRCDJHI-UHFFFAOYSA-N,C2H2,2,bains:JANAF,15,row336,ethyne,C#C,54.1900,,True
Nc1nonc1[N+](=O)[O-],HAFURWXQHTZNTN-UHFFFAOYSA-N,C2H2N4O3,9,bains:Add Lit 1,17,row367,NOA,NC1=NON=C1[N+]([O-])=O,43.1644,,True
Nn1nc([N+](=O)[O-])nc1[N+](=O)[O-],HRDWPQPUIGIEFU-UHFFFAOYSA-N,C2H2N6O4,12,bains:Add Lit 1,17,row368,ADNT,NN1N=C([N+]([O-])=O)N=C1[N+]([O-])=O,87.3327,,True
C#CO,QFXZANXYUCUTQH-UHFFFAOYSA-N,C2H2O,3,bains:Winget,18,row369,Ethynol,C#CO,35.9828,,False
C#CO,QFXZANXYUCUTQH-UHFFFAOYSA-N,C2H2O,3,bains:ATcT,10,row369,Ethynol,C#CO,22.2753,,False
C#CO,QFXZANXYUCUTQH-UHFFFAOYSA-N,C2H2O,3,bains:Sandler,16,row369,Ethynol,C#CO,28.9197,,False
C=C=O,CCGKOQOJPYTBIH-UHFFFAOYSA-N,C2H2O,3,bains:Pedley,12,row370,ethenone,C=C=O,-11.3528,,True
C=C=O,CCGKOQOJPYTBIH-UHFFFAOYSA-N,C2H2O,3,bains:Cox-1,13,row370,ethenone,C=C=O,-14.2300,,True
C=C=O,CCGKOQOJPYTBIH-UHFFFAOYSA-N,C2H2O,3,bains:Winget,18,row370,ethenone,C=C=O,-11.3946,,True
C=C=O,CCGKOQOJPYTBIH-UHFFFAOYSA-N,C2H2O,3,bains:ATcT,10,row370,ethenone,C=C=O,-11.5894,,True
C=C=O,CCGKOQOJPYTBIH-UHFFFAOYSA-N,C2H2O,3,bains:NIST-1,14,row370,ethenone,C=C=O,-20.8509,,True
C=C=O,CCGKOQOJPYTBIH-UHFFFAOYSA-N,C2H2O,3,bains:NIST-2,14,row370,ethenone,C=C=O,-11.4723,,True
C=C=O,CCGKOQOJPYTBIH-UHFFFAOYSA-N,C2H2O,3,bains:NIST-3,14,row370,ethenone,C=C=O,-14.7801,,True
C1=CO1,BJEYNNFDAPPGST-UHFFFAOYSA-N,C2H2O,3,bains:ATcT,10,row371,Oxirene,C1=CO1,92.1128,,True
O=CC=O,LEQAOMBKQFMDFZ-UHFFFAOYSA-N,C2H2O2,4,bains:Pedley,12,row372,oxalaldehyde,O=CC=O,-50.6692,,True
O=CC=O,LEQAOMBKQFMDFZ-UHFFFAOYSA-N,C2H2O2,4,bains:Cox-1,13,row372,oxalaldehyde,O=CC=O,-50.6600,,True
O=CC=O,LEQAOMBKQFMDFZ-UHFFFAOYSA-N,C2H2O2,4,bains:Winget,18,row372,oxalaldehyde,O=CC=O,-50.6758,,True
O=CC=O,LEQAOMBKQFMDFZ-UHFFFAOYSA-N,C2H2O2,4,bains:Stewart,91,row372,oxalaldehyde,O=CC=O,-50.6758,,True
O=CC=O,LEQAOMBKQFMDFZ-UHFFFAOYSA-N,C2H2O2,4,bains:ATcT,10,row372,oxalaldehyde,O=CC=O,-50.7815,,True
O=CC=O,LEQAOMBKQFMDFZ-UHFFFAOYSA-N,C2H2O2,4,bains:NIST-1,14,row372,oxalaldehyde,O=CC=O,-50.6692,,True
O=C(O)C(=O)O,MUBZPKHOEPUJKR-UHFFFAOYSA-N,C2H2O4,6,bains:Pedley,12,row373,Oxalic acid,OC(=O)C(=O)O,-172.9685,,True
O=C(O)C(=O)O,MUBZPKHOEPUJKR-UHFFFAOYSA-N,C2H2O4,6,bains:Cox-1,13,row373,Oxalic acid,OC(=O)C(=O)O,-172.4300,,True
O=C(O)C(=O)O,MUBZPKHOEPUJKR-UHFFFAOYSA-N,C2H2O4,6,bains:Cox-2,13,row373,Oxalic acid,OC(=O)C(=O)O,-174.9600,,True
O=C(O)C(=O)O,MUBZPKHOEPUJKR-UHFFFAOYSA-N,C2H2O4,6,bains:Winget,18,row373,Oxalic acid,OC(=O)C(=O)O,-174.9163,,True
O=C(O)C(=O)O,MUBZPKHOEPUJKR-UHFFFAOYSA-N,C2H2O4,6,bains:Stewart,91,row373,Oxalic acid,OC(=O)C(=O)O,-174.9163,,True
O=C(O)C(=O)O,MUBZPKHOEPUJKR-UHFFFAOYSA-N,C2H2O4,6,bains:ATcT,10,row373,Oxalic acid,OC(=O)C(=O)O,-172.4187,,True
O=C(O)C(=O)O,MUBZPKHOEPUJKR-UHFFFAOYSA-N,C2H2O4,6,bains:Sandler,16,row373,Oxalic acid,OC(=O)C(=O)O,-174.9044,,True
CC#N,WEVYAHXRMPXWCK-UHFFFAOYSA-N,C2H3N,3,bains:Pedley,12,row405,acetonitrile,N#CC,15.3681,,True
CC#N,WEVYAHXRMPXWCK-UHFFFAOYSA-N,C2H3N,3,bains:Winget,18,row405,acetonitrile,N#CC,17.9914,,True
CC#N,WEVYAHXRMPXWCK-UHFFFAOYSA-N,C2H3N,3,bains:Stewart,91,row405,acetonitrile,N#CC,20.8900,,True
CC#N,WEVYAHXRMPXWCK-UHFFFAOYSA-N,C2H3N,3,bains:Sandler,16,row405,acetonitrile,N#CC,17.6960,,True
CC#N,WEVYAHXRMPXWCK-UHFFFAOYSA-N,C2H3N,3,bains:Cioslowski,11,row405,acetonitrile,N#CC,17.7000,,True
CC#N,WEVYAHXRMPXWCK-UHFFFAOYSA-N,C2H3N,3,bains:Yaws,90,row405,acetonitrile,N#CC,15.3920,,True
CC#N,WEVYAHXRMPXWCK-UHFFFAOYSA-N,C2H3N,3,bains:NIST-1,14,row405,acetonitrile,N#CC,17.6960,,True
CC#N,WEVYAHXRMPXWCK-UHFFFAOYSA-N,C2H3N,3,bains:NIST-2,14,row405,acetonitrile,N#CC,15.7409,,True
[C-]#[N+]C,ZRKSVHFXTRFQFL-UHFFFAOYSA-N,C2H3N,3,bains:Pedley,12,row406,isocyanomethane,C[N+]#[C-],39.0774,,True
[C-]#[N+]C,ZRKSVHFXTRFQFL-UHFFFAOYSA-N,C2H3N,3,bains:Winget,18,row406,isocyanomethane,C[N+]#[C-],35.5830,,True
[C-]#[N+]C,ZRKSVHFXTRFQFL-UHFFFAOYSA-N,C2H3N,3,bains:Stewart,91,row406,isocyanomethane,C[N+]#[C-],35.5830,,True
[C-]#[N+]C,ZRKSVHFXTRFQFL-UHFFFAOYSA-N,C2H3N,3,bains:Cioslowski,11,row406,isocyanomethane,C[N+]#[C-],39.1000,,True
[C-]#[N+]C,ZRKSVHFXTRFQFL-UHFFFAOYSA-N,C2H3N,3,bains:NIST-1,14,row406,isocyanomethane,C[N+]#[C-],39.0774,,True
[C-]#[N+]C,ZRKSVHFXTRFQFL-UHFFFAOYSA-N,C2H3N,3,bains:NIST-2,14,row406,isocyanomethane,C[N+]#[C-],34.1300,,True
c1nc[nH]n1,NSPMIYGKQJPBQR-UHFFFAOYSA-N,C2H3N3,5,bains:NIST-1,14,row407,"1H-1,2,4-triazole",N1N=CN=C1,46.0564,,True
c1nc[nH]n1,NSPMIYGKQJPBQR-UHFFFAOYSA-N,C2H3N3,5,bains:NIST-2,14,row407,"1H-1,2,4-triazole",N1N=CN=C1,46.2954,,True
c1nc[nH]n1,NSPMIYGKQJPBQR-UHFFFAOYSA-N,C2H3N3,5,bains:NIST-3,14,row407,"1H-1,2,4-triazole",N1N=CN=C1,45.0526,,True
c1nc[nH]n1,NSPMIYGKQJPBQR-UHFFFAOYSA-N,C2H3N3,5,bains:NIST-4,14,row407,"1H-1,2,4-triazole",N1N=CN=C1,45.3633,,True
CC([N+](=O)[O-])([N+](=O)[O-])[N+](=O)[O-],HSYGKEBJFKQOLE-UHFFFAOYSA-N,C2H3N3O6,11,bains:Winget,18,row408,"1,1,1- Trinitroethane",CC([N+]([O-])=O)([N+]([O-])=O)[N+]([O-])=O,-12.3941,,True
CC([N+](=O)[O-])([N+](=O)[O-])[N+](=O)[O-],HSYGKEBJFKQOLE-UHFFFAOYSA-N,C2H3N3O6,11,bains:Stewart,91,row408,"1,1,1- Trinitroethane",CC([N+]([O-])=O)([N+]([O-])=O)[N+]([O-])=O,-12.3941,,True
C=C,VGGSQFUCUMXWEO-UHFFFAOYSA-N,C2H4,2,bains:Pedley,12,row411,ethene,C=C,12.5478,,True
C=C,VGGSQFUCUMXWEO-UHFFFAOYSA-N,C2H4,2,bains:Cox-1,13,row411,ethene,C=C,12.5500,,True
C=C,VGGSQFUCUMXWEO-UHFFFAOYSA-N,C2H4,2,bains:Cox-2,13,row411,ethene,C=C,12.3400,,True
C=C,VGGSQFUCUMXWEO-UHFFFAOYSA-N,C2H4,2,bains:Cox-3,13,row411,ethene,C=C,12.4000,,True
C=C,VGGSQFUCUMXWEO-UHFFFAOYSA-N,C2H4,2,bains:Cox-4,13,row411,ethene,C=C,12.4500,,True
C=C,VGGSQFUCUMXWEO-UHFFFAOYSA-N,C2H4,2,bains:Winget,18,row411,ethene,C=C,12.4940,,True
C=C,VGGSQFUCUMXWEO-UHFFFAOYSA-N,C2H4,2,bains:ATcT,10,row411,ethene,C=C,12.5215,,True
C=C,VGGSQFUCUMXWEO-UHFFFAOYSA-N,C2H4,2,bains:Sandler,16,row411,ethene,C=C,12.5239,,True
C=C,VGGSQFUCUMXWEO-UHFFFAOYSA-N,C2H4,2,bains:Cioslowski,11,row411,ethene,C=C,12.5000,,True
C=C,VGGSQFUCUMXWEO-UHFFFAOYSA-N,C2H4,2,bains:NIST-1,14,row411,ethene,C=C,12.5406,,True
C=C,VGGSQFUCUMXWEO-UHFFFAOYSA-N,C2H4,2,bains:NIST-2,14,row411,ethene,C=C,12.5239,,True
C=C,VGGSQFUCUMXWEO-UHFFFAOYSA-N,C2H4,2,bains:JANAF,15,row411,ethene,C=C,12.5399,,True
NC(=O)C(N)=O,YIKSCQDJHCMVMK-UHFFFAOYSA-N,C2H4N2O2,6,bains:Pedley,12,row426,oxalamide,NC(C(N)=O)=O,-96.2237,,True
NC(=O)C(N)=O,YIKSCQDJHCMVMK-UHFFFAOYSA-N,C2H4N2O2,6,bains:Cox-1,13,row426,oxalamide,NC(C(N)=O)=O,-96.2000,,True
NC(=O)C(N)=O,YIKSCQDJHCMVMK-UHFFFAOYSA-N,C2H4N2O2,6,bains:NIST-1,14,row426,oxalamide,NC(C(N)=O)=O,-92.5191,,True
CC([N+](=O)[O-])[N+](=O)[O-],LKKHEZBRRGJBGH-UHFFFAOYSA-N,C2H4N2O4,8,bains:Winget,18,row427,"1,1-Dinitroethane",CC([N+]([O-])=O)[N+]([O-])=O,-24.0885,,True
CC([N+](=O)[O-])[N+](=O)[O-],LKKHEZBRRGJBGH-UHFFFAOYSA-N,C2H4N2O4,8,bains:Stewart,91,row427,"1,1-Dinitroethane",CC([N+]([O-])=O)[N+]([O-])=O,-24.0885,,True
O=[N+]([O-])CC[N+](=O)[O-],UXGRXJVMQSSUGS-UHFFFAOYSA-N,C2H4N2O4,8,bains:Winget,18,row428,"1,2-Dinitroethane",O=[N+](CC[N+]([O-])=O)[O-],-22.8891,,True
O=[N+]([O-])CC[N+](=O)[O-],UXGRXJVMQSSUGS-UHFFFAOYSA-N,C2H4N2O4,8,bains:Stewart,91,row428,"1,2-Dinitroethane",O=[N+](CC[N+]([O-])=O)[O-],-22.8891,,True
Cc1nn[nH]n1,XZGLNCKSNVGDNX-UHFFFAOYSA-N,C2H4N4,6,bains:NIST-1,14,row430,5-methyl-2H-tetrazole,CC1=NNN=N1,67.0889,,True
Cn1cnnn1,OMAFFHIGWTVZOH-UHFFFAOYSA-N,C2H4N4,6,bains:NIST-1,14,row431,1-methyl-1H-tetrazole,CN1N=NN=C1,77.1750,,True
Cn1ncnn1,VRESBNUEIKZECD-UHFFFAOYSA-N,C2H4N4,6,bains:NIST-1,14,row432,2-methyl-2H-tetrazole,CN1N=NC=N1,78.4895,,True
O=[N+]([O-])N1CN([N+](=O)[O-])C1,XVPJPHOALLVIQC-UHFFFAOYSA-N,C2H4N4O4,10,bains:Add Lit 1,17,row433,"1,3-dinitro-1,3-diazetidine",O=[N+](N1CN([N+]([O-])=O)C1)[O-],44.1683,,True
CC=O,IKHGUXGNUITLKF-UHFFFAOYSA-N,C2H4O,3,bains:Pedley,12,row434,acetaldehyde,O=CC,-39.6989,,True
CC=O,IKHGUXGNUITLKF-UHFFFAOYSA-N,C2H4O,3,bains:Cox-1,13,row434,acetaldehyde,O=CC,-39.7300,,True
CC=O,IKHGUXGNUITLKF-UHFFFAOYSA-N,C2H4O,3,bains:Winget,18,row434,acetaldehyde,O=CC,-39.6810,,True
CC=O,IKHGUXGNUITLKF-UHFFFAOYSA-N,C2H4O,3,bains:ATcT,10,row434,acetaldehyde,O=CC,-39.5411,,True
CC=O,IKHGUXGNUITLKF-UHFFFAOYSA-N,C2H4O,3,bains:Sandler,16,row434,acetaldehyde,O=CC,-39.6989,,True
CC=O,IKHGUXGNUITLKF-UHFFFAOYSA-N,C2H4O,3,bains:Cioslowski,11,row434,acetaldehyde,O=CC,-39.7000,,True
CC=O,IKHGUXGNUITLKF-UHFFFAOYSA-N,C2H4O,3,bains:Yaws,90,row434,acetaldehyde,O=CC,-39.7228,,True
CC=O,IKHGUXGNUITLKF-UHFFFAOYSA-N,C2H4O,3,bains:NIST-1,14,row434,acetaldehyde,O=CC,-40.7983,,True
C1CO1,IAYPIBMASNFSPL-UHFFFAOYSA-N,C2H4O,3,bains:Pedley,12,row435,oxirane,C1OC1,-12.5717,,True
C1CO1,IAYPIBMASNFSPL-UHFFFAOYSA-N,C2H4O,3,bains:Cox-1,13,row435,oxirane,C1OC1,-12.5800,,True
C1CO1,IAYPIBMASNFSPL-UHFFFAOYSA-N,C2H4O,3,bains:Cox-2,13,row435,oxirane,C1OC1,-12.1800,,True
C1CO1,IAYPIBMASNFSPL-UHFFFAOYSA-N,C2H4O,3,bains:Cox-3,13,row435,oxirane,C1OC1,-16.9200,,True
C1CO1,IAYPIBMASNFSPL-UHFFFAOYSA-N,C2H4O,3,bains:Cox-4,13,row435,oxirane,C1OC1,-12.5800,,True
C1CO1,IAYPIBMASNFSPL-UHFFFAOYSA-N,C2H4O,3,bains:Winget,18,row435,oxirane,C1OC1,-12.5940,,True
C1CO1,IAYPIBMASNFSPL-UHFFFAOYSA-N,C2H4O,3,bains:Cioslowski,11,row435,oxirane,C1OC1,-12.6000,,True
C1CO1,IAYPIBMASNFSPL-UHFFFAOYSA-N,C2H4O,3,bains:NIST-1,14,row435,oxirane,C1OC1,-12.5813,,True
C1CO1,IAYPIBMASNFSPL-UHFFFAOYSA-N,C2H4O,3,bains:NIST-2,14,row435,oxirane,C1OC1,-12.5789,,True
C1CO1,IAYPIBMASNFSPL-UHFFFAOYSA-N,C2H4O,3,bains:NIST-3,14,row435,oxirane,C1OC1,-16.7782,,True
C1CO1,IAYPIBMASNFSPL-UHFFFAOYSA-N,C2H4O,3,bains:JANAF,15,row435,oxirane,C1OC1,-12.5801,,True
CC(=O)O,QTBSBXVTEAMEQO-UHFFFAOYSA-N,C2H4O2,4,bains:Pedley,12,row436,acetic acid,OC(C)=O,-103.4417,,True
CC(=O)O,QTBSBXVTEAMEQO-UHFFFAOYSA-N,C2H4O2,4,bains:Cox-1,13,row436,acetic acid,OC(C)=O,-103.2200,,True
CC(=O)O,QTBSBXVTEAMEQO-UHFFFAOYSA-N,C2H4O2,4,bains:Cox-2,13,row436,acetic acid,OC(C)=O,-103.3000,,True
CC(=O)O,QTBSBXVTEAMEQO-UHFFFAOYSA-N,C2H4O2,4,bains:Cox-3,13,row436,acetic acid,OC(C)=O,-103.2600,,True
CC(=O)O,QTBSBXVTEAMEQO-UHFFFAOYSA-N,C2H4O2,4,bains:Stewart,91,row436,acetic acid,OC(C)=O,-103.2506,,True
CC(=O)O,QTBSBXVTEAMEQO-UHFFFAOYSA-N,C2H4O2,4,bains:ATcT,10,row436,acetic acid,OC(C)=O,-98.2792,,True
CC(=O)O,QTBSBXVTEAMEQO-UHFFFAOYSA-N,C2H4O2,4,bains:Sandler,16,row436,acetic acid,OC(C)=O,-103.4417,,True
CC(=O)O,QTBSBXVTEAMEQO-UHFFFAOYSA-N,C2H4O2,4,bains:Cioslowski,11,row436,acetic acid,OC(C)=O,-103.4000,,True
CC(=O)O,QTBSBXVTEAMEQO-UHFFFAOYSA-N,C2H4O2,4,bains:Yaws,90,row436,acetic acid,OC(C)=O,-103.3222,,True
CC(=O)O,QTBSBXVTEAMEQO-UHFFFAOYSA-N,C2H4O2,4,bains:NIST-1,14,row436,acetic acid,OC(C)=O,-103.4895,,True
COC=O,TZIHFWKZFHZASV-UHFFFAOYSA-N,C2H4O2,4,bains:Pedley,12,row437,methyl formate,O=COC,-84.9665,,True
COC=O,TZIHFWKZFHZASV-UHFFFAOYSA-N,C2H4O2,4,bains:Winget,18,row437,methyl formate,O=COC,-84.9594,,True
COC=O,TZIHFWKZFHZASV-UHFFFAOYSA-N,C2H4O2,4,bains:Stewart,91,row437,methyl formate,O=COC,-83.5600,,True
COC=O,TZIHFWKZFHZASV-UHFFFAOYSA-N,C2H4O2,4,bains:ATcT,10,row437,methyl formate,O=COC,-85.5115,,True
COC=O,TZIHFWKZFHZASV-UHFFFAOYSA-N,C2H4O2,4,bains:Cioslowski,11,row437,methyl formate,O=COC,-85.0000,,True
COC=O,TZIHFWKZFHZASV-UHFFFAOYSA-N,C2H4O2,4,bains:NIST-1,14,row437,methyl formate,O=COC,-80.5210,,True
COC=O,TZIHFWKZFHZASV-UHFFFAOYSA-N,C2H4O2,4,bains:NIST-2,14,row437,methyl formate,O=COC,-83.4130,,True
COC=O,TZIHFWKZFHZASV-UHFFFAOYSA-N,C2H4O2,4,bains:NIST-3,14,row437,methyl formate,O=COC,-86.5201,,True
COC=O,TZIHFWKZFHZASV-UHFFFAOYSA-N,C2H4O2,4,bains:NIST-4,14,row437,methyl formate,O=COC,-84.9665,,True
O=C(O)CO,AEMRFAOFKBGASW-UHFFFAOYSA-N,C2H4O3,5,bains:Sandler,16,row438,2-hydroxy acetic acid,OCC(=O)O,-139.3403,,True
C1CN1,NOWKCMXCCJGMRR-UHFFFAOYSA-N,C2H5N,3,bains:Pedley,12,row457,aziridine,N1CC1,30.2342,,True
C1CN1,NOWKCMXCCJGMRR-UHFFFAOYSA-N,C2H5N,3,bains:Cox-1,13,row457,aziridine,N1CC1,30.2400,,True
C1CN1,NOWKCMXCCJGMRR-UHFFFAOYSA-N,C2H5N,3,bains:Winget,18,row457,aziridine,N1CC1,30.1856,,True
C1CN1,NOWKCMXCCJGMRR-UHFFFAOYSA-N,C2H5N,3,bains:Stewart,91,row457,aziridine,N1CC1,30.1856,,True
C1CN1,NOWKCMXCCJGMRR-UHFFFAOYSA-N,C2H5N,3,bains:Cioslowski,11,row457,aziridine,N1CC1,30.2000,,True
CC(N)=O,DLFVBJFMPXGRIB-UHFFFAOYSA-N,C2H5NO,4,bains:Pedley,12,row458,acetamide,CC(N)=O,-56.9551,,True
CC(N)=O,DLFVBJFMPXGRIB-UHFFFAOYSA-N,C2H5NO,4,bains:Winget,18,row458,acetamide,CC(N)=O,-56.9728,,True
CC(N)=O,DLFVBJFMPXGRIB-UHFFFAOYSA-N,C2H5NO,4,bains:Cioslowski,11,row458,acetamide,CC(N)=O,-57.0000,,True
CC(N)=O,DLFVBJFMPXGRIB-UHFFFAOYSA-N,C2H5NO,4,bains:Yaws,90,row458,acetamide,CC(N)=O,-56.9551,,True
CC(N)=O,DLFVBJFMPXGRIB-UHFFFAOYSA-N,C2H5NO,4,bains:NIST-1,14,row458,acetamide,CC(N)=O,-56.9622,,True
C/C=N/O,FZENGILVLUJGJX-NSCUHMNNSA-N,C2H5NO,4,bains:NIST-1,14,row459,(E)-acetaldehyde oxime,C/C=N/O,-5.3896,,True
CC[N+](=O)[O-],MCSAJNNLRCFZED-UHFFFAOYSA-N,C2H5NO2,5,bains:Add Lit 1,17,row460,Nitroethane,CC[N+]([O-])=O,-24.3683,,True
CC[N+](=O)[O-],MCSAJNNLRCFZED-UHFFFAOYSA-N,C2H5NO2,5,bains:Pedley,12,row460,Nitroethane,CC[N+]([O-])=O,-24.4503,,True
CC[N+](=O)[O-],MCSAJNNLRCFZED-UHFFFAOYSA-N,C2H5NO2,5,bains:Cox-1,13,row460,Nitroethane,CC[N+]([O-])=O,-23.5300,,True
CC[N+](=O)[O-],MCSAJNNLRCFZED-UHFFFAOYSA-N,C2H5NO2,5,bains:Cox-2,13,row460,Nitroethane,CC[N+]([O-])=O,-22.7000,,True
CC[N+](=O)[O-],MCSAJNNLRCFZED-UHFFFAOYSA-N,C2H5NO2,5,bains:Cox-3,13,row460,Nitroethane,CC[N+]([O-])=O,-24.3800,,True
CC[N+](=O)[O-],MCSAJNNLRCFZED-UHFFFAOYSA-N,C2H5NO2,5,bains:Winget,18,row460,Nitroethane,CC[N+]([O-])=O,-23.4888,,True
CC[N+](=O)[O-],MCSAJNNLRCFZED-UHFFFAOYSA-N,C2H5NO2,5,bains:Stewart,91,row460,Nitroethane,CC[N+]([O-])=O,-23.4888,,True
COC(N)=O,GTCAXTIRRLKXRU-UHFFFAOYSA-N,C2H5NO2,5,bains:NIST-1,14,row461,methyl carbamate,NC(OC)=O,-101.6491,,True
NCC(=O)O,DHMQDGOQFOQNFH-UHFFFAOYSA-N,C2H5NO2,5,bains:Pedley,12,row462,glycine,NCC(O)=O,-93.7141,,True
NCC(=O)O,DHMQDGOQFOQNFH-UHFFFAOYSA-N,C2H5NO2,5,bains:Cox-1,13,row462,glycine,NCC(O)=O,-93.7200,,True
NCC(=O)O,DHMQDGOQFOQNFH-UHFFFAOYSA-N,C2H5NO2,5,bains:Cox-2,13,row462,glycine,NCC(O)=O,-95.8000,,True
NCC(=O)O,DHMQDGOQFOQNFH-UHFFFAOYSA-N,C2H5NO2,5,bains:Winget,18,row462,glycine,NCC(O)=O,-93.6552,,True
NCC(=O)O,DHMQDGOQFOQNFH-UHFFFAOYSA-N,C2H5NO2,5,bains:Stewart,91,row462,glycine,NCC(O)=O,-93.6552,,True
NCC(=O)O,DHMQDGOQFOQNFH-UHFFFAOYSA-N,C2H5NO2,5,bains:Cioslowski,11,row462,glycine,NCC(O)=O,-93.7000,,True
NCC(=O)O,DHMQDGOQFOQNFH-UHFFFAOYSA-N,C2H5NO2,5,bains:NIST-1,14,row462,glycine,NCC(O)=O,-93.3317,,True
CCO[N+](=O)[O-],IDNUEBSJWINEMI-UHFFFAOYSA-N,C2H5NO3,6,bains:Pedley,12,row463,ethyl nitrate,O=[N+]([O-])OCC,-36.8308,,True
CCO[N+](=O)[O-],IDNUEBSJWINEMI-UHFFFAOYSA-N,C2H5NO3,6,bains:Cox-1,13,row463,ethyl nitrate,O=[N+]([O-])OCC,-36.8300,,True
CCO[N+](=O)[O-],IDNUEBSJWINEMI-UHFFFAOYSA-N,C2H5NO3,6,bains:Winget,18,row463,ethyl nitrate,O=[N+]([O-])OCC,-36.7824,,True
CCO[N+](=O)[O-],IDNUEBSJWINEMI-UHFFFAOYSA-N,C2H5NO3,6,bains:Stewart,91,row463,ethyl nitrate,O=[N+]([O-])OCC,-36.7824,,True
CCO[N+](=O)[O-],IDNUEBSJWINEMI-UHFFFAOYSA-N,C2H5NO3,6,bains:Yaws,90,row463,ethyl nitrate,O=[N+]([O-])OCC,-36.7997,,True
CCO[N+](=O)[O-],IDNUEBSJWINEMI-UHFFFAOYSA-N,C2H5NO3,6,bains:NIST-1,14,row463,ethyl nitrate,O=[N+]([O-])OCC,-37.0459,,True
O=[N+]([O-])CCO,KIPMDPDAFINLIV-UHFFFAOYSA-N,C2H5NO3,6,bains:Winget,18,row464,Nitroethanol,OCC[N+]([O-])=O,-69.5746,,True
O=[N+]([O-])CCO,KIPMDPDAFINLIV-UHFFFAOYSA-N,C2H5NO3,6,bains:Stewart,91,row464,Nitroethanol,OCC[N+]([O-])=O,-75.0641,,True
CC,OTMSDBZUPAUEDD-UHFFFAOYSA-N,C2H6,2,bains:Add Lit 1,17,row466,ethane,CC,-20.2303,,True
CC,OTMSDBZUPAUEDD-UHFFFAOYSA-N,C2H6,2,bains:Pedley,12,row466,ethane,CC,-20.0287,,True
CC,OTMSDBZUPAUEDD-UHFFFAOYSA-N,C2H6,2,bains:Cox-1,13,row466,ethane,CC,-20.2400,,True
CC,OTMSDBZUPAUEDD-UHFFFAOYSA-N,C2H6,2,bains:Winget,18,row466,ethane,CC,-20.0904,,True
CC,OTMSDBZUPAUEDD-UHFFFAOYSA-N,C2H6,2,bains:Stewart,91,row466,ethane,CC,-20.1903,,True
CC,OTMSDBZUPAUEDD-UHFFFAOYSA-N,C2H6,2,bains:ATcT,10,row466,ethane,CC,-20.0669,,True
CC,OTMSDBZUPAUEDD-UHFFFAOYSA-N,C2H6,2,bains:Sandler,16,row466,ethane,CC,-20.0406,,True
CC,OTMSDBZUPAUEDD-UHFFFAOYSA-N,C2H6,2,bains:Cioslowski,11,row466,ethane,CC,-20.0000,,True
CC,OTMSDBZUPAUEDD-UHFFFAOYSA-N,C2H6,2,bains:Yaws,90,row466,ethane,CC,-20.0287,,True
CNC(N)=O,XGEGHDBEHXKFPX-UHFFFAOYSA-N,C2H6N2O,5,bains:NIST-1,14,row473,1-methylurea,NC(NC)=O,-56.3289,,True
CNC(N)=O,XGEGHDBEHXKFPX-UHFFFAOYSA-N,C2H6N2O,5,bains:NIST-2,14,row473,1-methylurea,NC(NC)=O,-55.8078,,True
CN(C)[N+](=O)[O-],XRWKADIRZXTTLH-UHFFFAOYSA-N,C2H6N2O2,6,bains:Add Lit 1,17,row474,N-nitrodimethylamine,CN([N+]([O-])=O)C,-3.0115,,True
CN(C)[N+](=O)[O-],XRWKADIRZXTTLH-UHFFFAOYSA-N,C2H6N2O2,6,bains:Pedley,12,row474,N-nitrodimethylamine,CN([N+]([O-])=O)C,-1.1472,,True
CN(C)[N+](=O)[O-],XRWKADIRZXTTLH-UHFFFAOYSA-N,C2H6N2O2,6,bains:Cox-1,13,row474,N-nitrodimethylamine,CN([N+]([O-])=O)C,-0.2000,,True
CN(C)[N+](=O)[O-],XRWKADIRZXTTLH-UHFFFAOYSA-N,C2H6N2O2,6,bains:Winget,18,row474,N-nitrodimethylamine,CN([N+]([O-])=O)C,-3.1985,,True
CCO,LFQSCWFLJHTTHZ-UHFFFAOYSA-N,C2H6O,3,bains:Add Lit 1,17,row475,ethanol,OCC,-56.2131,,True
CCO,LFQSCWFLJHTTHZ-UHFFFAOYSA-N,C2H6O,3,bains:Pedley,12,row475,ethanol,OCC,-56.2141,,True
CCO,LFQSCWFLJHTTHZ-UHFFFAOYSA-N,C2H6O,3,bains:Cox-1,13,row475,ethanol,OCC,-56.2400,,True
CCO,LFQSCWFLJHTTHZ-UHFFFAOYSA-N,C2H6O,3,bains:Cox-2,13,row475,ethanol,OCC,-56.0100,,True
CCO,LFQSCWFLJHTTHZ-UHFFFAOYSA-N,C2H6O,3,bains:Cox-3,13,row475,ethanol,OCC,-56.2400,,True
CCO,LFQSCWFLJHTTHZ-UHFFFAOYSA-N,C2H6O,3,bains:Winget,18,row475,ethanol,OCC,-56.1731,,True
CCO,LFQSCWFLJHTTHZ-UHFFFAOYSA-N,C2H6O,3,bains:ATcT,10,row475,ethanol,OCC,-56.0803,,True
CCO,LFQSCWFLJHTTHZ-UHFFFAOYSA-N,C2H6O,3,bains:Sandler,16,row475,ethanol,OCC,-56.1185,,True
CCO,LFQSCWFLJHTTHZ-UHFFFAOYSA-N,C2H6O,3,bains:Cioslowski,11,row475,ethanol,OCC,-56.2000,,True
CCO,LFQSCWFLJHTTHZ-UHFFFAOYSA-N,C2H6O,3,bains:Yaws,90,row475,ethanol,OCC,-56.1663,,True
CCO,LFQSCWFLJHTTHZ-UHFFFAOYSA-N,C2H6O,3,bains:NIST-1,14,row475,ethanol,OCC,-55.9273,,True
COC,LCGLNKUTAGEVQW-UHFFFAOYSA-N,C2H6O,3,bains:Add Lit 1,17,row476,methoxymethane,COC,-43.9690,,True
COC,LCGLNKUTAGEVQW-UHFFFAOYSA-N,C2H6O,3,bains:Pedley,12,row476,methoxymethane,COC,-44.0010,,True
COC,LCGLNKUTAGEVQW-UHFFFAOYSA-N,C2H6O,3,bains:Cox-1,13,row476,methoxymethane,COC,-43.9900,,True
COC,LCGLNKUTAGEVQW-UHFFFAOYSA-N,C2H6O,3,bains:Winget,18,row476,methoxymethane,COC,-43.9790,,True
COC,LCGLNKUTAGEVQW-UHFFFAOYSA-N,C2H6O,3,bains:ATcT,10,row476,methoxymethane,COC,-43.9866,,True
COC,LCGLNKUTAGEVQW-UHFFFAOYSA-N,C2H6O,3,bains:Sandler,16,row476,methoxymethane,COC,-44.0010,,True
COC,LCGLNKUTAGEVQW-UHFFFAOYSA-N,C2H6O,3,bains:Cioslowski,11,row476,methoxymethane,COC,-44.0000,,True
COC,LCGLNKUTAGEVQW-UHFFFAOYSA-N,C2H6O,3,bains:Yaws,90,row476,methoxymethane,COC,-44.0010,,True
COC,LCGLNKUTAGEVQW-UHFFFAOYSA-N,C2H6O,3,bains:NIST-1,14,row476,methoxymethane,COC,-44.0010,,True
CCOO,ILHIHKRJJMKBEE-UHFFFAOYSA-N,C2H6O2,4,bains:Pedley,12,row477,ethyl hydroperoxide,CCOO,-47.5382,,True
CCOO,ILHIHKRJJMKBEE-UHFFFAOYSA-N,C2H6O2,4,bains:Cox-1,13,row477,ethyl hydroperoxide,CCOO,-47.6000,,True
COOC,SRXOCFMDUSFFAK-UHFFFAOYSA-N,C2H6O2,4,bains:Pedley,12,row478,(methylperoxy)methane,O(OC)C,-30.0430,,True
COOC,SRXOCFMDUSFFAK-UHFFFAOYSA-N,C2H6O2,4,bains:Cox-1,13,row478,(methylperoxy)methane,O(OC)C,-30.1000,,True
COOC,SRXOCFMDUSFFAK-UHFFFAOYSA-N,C2H6O2,4,bains:Winget,18,row478,(methylperoxy)methane,O(OC)C,-30.0856,,True
COOC,SRXOCFMDUSFFAK-UHFFFAOYSA-N,C2H6O2,4,bains:Stewart,91,row478,(methylperoxy)methane,O(OC)C,-30.0856,,True
COOC,SRXOCFMDUSFFAK-UHFFFAOYSA-N,C2H6O2,4,bains:Sandler,16,row478,(methylperoxy)methane,O(OC)C,-29.9952,,True
COOC,SRXOCFMDUSFFAK-UHFFFAOYSA-N,C2H6O2,4,bains:NIST-1,14,row478,(methylperoxy)methane,O(OC)C,-30.1147,,True
OCCO,LYCAIKOWRPUZTN-UHFFFAOYSA-N,C2H6O2,4,bains:Pedley,12,row479,Glycol,OCCO,-92.6147,,True
OCCO,LYCAIKOWRPUZTN-UHFFFAOYSA-N,C2H6O2,4,bains:Cox-1,13,row479,Glycol,OCCO,-93.9000,,True
OCCO,LYCAIKOWRPUZTN-UHFFFAOYSA-N,C2H6O2,4,bains:Cox-2,13,row479,Glycol,OCCO,-93.5000,,True
OCCO,LYCAIKOWRPUZTN-UHFFFAOYSA-N,C2H6O2,4,bains:Cox-3,13,row479,Glycol,OCCO,-90.8000,,True
OCCO,LYCAIKOWRPUZTN-UHFFFAOYSA-N,C2H6O2,4,bains:Winget,18,row479,Glycol,OCCO,-93.8551,,True
OCCO,LYCAIKOWRPUZTN-UHFFFAOYSA-N,C2H6O2,4,bains:Stewart,91,row479,Glycol,OCCO,-93.8551,,True
OCCO,LYCAIKOWRPUZTN-UHFFFAOYSA-N,C2H6O2,4,bains:ATcT,10,row479,Glycol,OCCO,-93.0784,,True
OCCO,LYCAIKOWRPUZTN-UHFFFAOYSA-N,C2H6O2,4,bains:Sandler,16,row479,Glycol,OCCO,-93.7380,,True
OCOOCO,JLJXMZMKMRQOLN-UHFFFAOYSA-N,C2H6O4,6,bains:Pedley,12,row482,bishydroxymethylperoxide,OCOOCO,-136.6396,,True
OCOOCO,JLJXMZMKMRQOLN-UHFFFAOYSA-N,C2H6O4,6,bains:Cox-1,13,row482,bishydroxymethylperoxide,OCOOCO,-137.6000,,True
CCN,QUSNBJAOOMFDIB-UHFFFAOYSA-N,C2H7N,3,bains:Pedley,12,row498,ethanamine,NCC,-11.3289,,True
CCN,QUSNBJAOOMFDIB-UHFFFAOYSA-N,C2H7N,3,bains:Cox-1,13,row498,ethanamine,NCC,-11.3500,,True
CCN,QUSNBJAOOMFDIB-UHFFFAOYSA-N,C2H7N,3,bains:Winget,18,row498,ethanamine,NCC,-11.2946,,True
CCN,QUSNBJAOOMFDIB-UHFFFAOYSA-N,C2H7N,3,bains:Stewart,91,row498,ethanamine,NCC,-11.3946,,True
CCN,QUSNBJAOOMFDIB-UHFFFAOYSA-N,C2H7N,3,bains:Cioslowski,11,row498,ethanamine,NCC,-11.3000,,True
CCN,QUSNBJAOOMFDIB-UHFFFAOYSA-N,C2H7N,3,bains:NIST-1,14,row498,ethanamine,NCC,-13.7906,,True
CNC,ROSDSFDQCJNGOL-UHFFFAOYSA-N,C2H7N,3,bains:Pedley,12,row499,dimethylamine,CNC,-4.4455,,True
CNC,ROSDSFDQCJNGOL-UHFFFAOYSA-N,C2H7N,3,bains:Cox-1,13,row499,dimethylamine,CNC,-4.6600,,True
CNC,ROSDSFDQCJNGOL-UHFFFAOYSA-N,C2H7N,3,bains:Cox-2,13,row499,dimethylamine,CNC,-4.4300,,True
CNC,ROSDSFDQCJNGOL-UHFFFAOYSA-N,C2H7N,3,bains:Winget,18,row499,dimethylamine,CNC,-4.3979,,True
CNC,ROSDSFDQCJNGOL-UHFFFAOYSA-N,C2H7N,3,bains:Stewart,91,row499,dimethylamine,CNC,-6.5968,,True
CNC,ROSDSFDQCJNGOL-UHFFFAOYSA-N,C2H7N,3,bains:ATcT,10,row499,dimethylamine,CNC,-4.3284,,True
CNC,ROSDSFDQCJNGOL-UHFFFAOYSA-N,C2H7N,3,bains:Cioslowski,11,row499,dimethylamine,CNC,-4.4000,,True
CNC,ROSDSFDQCJNGOL-UHFFFAOYSA-N,C2H7N,3,bains:Yaws,90,row499,dimethylamine,CNC,-4.4455,,True
CNC,ROSDSFDQCJNGOL-UHFFFAOYSA-N,C2H7N,3,bains:NIST-1,14,row499,dimethylamine,CNC,-4.5411,,True
CNC,ROSDSFDQCJNGOL-UHFFFAOYSA-N,C2H7N,3,bains:NIST-2,14,row499,dimethylamine,CNC,-5.6883,,True
CNNC,DIIIISSCIXVANO-UHFFFAOYSA-N,C2H8N2,4,bains:Pedley,12,row503,"1,2- Dimethyl hydrazine",CNNC,21.9885,,True
CNNC,DIIIISSCIXVANO-UHFFFAOYSA-N,C2H8N2,4,bains:Cox-1,13,row503,"1,2- Dimethyl hydrazine",CNNC,21.9900,,True
CNNC,DIIIISSCIXVANO-UHFFFAOYSA-N,C2H8N2,4,bains:Winget,18,row503,"1,2- Dimethyl hydrazine",CNNC,21.9895,,True
CNNC,DIIIISSCIXVANO-UHFFFAOYSA-N,C2H8N2,4,bains:Stewart,91,row503,"1,2- Dimethyl hydrazine",CNNC,21.9895,,True
CN(C)N,RHUYHJGZWVXEHW-UHFFFAOYSA-N,C2H8N2,4,bains:Pedley,12,row504,"1,1-dimethylhydrazine",CN(N)C,20.0526,,True
CN(C)N,RHUYHJGZWVXEHW-UHFFFAOYSA-N,C2H8N2,4,bains:Cox-1,13,row504,"1,1-dimethylhydrazine",CN(N)C,20.0800,,True
CN(C)N,RHUYHJGZWVXEHW-UHFFFAOYSA-N,C2H8N2,4,bains:Cox-2,13,row504,"1,1-dimethylhydrazine",CN(N)C,19.9200,,True
CN(C)N,RHUYHJGZWVXEHW-UHFFFAOYSA-N,C2H8N2,4,bains:Cox-3,13,row504,"1,1-dimethylhydrazine",CN(N)C,20.0400,,True
CN(C)N,RHUYHJGZWVXEHW-UHFFFAOYSA-N,C2H8N2,4,bains:Winget,18,row504,"1,1-dimethylhydrazine",CN(N)C,19.9904,,True
CN(C)N,RHUYHJGZWVXEHW-UHFFFAOYSA-N,C2H8N2,4,bains:Stewart,91,row504,"1,1-dimethylhydrazine",CN(N)C,19.9904,,True
CN(C)N,RHUYHJGZWVXEHW-UHFFFAOYSA-N,C2H8N2,4,bains:NIST-1,14,row504,"1,1-dimethylhydrazine",CN(N)C,19.9092,,True
NCCN,PIICEJLVQHRZGT-UHFFFAOYSA-N,C2H8N2,4,bains:Pedley,12,row505,"ethane-1,2-diamine",NCCN,-4.2065,,True
NCCN,PIICEJLVQHRZGT-UHFFFAOYSA-N,C2H8N2,4,bains:NIST-1,14,row505,"ethane-1,2-diamine",NCCN,-4.0631,,True
[C-]#[N+]C#N,NHFDIUPJVYYTLG-UHFFFAOYSA-N,C2N2,4,bains:ATcT,10,row533,Isocyanogen,[C-]#[N+]C#N,98.7333,,True
N#CC#N,JMANVNJQNLATNU-UHFFFAOYSA-N,C2N2,4,bains:Pedley,12,row534,Ethane dinitrile,N#CC#N,73.3031,,True
N#CC#N,JMANVNJQNLATNU-UHFFFAOYSA-N,C2N2,4,bains:Cox-1,13,row534,Ethane dinitrile,N#CC#N,73.3000,,True
N#CC#N,JMANVNJQNLATNU-UHFFFAOYSA-N,C2N2,4,bains:Cox-2,13,row534,Ethane dinitrile,N#CC#N,73.8400,,True
N#CC#N,JMANVNJQNLATNU-UHFFFAOYSA-N,C2N2,4,bains:Winget,18,row534,Ethane dinitrile,N#CC#N,73.2650,,True
N#CC#N,JMANVNJQNLATNU-UHFFFAOYSA-N,C2N2,4,bains:ATcT,10,row534,Ethane dinitrile,N#CC#N,74.1348,,True
N#CC#N,JMANVNJQNLATNU-UHFFFAOYSA-N,C2N2,4,bains:Sandler,16,row534,Ethane dinitrile,N#CC#N,73.8767,,True
N#CC#N,JMANVNJQNLATNU-UHFFFAOYSA-N,C2N2,4,bains:NIST-1,14,row534,Ethane dinitrile,N#CC#N,73.8695,,True
N#CC#N,JMANVNJQNLATNU-UHFFFAOYSA-N,C2N2,4,bains:NIST-2,14,row534,Ethane dinitrile,N#CC#N,73.8289,,True
N#CC#N,JMANVNJQNLATNU-UHFFFAOYSA-N,C2N2,4,bains:NIST-3,14,row534,Ethane dinitrile,N#CC#N,62.8585,,True
N#CC#N,JMANVNJQNLATNU-UHFFFAOYSA-N,C2N2,4,bains:NIST-4,14,row534,Ethane dinitrile,N#CC#N,73.3031,,True
N#CC#N,JMANVNJQNLATNU-UHFFFAOYSA-N,C2N2,4,bains:JANAF,15,row534,Ethane dinitrile,N#CC#N,73.8700,,True
O=NC#C[N+](=O)[O-],QOUOOJJPJPQKNM-UHFFFAOYSA-N,C2N2O3,7,bains:Add Lit 1,17,row535,1-nitro-2-nitrosoethyne,O=NC#C[N+]([O-])=O,100.3824,,True
O=[N+]([O-])C#C[N+](=O)[O-],XIDLKXHCKDAKCZ-UHFFFAOYSA-N,C2N2O4,8,bains:Add Lit 1,17,row536,Dinitroacetylene,O=[N+](C#C[N+]([O-])=O)[O-],89.3403,,True
CC(N)CN,AOHJOMMDDJHIJH-UHFFFAOYSA-N,C3H10N2,5,bains:Pedley,12,row541,"1,2-propanediamine",CC(N)CN,-12.8107,,True
CNC(O)NC,OJOOPBBUBVJKCE-UHFFFAOYSA-N,C3H10N2O,6,bains:Pedley,12,row542,di(methylamino)methanol,OC(NC)NC,-48.5899,,True
C1=CC=1,VVLPCWSYZYKZKR-UHFFFAOYSA-N,C3H2,3,bains:ATcT,10,row548,Cyclopropenylidene,C1=C=C1,118.5731,,True
N#CCC#N,CUONGYYJJVDODC-UHFFFAOYSA-N,C3H2N2,5,bains:Pedley,12,row553,malononitrile,N#CCC#N,63.4560,,True
N#CCC#N,CUONGYYJJVDODC-UHFFFAOYSA-N,C3H2N2,5,bains:Cox-1,13,row553,malononitrile,N#CCC#N,63.5000,,True
N#CCC#N,CUONGYYJJVDODC-UHFFFAOYSA-N,C3H2N2,5,bains:NIST-1,14,row553,malononitrile,N#CCC#N,63.6472,,True
N#CCC#N,CUONGYYJJVDODC-UHFFFAOYSA-N,C3H2N2,5,bains:NIST-2,14,row553,malononitrile,N#CCC#N,63.5755,,True
O=c1occo1,VAYTZRYEBVHVLE-UHFFFAOYSA-N,C3H2O3,6,bains:Pedley,12,row554,"1,3-dioxol-2-one",O=C1OC=CO1,-100.0478,,True
O=c1occo1,VAYTZRYEBVHVLE-UHFFFAOYSA-N,C3H2O3,6,bains:NIST-1,14,row554,"1,3-dioxol-2-one",O=C1OC=CO1,-100.0502,,True
C=CC#N,NLHHRLWOUZZQLW-UHFFFAOYSA-N,C3H3N,4,bains:Pedley,12,row560,acrylonitrile,C=CC#N,43.1644,,True
C=CC#N,NLHHRLWOUZZQLW-UHFFFAOYSA-N,C3H3N,4,bains:Cox-1,13,row560,acrylonitrile,C=CC#N,44.1000,,True
C=CC#N,NLHHRLWOUZZQLW-UHFFFAOYSA-N,C3H3N,4,bains:Winget,18,row560,acrylonitrile,C=CC#N,43.1793,,True
C=CC#N,NLHHRLWOUZZQLW-UHFFFAOYSA-N,C3H3N,4,bains:Stewart,91,row560,acrylonitrile,C=CC#N,44.0789,,True
C=CC#N,NLHHRLWOUZZQLW-UHFFFAOYSA-N,C3H3N,4,bains:Cioslowski,11,row560,acrylonitrile,C=CC#N,43.2000,,True
C=CC#N,NLHHRLWOUZZQLW-UHFFFAOYSA-N,C3H3N,4,bains:Yaws,90,row560,acrylonitrile,C=CC#N,43.1644,,True
C=CC#N,NLHHRLWOUZZQLW-UHFFFAOYSA-N,C3H3N,4,bains:NIST-1,14,row560,acrylonitrile,C=CC#N,41.2524,,True
C=CC#N,NLHHRLWOUZZQLW-UHFFFAOYSA-N,C3H3N,4,bains:NIST-2,14,row560,acrylonitrile,C=CC#N,42.9493,,True
c1ncncn1,JIHQDMXYYFUGFV-UHFFFAOYSA-N,C3H3N3,6,bains:Cioslowski,11,row561,"1,3,5-triazine",N1=CN=CN=C1,54.0000,,True
c1ncncn1,JIHQDMXYYFUGFV-UHFFFAOYSA-N,C3H3N3,6,bains:NIST-1,14,row561,"1,3,5-triazine",N1=CN=CN=C1,53.9842,,True
c1ncncn1,JIHQDMXYYFUGFV-UHFFFAOYSA-N,C3H3N3,6,bains:NIST-2,14,row561,"1,3,5-triazine",N1=CN=CN=C1,53.7046,,True
c1cnoc1,CTAPFRYPJLPFDF-UHFFFAOYSA-N,C3H3NO,5,bains:Pedley,12,row562,isoxazole,O1N=CC=C1,18.7859,,True
c1cnoc1,CTAPFRYPJLPFDF-UHFFFAOYSA-N,C3H3NO,5,bains:NIST-1,14,row562,isoxazole,O1N=CC=C1,19.5985,,True
c1cnoc1,CTAPFRYPJLPFDF-UHFFFAOYSA-N,C3H3NO,5,bains:NIST-2,14,row562,isoxazole,O1N=CC=C1,18.7811,,True
c1cocn1,ZCQWOFVYLHDMMC-UHFFFAOYSA-N,C3H3NO,5,bains:Pedley,12,row563,oxazole,O1C=NC=C1,-3.7046,,True
c1cocn1,ZCQWOFVYLHDMMC-UHFFFAOYSA-N,C3H3NO,5,bains:NIST-1,14,row563,oxazole,O1C=NC=C1,-3.7046,,True
C1=CC1,OOXWYYGXTJLWHA-UHFFFAOYSA-N,C3H4,3,bains:Pedley,12,row564,cyclopropene,C1C=C1,66.2285,,True
C1=CC1,OOXWYYGXTJLWHA-UHFFFAOYSA-N,C3H4,3,bains:Cox-1,13,row564,cyclopropene,C1C=C1,66.2000,,True
C1=CC1,OOXWYYGXTJLWHA-UHFFFAOYSA-N,C3H4,3,bains:Winget,18,row564,cyclopropene,C1C=C1,66.1684,,True
C1=CC1,OOXWYYGXTJLWHA-UHFFFAOYSA-N,C3H4,3,bains:Stewart,91,row564,cyclopropene,C1C=C1,66.1684,,True
C1=CC1,OOXWYYGXTJLWHA-UHFFFAOYSA-N,C3H4,3,bains:ATcT,10,row564,cyclopropene,C1C=C1,67.7844,,True
C1=CC1,OOXWYYGXTJLWHA-UHFFFAOYSA-N,C3H4,3,bains:Cioslowski,11,row564,cyclopropene,C1C=C1,66.2000,,True
C=C=C,IYABWNGZIDDRAK-UHFFFAOYSA-N,C3H4,3,bains:Pedley,12,row565,allene,C=C=C,45.5306,,True
C=C=C,IYABWNGZIDDRAK-UHFFFAOYSA-N,C3H4,3,bains:Cox-1,13,row565,allene,C=C=C,45.7100,,True
C=C=C,IYABWNGZIDDRAK-UHFFFAOYSA-N,C3H4,3,bains:Cox-2,13,row565,allene,C=C=C,45.2900,,True
C=C=C,IYABWNGZIDDRAK-UHFFFAOYSA-N,C3H4,3,bains:Cox-3,13,row565,allene,C=C=C,45.6300,,True
C=C=C,IYABWNGZIDDRAK-UHFFFAOYSA-N,C3H4,3,bains:Winget,18,row565,allene,C=C=C,45.4783,,True
C=C=C,IYABWNGZIDDRAK-UHFFFAOYSA-N,C3H4,3,bains:ATcT,10,row565,allene,C=C=C,45.3848,,True
C=C=C,IYABWNGZIDDRAK-UHFFFAOYSA-N,C3H4,3,bains:Cioslowski,11,row565,allene,C=C=C,45.5000,,True
C=C=C,IYABWNGZIDDRAK-UHFFFAOYSA-N,C3H4,3,bains:Yaws,90,row565,allene,C=C=C,45.6262,,True
C#CC,MWWATHDPGQKSAR-UHFFFAOYSA-N,C3H4,3,bains:Pedley,12,row566,prop-1-yne,CC#C,44.1922,,True
C#CC,MWWATHDPGQKSAR-UHFFFAOYSA-N,C3H4,3,bains:Cox-1,13,row566,prop-1-yne,CC#C,44.3900,,True
C#CC,MWWATHDPGQKSAR-UHFFFAOYSA-N,C3H4,3,bains:Winget,18,row566,prop-1-yne,CC#C,44.1789,,True
C#CC,MWWATHDPGQKSAR-UHFFFAOYSA-N,C3H4,3,bains:Stewart,91,row566,prop-1-yne,CC#C,44.3788,,True
C#CC,MWWATHDPGQKSAR-UHFFFAOYSA-N,C3H4,3,bains:ATcT,10,row566,prop-1-yne,CC#C,44.3977,,True
C#CC,MWWATHDPGQKSAR-UHFFFAOYSA-N,C3H4,3,bains:Cioslowski,11,row566,prop-1-yne,CC#C,44.2000,,True
C#CC,MWWATHDPGQKSAR-UHFFFAOYSA-N,C3H4,3,bains:NIST-1,14,row566,prop-1-yne,CC#C,44.3117,,True
c1cn[nH]c1,WTKZEGDFNFYCGP-UHFFFAOYSA-N,C3H4N2,5,bains:NIST-1,14,row588,1H-pyrazole,N1N=CC=C1,42.3996,,True
c1cn[nH]c1,WTKZEGDFNFYCGP-UHFFFAOYSA-N,C3H4N2,5,bains:NIST-2,14,row588,1H-pyrazole,N1N=CC=C1,42.8776,,True
c1cn[nH]c1,WTKZEGDFNFYCGP-UHFFFAOYSA-N,C3H4N2,5,bains:NIST-3,14,row588,1H-pyrazole,N1N=CC=C1,43.2600,,True
c1c[nH]cn1,RAXXELZNTBOGNW-UHFFFAOYSA-N,C3H4N2,5,bains:NIST-1,14,row589,1H-imidazole,C1=NC=CN1,30.9512,,True
c1c[nH]cn1,RAXXELZNTBOGNW-UHFFFAOYSA-N,C3H4N2,5,bains:NIST-2,14,row589,1H-imidazole,C1=NC=CN1,33.2935,,True
c1c[nH]cn1,RAXXELZNTBOGNW-UHFFFAOYSA-N,C3H4N2,5,bains:NIST-3,14,row589,1H-imidazole,C1=NC=CN1,31.7639,,True
c1c[nH]cn1,RAXXELZNTBOGNW-UHFFFAOYSA-N,C3H4N2,5,bains:NIST-4,14,row589,1H-imidazole,C1=NC=CN1,30.5927,,True
O=[N+]([O-])C1=[N+]([O-])OCC1,HNCSVNVXGSWPPY-UHFFFAOYSA-N,C3H4N2O4,9,bains:Pedley,12,row590,"4,5-dihydro-3-nitroisoxazole-2-oxide",[O-][N+]1=C([N+]([O-])=O)CCO1,4.8279,,True
C=CC=O,HGINCPLSRVDWNT-UHFFFAOYSA-N,C3H4O,4,bains:Yaws,90,row591,acrolein,O=CC=C,-20.0765,,True
C=CC(=O)O,NIXOWILDQLNWCW-UHFFFAOYSA-N,C3H4O2,5,bains:Yaws,90,row592,acrylic acid,OC(C=C)=O,-77.3184,,True
C=CC(=O)O,NIXOWILDQLNWCW-UHFFFAOYSA-N,C3H4O2,5,bains:NIST-1,14,row592,acrylic acid,OC(C=C)=O,-79.0392,,True
C=CC(=O)O,NIXOWILDQLNWCW-UHFFFAOYSA-N,C3H4O2,5,bains:NIST-2,14,row592,acrylic acid,OC(C=C)=O,-77.6052,,True
C=CC(=O)O,NIXOWILDQLNWCW-UHFFFAOYSA-N,C3H4O2,5,bains:NIST-3,14,row592,acrylic acid,OC(C=C)=O,-80.5210,,True
CC(=O)C=O,AIJULSRZWUXGPQ-UHFFFAOYSA-N,C3H4O2,5,bains:Pedley,12,row593,2-oxopropanal,CC(C=O)=O,-64.7706,,True
CC(=O)C=O,AIJULSRZWUXGPQ-UHFFFAOYSA-N,C3H4O2,5,bains:Cox-1,13,row593,2-oxopropanal,CC(C=O)=O,-64.8000,,True
CC(=O)C=O,AIJULSRZWUXGPQ-UHFFFAOYSA-N,C3H4O2,5,bains:NIST-1,14,row593,2-oxopropanal,CC(C=O)=O,-64.7706,,True
O=C1CCO1,VEZXCJBBBCKRPI-UHFFFAOYSA-N,C3H4O2,5,bains:Pedley,12,row594,oxetan-2-one,O=C1CCO1,-67.6147,,True
O=C1CCO1,VEZXCJBBBCKRPI-UHFFFAOYSA-N,C3H4O2,5,bains:Cox-1,13,row594,oxetan-2-one,O=C1CCO1,-67.6000,,True
O=C1CCO1,VEZXCJBBBCKRPI-UHFFFAOYSA-N,C3H4O2,5,bains:Winget,18,row594,oxetan-2-one,O=C1CCO1,-67.5677,,True
O=C1CCO1,VEZXCJBBBCKRPI-UHFFFAOYSA-N,C3H4O2,5,bains:Stewart,91,row594,oxetan-2-one,O=C1CCO1,-67.5677,,True
O=C1CCO1,VEZXCJBBBCKRPI-UHFFFAOYSA-N,C3H4O2,5,bains:Cioslowski,11,row594,oxetan-2-one,O=C1CCO1,-67.6000,,True
O=C1CCO1,VEZXCJBBBCKRPI-UHFFFAOYSA-N,C3H4O2,5,bains:Yaws,90,row594,oxetan-2-one,O=C1CCO1,-70.9990,,True
O=C1CCO1,VEZXCJBBBCKRPI-UHFFFAOYSA-N,C3H4O2,5,bains:NIST-1,14,row594,oxetan-2-one,O=C1CCO1,-68.4034,,True
O=C1CCO1,VEZXCJBBBCKRPI-UHFFFAOYSA-N,C3H4O2,5,bains:NIST-2,14,row594,oxetan-2-one,O=C1CCO1,-67.6147,,True
O=C1CCO1,VEZXCJBBBCKRPI-UHFFFAOYSA-N,C3H4O2,5,bains:NIST-3,14,row594,oxetan-2-one,O=C1CCO1,-67.6147,,True
O=C1OCCO1,KMTRUDSVKNLOMY-UHFFFAOYSA-N,C3H4O3,6,bains:Pedley,12,row596,"1,3-dioxolan-2-one",O=C1OCCO1,-121.5105,,True
O=C1OCCO1,KMTRUDSVKNLOMY-UHFFFAOYSA-N,C3H4O3,6,bains:Cox-1,13,row596,"1,3-dioxolan-2-one",O=C1OCCO1,-121.3000,,True
O=C1OCCO1,KMTRUDSVKNLOMY-UHFFFAOYSA-N,C3H4O3,6,bains:NIST-1,14,row596,"1,3-dioxolan-2-one",O=C1OCCO1,-120.2199,,True
CCC#N,FVSKHRXBFJPNKK-UHFFFAOYSA-N,C3H5N,4,bains:Pedley,12,row628,propiononitrile,CCC#N,12.3088,,True
CCC#N,FVSKHRXBFJPNKK-UHFFFAOYSA-N,C3H5N,4,bains:Winget,18,row628,propiononitrile,CCC#N,12.0942,,True
CCC#N,FVSKHRXBFJPNKK-UHFFFAOYSA-N,C3H5N,4,bains:Stewart,91,row628,propiononitrile,CCC#N,12.0942,,True
CCC#N,FVSKHRXBFJPNKK-UHFFFAOYSA-N,C3H5N,4,bains:NIST-1,14,row628,propiononitrile,CCC#N,12.2992,,True
[C-]#[N+]CC,BPCWCZCOOFUXGQ-UHFFFAOYSA-N,C3H5N,4,bains:Pedley,12,row629,isocyanoethane,CC[N+]#[C-],33.8193,,False
[C-]#[N+]CC,BPCWCZCOOFUXGQ-UHFFFAOYSA-N,C3H5N,4,bains:Yaws,90,row629,isocyanoethane,CC[N+]#[C-],19.8485,,False
[C-]#[N+]CC,BPCWCZCOOFUXGQ-UHFFFAOYSA-N,C3H5N,4,bains:NIST-1,14,row629,isocyanoethane,CC[N+]#[C-],31.6922,,False
CCC([N+](=O)[O-])([N+](=O)[O-])[N+](=O)[O-],WFNMEOVAYOYUJO-UHFFFAOYSA-N,C3H5N3O6,12,bains:Winget,18,row630,"1,1,1-Trinitropropane",CCC([N+]([O-])=O)([N+]([O-])=O)[N+]([O-])=O,-18.3912,,True
CCC([N+](=O)[O-])([N+](=O)[O-])[N+](=O)[O-],WFNMEOVAYOYUJO-UHFFFAOYSA-N,C3H5N3O6,12,bains:Stewart,91,row630,"1,1,1-Trinitropropane",CCC([N+]([O-])=O)([N+]([O-])=O)[N+]([O-])=O,-18.3912,,True
O=[N+]([O-])OCC(CO[N+](=O)[O-])O[N+](=O)[O-],SNIOPGDIGTZGOP-UHFFFAOYSA-N,C3H5N3O9,15,bains:Winget,18,row631,nitroglycerine,[O-][N+](OCC(O[N+]([O-])=O)CO[N+]([O-])=O)=O,-88.5576,,False
O=[N+]([O-])OCC(CO[N+](=O)[O-])O[N+](=O)[O-],SNIOPGDIGTZGOP-UHFFFAOYSA-N,C3H5N3O9,15,bains:Stewart,91,row631,nitroglycerine,[O-][N+](OCC(O[N+]([O-])=O)CO[N+]([O-])=O)=O,-88.5576,,False
O=[N+]([O-])OCC(CO[N+](=O)[O-])O[N+](=O)[O-],SNIOPGDIGTZGOP-UHFFFAOYSA-N,C3H5N3O9,15,bains:Yaws,90,row631,nitroglycerine,[O-][N+](OCC(O[N+]([O-])=O)CO[N+]([O-])=O)=O,-64.7467,,False
C=CC(N)=O,HRPVXLWXLXDGHG-UHFFFAOYSA-N,C3H5NO,5,bains:Yaws,90,row632,acrylamide,C=CC(N)=O,-40.6310,,True
C=CC(N)=O,HRPVXLWXLXDGHG-UHFFFAOYSA-N,C3H5NO,5,bains:NIST-1,14,row632,acrylamide,C=CC(N)=O,-31.1185,,True
COCC#N,QKPVEISEHYYHRH-UHFFFAOYSA-N,C3H5NO,5,bains:NIST-1,14,row633,2-methoxyacetonitrile,N#CCOC,-8.5206,,True
O=C1CCN1,MNFORVFSTILPAW-UHFFFAOYSA-N,C3H5NO,5,bains:Cioslowski,11,row634,azetidin-2-one,O=C1NCC1,-22.9000,,True
C1CC1,LVZWSLJZHVFIQJ-UHFFFAOYSA-N,C3H6,3,bains:Pedley,12,row635,cyclopropane,C(C1)(C1),12.7390,,True
C1CC1,LVZWSLJZHVFIQJ-UHFFFAOYSA-N,C3H6,3,bains:Cox-1,13,row635,cyclopropane,C(C1)(C1),12.7300,,True
C1CC1,LVZWSLJZHVFIQJ-UHFFFAOYSA-N,C3H6,3,bains:Winget,18,row635,cyclopropane,C(C1)(C1),12.6939,,True
C1CC1,LVZWSLJZHVFIQJ-UHFFFAOYSA-N,C3H6,3,bains:Stewart,91,row635,cyclopropane,C(C1)(C1),12.6939,,True
C1CC1,LVZWSLJZHVFIQJ-UHFFFAOYSA-N,C3H6,3,bains:ATcT,10,row635,cyclopropane,C(C1)(C1),12.8179,,True
C1CC1,LVZWSLJZHVFIQJ-UHFFFAOYSA-N,C3H6,3,bains:Cioslowski,11,row635,cyclopropane,C(C1)(C1),12.7000,,True
C1CC1,LVZWSLJZHVFIQJ-UHFFFAOYSA-N,C3H6,3,bains:Yaws,90,row635,cyclopropane,C(C1)(C1),12.7390,,True
C1CC1,LVZWSLJZHVFIQJ-UHFFFAOYSA-N,C3H6,3,bains:NIST-1,14,row635,cyclopropane,C(C1)(C1),9.3929,,True
C1CC1,LVZWSLJZHVFIQJ-UHFFFAOYSA-N,C3H6,3,bains:NIST-2,14,row635,cyclopropane,C(C1)(C1),12.7390,,True
C=CC,QQONPFPTGQHPMA-UHFFFAOYSA-N,C3H6,3,bains:Pedley,12,row636,prop-1-ene,CC=C,4.7801,,True
C=CC,QQONPFPTGQHPMA-UHFFFAOYSA-N,C3H6,3,bains:Cox-1,13,row636,prop-1-ene,CC=C,4.7100,,True
C=CC,QQONPFPTGQHPMA-UHFFFAOYSA-N,C3H6,3,bains:Cox-2,13,row636,prop-1-ene,CC=C,5.0400,,True
C=CC,QQONPFPTGQHPMA-UHFFFAOYSA-N,C3H6,3,bains:Cox-3,13,row636,prop-1-ene,CC=C,4.7000,,True
C=CC,QQONPFPTGQHPMA-UHFFFAOYSA-N,C3H6,3,bains:Cox-4,13,row636,prop-1-ene,CC=C,4.7300,,True
C=CC,QQONPFPTGQHPMA-UHFFFAOYSA-N,C3H6,3,bains:Cox-5,13,row636,prop-1-ene,CC=C,4.8800,,True
C=CC,QQONPFPTGQHPMA-UHFFFAOYSA-N,C3H6,3,bains:Winget,18,row636,prop-1-ene,CC=C,4.7977,,True
C=CC,QQONPFPTGQHPMA-UHFFFAOYSA-N,C3H6,3,bains:Stewart,91,row636,prop-1-ene,CC=C,4.8977,,True
C=CC,QQONPFPTGQHPMA-UHFFFAOYSA-N,C3H6,3,bains:ATcT,10,row636,prop-1-ene,CC=C,4.7753,,True
C=CC,QQONPFPTGQHPMA-UHFFFAOYSA-N,C3H6,3,bains:Sandler,16,row636,prop-1-ene,CC=C,4.7801,,True
C=CC,QQONPFPTGQHPMA-UHFFFAOYSA-N,C3H6,3,bains:Cioslowski,11,row636,prop-1-ene,CC=C,4.8000,,True
C=CC,QQONPFPTGQHPMA-UHFFFAOYSA-N,C3H6,3,bains:NIST-1,14,row636,prop-1-ene,CC=C,4.8781,,True
C=CC,QQONPFPTGQHPMA-UHFFFAOYSA-N,C3H6,3,bains:NIST-2,14,row636,prop-1-ene,CC=C,4.8781,,True
N#CCCN,AGSPXMVUFBBBMO-UHFFFAOYSA-N,C3H6N2,5,bains:NIST-1,14,row656,3-aminopropanenitrile,N#CCCN,21.4508,,True
CCC([N+](=O)[O-])[N+](=O)[O-],DFHLCCWFLMSKJI-UHFFFAOYSA-N,C3H6N2O4,9,bains:Pedley,12,row657,"1,1-Dinitropropane",CCC([N+]([O-])=O)[N+]([O-])=O,-24.0679,,True
CCC([N+](=O)[O-])[N+](=O)[O-],DFHLCCWFLMSKJI-UHFFFAOYSA-N,C3H6N2O4,9,bains:Cox-1,13,row657,"1,1-Dinitropropane",CCC([N+]([O-])=O)[N+]([O-])=O,-25.8400,,True
CCC([N+](=O)[O-])[N+](=O)[O-],DFHLCCWFLMSKJI-UHFFFAOYSA-N,C3H6N2O4,9,bains:Winget,18,row657,"1,1-Dinitropropane",CCC([N+]([O-])=O)[N+]([O-])=O,-25.8876,,True
CCC([N+](=O)[O-])[N+](=O)[O-],DFHLCCWFLMSKJI-UHFFFAOYSA-N,C3H6N2O4,9,bains:Stewart,91,row657,"1,1-Dinitropropane",CCC([N+]([O-])=O)[N+]([O-])=O,-25.8876,,True
CC(C)([N+](=O)[O-])[N+](=O)[O-],DHPRWWYQIUXCQM-UHFFFAOYSA-N,C3H6N2O4,9,bains:Winget,18,row658,"2,2-Dinitropropane",CC([N+]([O-])=O)([N+]([O-])=O)C,-26.9871,,True
CC(C)([N+](=O)[O-])[N+](=O)[O-],DHPRWWYQIUXCQM-UHFFFAOYSA-N,C3H6N2O4,9,bains:Stewart,91,row658,"2,2-Dinitropropane",CC([N+]([O-])=O)([N+]([O-])=O)C,-26.9871,,True
O=[N+]([O-])CCC[N+](=O)[O-],ITUGOFFBEXBDGZ-UHFFFAOYSA-N,C3H6N2O4,9,bains:Winget,18,row659,"1,3-Dinitropropane",O=[N+](CCC[N+]([O-])=O)[O-],-31.5849,,True
O=[N+]([O-])CCC[N+](=O)[O-],ITUGOFFBEXBDGZ-UHFFFAOYSA-N,C3H6N2O4,9,bains:Stewart,91,row659,"1,3-Dinitropropane",O=[N+](CCC[N+]([O-])=O)[O-],-31.5849,,True
Nc1nc(N)nc(N)n1,JDSHMPZPIAZGSV-UHFFFAOYSA-N,C3H6N6,9,bains:Pedley,12,row660,melamine,NC1=NC(N)=NC(N)=N1,12.3805,,True
C=CCO,XXROGKLTLUQVRX-UHFFFAOYSA-N,C3H6O,4,bains:Pedley,12,row661,prop-2-en-1-ol,OCC=C,-29.7562,,True
C=CCO,XXROGKLTLUQVRX-UHFFFAOYSA-N,C3H6O,4,bains:Cox-1,13,row661,prop-2-en-1-ol,OCC=C,-29.5500,,True
C=CCO,XXROGKLTLUQVRX-UHFFFAOYSA-N,C3H6O,4,bains:Yaws,90,row661,prop-2-en-1-ol,OCC=C,-31.5249,,True
C=CCO,XXROGKLTLUQVRX-UHFFFAOYSA-N,C3H6O,4,bains:NIST-1,14,row661,prop-2-en-1-ol,OCC=C,-29.5411,,True
CCC=O,NBBJYMSMWIIQGU-UHFFFAOYSA-N,C3H6O,4,bains:Pedley,12,row662,propionaldehyde,O=CCC,-44.3595,,True
CCC=O,NBBJYMSMWIIQGU-UHFFFAOYSA-N,C3H6O,4,bains:Cox-1,13,row662,propionaldehyde,O=CCC,-45.8500,,True
CCC=O,NBBJYMSMWIIQGU-UHFFFAOYSA-N,C3H6O,4,bains:Cox-2,13,row662,propionaldehyde,O=CCC,-45.4500,,True
CCC=O,NBBJYMSMWIIQGU-UHFFFAOYSA-N,C3H6O,4,bains:Cox-3,13,row662,propionaldehyde,O=CCC,-45.4500,,True
CCC=O,NBBJYMSMWIIQGU-UHFFFAOYSA-N,C3H6O,4,bains:Winget,18,row662,propionaldehyde,O=CCC,-45.4783,,True
CCC=O,NBBJYMSMWIIQGU-UHFFFAOYSA-N,C3H6O,4,bains:ATcT,10,row662,propionaldehyde,O=CCC,-44.6463,,True
CCC=O,NBBJYMSMWIIQGU-UHFFFAOYSA-N,C3H6O,4,bains:Sandler,16,row662,propionaldehyde,O=CCC,-44.3595,,True
CCC=O,NBBJYMSMWIIQGU-UHFFFAOYSA-N,C3H6O,4,bains:NIST-1,14,row662,propionaldehyde,O=CCC,-45.1004,,True
CCC=O,NBBJYMSMWIIQGU-UHFFFAOYSA-N,C3H6O,4,bains:NIST-2,14,row662,propionaldehyde,O=CCC,-44.4551,,True
CCC=O,NBBJYMSMWIIQGU-UHFFFAOYSA-N,C3H6O,4,bains:NIST-3,14,row662,propionaldehyde,O=CCC,-45.5545,,True
CCC=O,NBBJYMSMWIIQGU-UHFFFAOYSA-N,C3H6O,4,bains:NIST-4,14,row662,propionaldehyde,O=CCC,-45.8891,,True
C1COC1,AHHWIHXENZJRFG-UHFFFAOYSA-N,C3H6O,4,bains:Pedley,12,row663,oxetane,C1CCO1,-19.2400,,True
C1COC1,AHHWIHXENZJRFG-UHFFFAOYSA-N,C3H6O,4,bains:Cox-1,13,row663,oxetane,C1CCO1,-19.2500,,True
C1COC1,AHHWIHXENZJRFG-UHFFFAOYSA-N,C3H6O,4,bains:Winget,18,row663,oxetane,C1CCO1,-19.2908,,True
C1COC1,AHHWIHXENZJRFG-UHFFFAOYSA-N,C3H6O,4,bains:Cioslowski,11,row663,oxetane,C1CCO1,-19.3000,,True
C1COC1,AHHWIHXENZJRFG-UHFFFAOYSA-N,C3H6O,4,bains:NIST-1,14,row663,oxetane,C1CCO1,-19.2495,,True
C1COC1,AHHWIHXENZJRFG-UHFFFAOYSA-N,C3H6O,4,bains:NIST-2,14,row663,oxetane,C1CCO1,-19.2495,,True
CC(C)=O,CSCPPACGZOOCGX-UHFFFAOYSA-N,C3H6O,4,bains:Pedley,12,row664,propan-2-one,CC(C)=O,-51.9359,,True
CC(C)=O,CSCPPACGZOOCGX-UHFFFAOYSA-N,C3H6O,4,bains:Cox-1,13,row664,propan-2-one,CC(C)=O,-51.7800,,True
CC(C)=O,CSCPPACGZOOCGX-UHFFFAOYSA-N,C3H6O,4,bains:Cox-2,13,row664,propan-2-one,CC(C)=O,-51.8800,,True
CC(C)=O,CSCPPACGZOOCGX-UHFFFAOYSA-N,C3H6O,4,bains:Cox-3,13,row664,propan-2-one,CC(C)=O,-51.9200,,True
CC(C)=O,CSCPPACGZOOCGX-UHFFFAOYSA-N,C3H6O,4,bains:Cox-4,13,row664,propan-2-one,CC(C)=O,-51.9000,,True
CC(C)=O,CSCPPACGZOOCGX-UHFFFAOYSA-N,C3H6O,4,bains:Winget,18,row664,propan-2-one,CC(C)=O,-51.8752,,True
CC(C)=O,CSCPPACGZOOCGX-UHFFFAOYSA-N,C3H6O,4,bains:ATcT,10,row664,propan-2-one,CC(C)=O,-51.6850,,True
CC(C)=O,CSCPPACGZOOCGX-UHFFFAOYSA-N,C3H6O,4,bains:Sandler,16,row664,propan-2-one,CC(C)=O,-51.8881,,True
CC(C)=O,CSCPPACGZOOCGX-UHFFFAOYSA-N,C3H6O,4,bains:Cioslowski,11,row664,propan-2-one,CC(C)=O,-51.9000,,True
CC(C)=O,CSCPPACGZOOCGX-UHFFFAOYSA-N,C3H6O,4,bains:Yaws,90,row664,propan-2-one,CC(C)=O,-51.8881,,True
CC(C)=O,CSCPPACGZOOCGX-UHFFFAOYSA-N,C3H6O,4,bains:NIST-1,14,row664,propan-2-one,CC(C)=O,-52.2228,,True
CC(C)=O,CSCPPACGZOOCGX-UHFFFAOYSA-N,C3H6O,4,bains:NIST-2,14,row664,propan-2-one,CC(C)=O,-51.8881,,True
CC(C)=O,CSCPPACGZOOCGX-UHFFFAOYSA-N,C3H6O,4,bains:NIST-3,14,row664,propan-2-one,CC(C)=O,-51.9837,,True
CC(C)=O,CSCPPACGZOOCGX-UHFFFAOYSA-N,C3H6O,4,bains:NIST-4,14,row664,propan-2-one,CC(C)=O,-51.7208,,True
CC1CO1,GOOHAUXETOMSMM-UHFFFAOYSA-N,C3H6O,4,bains:Pedley,12,row665,2-methyloxirane,CC1CO1,-22.6338,,True
CC1CO1,GOOHAUXETOMSMM-UHFFFAOYSA-N,C3H6O,4,bains:Cox-1,13,row665,2-methyloxirane,CC1CO1,-22.1700,,True
CC1CO1,GOOHAUXETOMSMM-UHFFFAOYSA-N,C3H6O,4,bains:Cox-2,13,row665,2-methyloxirane,CC1CO1,-27.8700,,True
CC1CO1,GOOHAUXETOMSMM-UHFFFAOYSA-N,C3H6O,4,bains:Cox-3,13,row665,2-methyloxirane,CC1CO1,-22.6300,,True
CC1CO1,GOOHAUXETOMSMM-UHFFFAOYSA-N,C3H6O,4,bains:Cox-4,13,row665,2-methyloxirane,CC1CO1,-22.6300,,True
CC1CO1,GOOHAUXETOMSMM-UHFFFAOYSA-N,C3H6O,4,bains:NIST-1,14,row665,2-methyloxirane,CC1CO1,-22.6291,,True
CC1CO1,GOOHAUXETOMSMM-UHFFFAOYSA-N,C3H6O,4,bains:NIST-2,14,row665,2-methyloxirane,CC1CO1,-27.9876,,True
CCC(=O)O,XBDQKXXYIPTUBI-UHFFFAOYSA-N,C3H6O2,5,bains:Pedley,12,row666,propionic acid,OC(CC)=O,-108.3891,,True
CCC(=O)O,XBDQKXXYIPTUBI-UHFFFAOYSA-N,C3H6O2,5,bains:Cox-1,13,row666,propionic acid,OC(CC)=O,-108.4000,,True
CCC(=O)O,XBDQKXXYIPTUBI-UHFFFAOYSA-N,C3H6O2,5,bains:Winget,18,row666,propionic acid,OC(CC)=O,-108.3482,,True
CCC(=O)O,XBDQKXXYIPTUBI-UHFFFAOYSA-N,C3H6O2,5,bains:Stewart,91,row666,propionic acid,OC(CC)=O,-108.3482,,True
CCC(=O)O,XBDQKXXYIPTUBI-UHFFFAOYSA-N,C3H6O2,5,bains:NIST-1,14,row666,propionic acid,OC(CC)=O,-108.9388,,True
CCC(=O)O,XBDQKXXYIPTUBI-UHFFFAOYSA-N,C3H6O2,5,bains:NIST-2,14,row666,propionic acid,OC(CC)=O,-108.9388,,True
CCC(=O)O,XBDQKXXYIPTUBI-UHFFFAOYSA-N,C3H6O2,5,bains:NIST-3,14,row666,propionic acid,OC(CC)=O,-108.7476,,True
CCOC=O,WBJINCZRORDGAQ-UHFFFAOYSA-N,C3H6O2,5,bains:Yaws,90,row667,ethyl formate,O=COCC,-92.8059,,True
CCOC=O,WBJINCZRORDGAQ-UHFFFAOYSA-N,C3H6O2,5,bains:NIST-1,14,row667,ethyl formate,O=COCC,-86.4484,,True
CCOC=O,WBJINCZRORDGAQ-UHFFFAOYSA-N,C3H6O2,5,bains:NIST-2,14,row667,ethyl formate,O=COCC,-95.1243,,True
C1COCO1,WNXJIVFYUVYPPR-UHFFFAOYSA-N,C3H6O2,5,bains:Pedley,12,row668,"1,3-dioxolane",O1COCC1,-71.2237,,True
C1COCO1,WNXJIVFYUVYPPR-UHFFFAOYSA-N,C3H6O2,5,bains:Cox-1,13,row668,"1,3-dioxolane",O1COCC1,-72.2000,,True
C1COCO1,WNXJIVFYUVYPPR-UHFFFAOYSA-N,C3H6O2,5,bains:Cox-2,13,row668,"1,3-dioxolane",O1COCC1,-71.1000,,True
C1COCO1,WNXJIVFYUVYPPR-UHFFFAOYSA-N,C3H6O2,5,bains:NIST-1,14,row668,"1,3-dioxolane",O1COCC1,-72.1080,,True
COC(C)=O,KXKVLQRXCPHEJC-UHFFFAOYSA-N,C3H6O2,5,bains:Pedley,12,row669,methyl acetate,COC(C)=O,-98.4465,,True
COC(C)=O,KXKVLQRXCPHEJC-UHFFFAOYSA-N,C3H6O2,5,bains:Winget,18,row669,methyl acetate,COC(C)=O,-97.8532,,True
COC(C)=O,KXKVLQRXCPHEJC-UHFFFAOYSA-N,C3H6O2,5,bains:Stewart,91,row669,methyl acetate,COC(C)=O,-97.8532,,True
COC(C)=O,KXKVLQRXCPHEJC-UHFFFAOYSA-N,C3H6O2,5,bains:NIST-1,14,row669,methyl acetate,COC(C)=O,-97.9924,,True
C1OCOCO1,BGJSXRVXTHVRSN-UHFFFAOYSA-N,C3H6O3,6,bains:Pedley,12,row670,"1,3,5-trioxane",O1COCOC1,-111.3528,,True
C1OCOCO1,BGJSXRVXTHVRSN-UHFFFAOYSA-N,C3H6O3,6,bains:Cox-1,13,row670,"1,3,5-trioxane",O1COCOC1,-113.2000,,True
C1OCOCO1,BGJSXRVXTHVRSN-UHFFFAOYSA-N,C3H6O3,6,bains:Cox-2,13,row670,"1,3,5-trioxane",O1COCOC1,-118.8000,,True
C1OCOCO1,BGJSXRVXTHVRSN-UHFFFAOYSA-N,C3H6O3,6,bains:Cioslowski,11,row670,"1,3,5-trioxane",O1COCOC1,-111.3000,,True
C1OCOCO1,BGJSXRVXTHVRSN-UHFFFAOYSA-N,C3H6O3,6,bains:NIST-1,14,row670,"1,3,5-trioxane",O1COCOC1,-111.3193,,True
C1OCOCO1,BGJSXRVXTHVRSN-UHFFFAOYSA-N,C3H6O3,6,bains:NIST-2,14,row670,"1,3,5-trioxane",O1COCOC1,-116.9933,,True
C1OCOCO1,BGJSXRVXTHVRSN-UHFFFAOYSA-N,C3H6O3,6,bains:NIST-3,14,row670,"1,3,5-trioxane",O1COCOC1,-110.8987,,True
COC(=O)CO,GSJFXBNYJCXDGI-UHFFFAOYSA-N,C3H6O3,6,bains:NIST-1,14,row671,methyl 2-hydroxyacetate,OCC(OC)=O,-133.1023,,True
C=CCN,VVJKKWFAADXIJK-UHFFFAOYSA-N,C3H7N,4,bains:Yaws,90,row684,allylamine,NCC=C,13.9101,,True
CC1CN1,OZDGMOYKSFPLSE-UHFFFAOYSA-N,C3H7N,4,bains:Winget,18,row685,propyleneimine,CC1CN1,-16.7920,,True
NC1CC1,HTJDQJBWANPRPF-UHFFFAOYSA-N,C3H7N,4,bains:Pedley,12,row686,cyclopropanamine,NC1CC1,18.4034,,True
NC1CC1,HTJDQJBWANPRPF-UHFFFAOYSA-N,C3H7N,4,bains:NIST-1,14,row686,cyclopropanamine,NC1CC1,18.4202,,True
CCC(N)=O,QLNJFJADRCOGBJ-UHFFFAOYSA-N,C3H7NO,5,bains:Pedley,12,row687,propionamide,CCC(N)=O,-61.8786,,True
CCC(N)=O,QLNJFJADRCOGBJ-UHFFFAOYSA-N,C3H7NO,5,bains:NIST-1,14,row687,propionamide,CCC(N)=O,-61.8881,,True
CNC(C)=O,OHLUUHNLEMFGTQ-UHFFFAOYSA-N,C3H7NO,5,bains:NIST-1,14,row688,N-methylacetamide,CC(NC)=O,-59.2734,,True
CN(C)C=O,ZMXDDKWLCZADIW-UHFFFAOYSA-N,C3H7NO,5,bains:Pedley,12,row689,"N,N'-dimethylformamide",O=CN(C)C,-45.8174,,True
CN(C)C=O,ZMXDDKWLCZADIW-UHFFFAOYSA-N,C3H7NO,5,bains:Cox-1,13,row689,"N,N'-dimethylformamide",O=CN(C)C,-45.8000,,True
CN(C)C=O,ZMXDDKWLCZADIW-UHFFFAOYSA-N,C3H7NO,5,bains:Winget,18,row689,"N,N'-dimethylformamide",O=CN(C)C,-45.7781,,True
CN(C)C=O,ZMXDDKWLCZADIW-UHFFFAOYSA-N,C3H7NO,5,bains:Stewart,91,row689,"N,N'-dimethylformamide",O=CN(C)C,-45.7781,,True
CN(C)C=O,ZMXDDKWLCZADIW-UHFFFAOYSA-N,C3H7NO,5,bains:Yaws,90,row689,"N,N'-dimethylformamide",O=CN(C)C,-45.8174,,True
CC(N)C(=O)O,QNAYBMKLOCPYGJ-UHFFFAOYSA-N,C3H7NO2,6,bains:Pedley,12,row690,alanine,CC(N)C(=O)O,-111.3528,,False
CC(N)C(=O)O,QNAYBMKLOCPYGJ-UHFFFAOYSA-N,C3H7NO2,6,bains:Cox-1,13,row690,alanine,CC(N)C(=O)O,-111.4000,,False
CC(N)C(=O)O,QNAYBMKLOCPYGJ-UHFFFAOYSA-N,C3H7NO2,6,bains:Winget,18,row690,alanine,CC(N)C(=O)O,-111.3467,,False
CC(N)C(=O)O,QNAYBMKLOCPYGJ-UHFFFAOYSA-N,C3H7NO2,6,bains:Stewart,91,row690,alanine,CC(N)C(=O)O,-111.3467,,False
CC(N)C(=O)O,QNAYBMKLOCPYGJ-UHFFFAOYSA-N,C3H7NO2,6,bains:Cioslowski,11,row690,alanine,CC(N)C(=O)O,-99.1000,,False
CCC[N+](=O)[O-],JSZOAYXJRCEYSX-UHFFFAOYSA-N,C3H7NO2,6,bains:Pedley,12,row691,1-Nitropropane,CCC[N+]([O-])=O,-29.5889,,True
CCC[N+](=O)[O-],JSZOAYXJRCEYSX-UHFFFAOYSA-N,C3H7NO2,6,bains:Cox-1,13,row691,1-Nitropropane,CCC[N+]([O-])=O,-29.6700,,True
CCC[N+](=O)[O-],JSZOAYXJRCEYSX-UHFFFAOYSA-N,C3H7NO2,6,bains:Cox-2,13,row691,1-Nitropropane,CCC[N+]([O-])=O,-29.3000,,True
CCC[N+](=O)[O-],JSZOAYXJRCEYSX-UHFFFAOYSA-N,C3H7NO2,6,bains:Cox-3,13,row691,1-Nitropropane,CCC[N+]([O-])=O,-29.9800,,True
CCC[N+](=O)[O-],JSZOAYXJRCEYSX-UHFFFAOYSA-N,C3H7NO2,6,bains:Winget,18,row691,1-Nitropropane,CCC[N+]([O-])=O,-29.9857,,True
CCC[N+](=O)[O-],JSZOAYXJRCEYSX-UHFFFAOYSA-N,C3H7NO2,6,bains:Stewart,91,row691,1-Nitropropane,CCC[N+]([O-])=O,-29.9857,,True
CCOC(N)=O,JOYRKODLDBILNP-UHFFFAOYSA-N,C3H7NO2,6,bains:NIST-1,14,row692,ethyl carbamate,NC(OCC)=O,-106.6683,,True
CC(C)[N+](=O)[O-],FGLBSLMDCBOPQK-UHFFFAOYSA-N,C3H7NO2,6,bains:Pedley,12,row693,2-Nitropropane,CC([N+]([O-])=O)C,-33.2218,,True
CC(C)[N+](=O)[O-],FGLBSLMDCBOPQK-UHFFFAOYSA-N,C3H7NO2,6,bains:Cox-1,13,row693,2-Nitropropane,CC([N+]([O-])=O)C,-33.8900,,True
CC(C)[N+](=O)[O-],FGLBSLMDCBOPQK-UHFFFAOYSA-N,C3H7NO2,6,bains:Cox-2,13,row693,2-Nitropropane,CC([N+]([O-])=O)C,-33.7000,,True
CC(C)[N+](=O)[O-],FGLBSLMDCBOPQK-UHFFFAOYSA-N,C3H7NO2,6,bains:Cox-3,13,row693,2-Nitropropane,CC([N+]([O-])=O)C,-33.2100,,True
CC(C)[N+](=O)[O-],FGLBSLMDCBOPQK-UHFFFAOYSA-N,C3H7NO2,6,bains:Winget,18,row693,2-Nitropropane,CC([N+]([O-])=O)C,-33.1841,,True
CC(C)[N+](=O)[O-],FGLBSLMDCBOPQK-UHFFFAOYSA-N,C3H7NO2,6,bains:Stewart,91,row693,2-Nitropropane,CC([N+]([O-])=O)C,-33.1841,,True
CNCC(=O)O,FSYKKLYZXJSNPZ-UHFFFAOYSA-N,C3H7NO2,6,bains:Pedley,12,row694,methylglycine,O=C(O)CNC,-87.7868,,True
CNCC(=O)O,FSYKKLYZXJSNPZ-UHFFFAOYSA-N,C3H7NO2,6,bains:NIST-1,14,row694,methylglycine,O=C(O)CNC,-87.7629,,True
NCCC(=O)O,UCMIRNVEIXFBKS-UHFFFAOYSA-N,C3H7NO2,6,bains:NIST-1,14,row695,3-aminopropanoic acid,NCCC(O)=O,-101.3384,,True
CCCO[N+](=O)[O-],JNTOKFNBDFMTIV-UHFFFAOYSA-N,C3H7NO3,7,bains:Pedley,12,row696,propyl nitrate,O=[N+]([O-])OCCC,-41.5631,,True
CCCO[N+](=O)[O-],JNTOKFNBDFMTIV-UHFFFAOYSA-N,C3H7NO3,7,bains:Cox-1,13,row696,propyl nitrate,O=[N+]([O-])OCCC,-41.5600,,True
CC(C)O[N+](=O)[O-],GAPFWGOSHOCNBM-UHFFFAOYSA-N,C3H7NO3,7,bains:Pedley,12,row697,isopropyl nitrate,O=[N+]([O-])OC(C)C,-45.6501,,True
CC(C)O[N+](=O)[O-],GAPFWGOSHOCNBM-UHFFFAOYSA-N,C3H7NO3,7,bains:Cox-1,13,row697,isopropyl nitrate,O=[N+]([O-])OC(C)C,-45.6400,,True
CC(C)O[N+](=O)[O-],GAPFWGOSHOCNBM-UHFFFAOYSA-N,C3H7NO3,7,bains:Cox-2,13,row697,isopropyl nitrate,O=[N+]([O-])OC(C)C,-44.7500,,True
CCC,ATUOYWHBWRKTHZ-UHFFFAOYSA-N,C3H8,3,bains:Add Lit 1,17,row698,propane,CCC,-24.8181,,True
CCC,ATUOYWHBWRKTHZ-UHFFFAOYSA-N,C3H8,3,bains:Pedley,12,row698,propane,CCC,-25.0239,,True
CCC,ATUOYWHBWRKTHZ-UHFFFAOYSA-N,C3H8,3,bains:Cox-1,13,row698,propane,CCC,-24.8300,,True
CCC,ATUOYWHBWRKTHZ-UHFFFAOYSA-N,C3H8,3,bains:Winget,18,row698,propane,CCC,-24.9880,,True
CCC,ATUOYWHBWRKTHZ-UHFFFAOYSA-N,C3H8,3,bains:Stewart,91,row698,propane,CCC,-24.7881,,True
CCC,ATUOYWHBWRKTHZ-UHFFFAOYSA-N,C3H8,3,bains:ATcT,10,row698,propane,CCC,-25.1028,,True
CCC,ATUOYWHBWRKTHZ-UHFFFAOYSA-N,C3H8,3,bains:Sandler,16,row698,propane,CCC,-25.0191,,True
CCC,ATUOYWHBWRKTHZ-UHFFFAOYSA-N,C3H8,3,bains:Cioslowski,11,row698,propane,CCC,-25.0000,,True
CCC,ATUOYWHBWRKTHZ-UHFFFAOYSA-N,C3H8,3,bains:NIST-1,14,row698,propane,CCC,-25.0239,,True
CCC,ATUOYWHBWRKTHZ-UHFFFAOYSA-N,C3H8,3,bains:NIST-2,14,row698,propane,CCC,-24.8088,,True
CCNC(N)=O,RYECOJGRJDOGPP-UHFFFAOYSA-N,C3H8N2O,6,bains:NIST-1,14,row701,1-ethylurea,NC(NCC)=O,-61.5440,,True
CN(C)C(N)=O,YBBLOADPFWKNGS-UHFFFAOYSA-N,C3H8N2O,6,bains:NIST-1,14,row702,"1,1-dimethylurea",NC(N(C)C)=O,-52.5813,,True
CCCO,BDERNNFJNOPAEC-UHFFFAOYSA-N,C3H8O,4,bains:Pedley,12,row703,propan-1-ol,OCCC,-60.9704,,True
CCCO,BDERNNFJNOPAEC-UHFFFAOYSA-N,C3H8O,4,bains:Cox-1,13,row703,propan-1-ol,OCCC,-69.9500,,True
CCCO,BDERNNFJNOPAEC-UHFFFAOYSA-N,C3H8O,4,bains:Cox-2,13,row703,propan-1-ol,OCCC,-61.4300,,True
CCCO,BDERNNFJNOPAEC-UHFFFAOYSA-N,C3H8O,4,bains:Cox-3,13,row703,propan-1-ol,OCCC,-61.1700,,True
CCCO,BDERNNFJNOPAEC-UHFFFAOYSA-N,C3H8O,4,bains:Cox-4,13,row703,propan-1-ol,OCCC,-61.1700,,True
CCCO,BDERNNFJNOPAEC-UHFFFAOYSA-N,C3H8O,4,bains:Winget,18,row703,propan-1-ol,OCCC,-61.1707,,True
CCCO,BDERNNFJNOPAEC-UHFFFAOYSA-N,C3H8O,4,bains:ATcT,10,row703,propan-1-ol,OCCC,-61.0134,,True
CCCO,BDERNNFJNOPAEC-UHFFFAOYSA-N,C3H8O,4,bains:NIST-1,14,row703,propan-1-ol,OCCC,-61.1855,,True
CC(C)O,KFZMGEQAYNKOFK-UHFFFAOYSA-N,C3H8O,4,bains:Pedley,12,row704,propan-2-ol,OC(C)C,-65.2008,,True
CC(C)O,KFZMGEQAYNKOFK-UHFFFAOYSA-N,C3H8O,4,bains:Cox-1,13,row704,propan-2-ol,OC(C)C,-65.1200,,True
CC(C)O,KFZMGEQAYNKOFK-UHFFFAOYSA-N,C3H8O,4,bains:Cox-2,13,row704,propan-2-ol,OC(C)C,-65.2500,,True
CC(C)O,KFZMGEQAYNKOFK-UHFFFAOYSA-N,C3H8O,4,bains:Cox-3,13,row704,propan-2-ol,OC(C)C,-64.8500,,True
CC(C)O,KFZMGEQAYNKOFK-UHFFFAOYSA-N,C3H8O,4,bains:Cox-4,13,row704,propan-2-ol,OC(C)C,-65.1200,,True
CC(C)O,KFZMGEQAYNKOFK-UHFFFAOYSA-N,C3H8O,4,bains:Winget,18,row704,propan-2-ol,OC(C)C,-65.1688,,True
CC(C)O,KFZMGEQAYNKOFK-UHFFFAOYSA-N,C3H8O,4,bains:ATcT,10,row704,propan-2-ol,OC(C)C,-65.2414,,True
CC(C)O,KFZMGEQAYNKOFK-UHFFFAOYSA-N,C3H8O,4,bains:Cioslowski,11,row704,propan-2-ol,OC(C)C,-65.2000,,True
CC(C)O,KFZMGEQAYNKOFK-UHFFFAOYSA-N,C3H8O,4,bains:NIST-1,14,row704,propan-2-ol,OC(C)C,-65.2008,,True
CC(C)O,KFZMGEQAYNKOFK-UHFFFAOYSA-N,C3H8O,4,bains:NIST-2,14,row704,propan-2-ol,OC(C)C,-64.7945,,True
CC(C)O,KFZMGEQAYNKOFK-UHFFFAOYSA-N,C3H8O,4,bains:NIST-3,14,row704,propan-2-ol,OC(C)C,-65.0813,,True
CC(C)O,KFZMGEQAYNKOFK-UHFFFAOYSA-N,C3H8O,4,bains:NIST-4,14,row704,propan-2-ol,OC(C)C,-65.2008,,True
CCOC,XOBKSJJDNFUZPF-UHFFFAOYSA-N,C3H8O,4,bains:Pedley,12,row705,methoxyethane,COCC,-51.7208,,True
CCOC,XOBKSJJDNFUZPF-UHFFFAOYSA-N,C3H8O,4,bains:Cox-1,13,row705,methoxyethane,COCC,-51.7200,,True
CCOC,XOBKSJJDNFUZPF-UHFFFAOYSA-N,C3H8O,4,bains:Winget,18,row705,methoxyethane,COCC,-51.6753,,True
CCOC,XOBKSJJDNFUZPF-UHFFFAOYSA-N,C3H8O,4,bains:Cioslowski,11,row705,methoxyethane,COCC,-51.7000,,True
CCOC,XOBKSJJDNFUZPF-UHFFFAOYSA-N,C3H8O,4,bains:NIST-1,14,row705,methoxyethane,COCC,-51.7208,,True
CC(O)CO,DNIAPMSPPWPWGF-UHFFFAOYSA-N,C3H8O2,5,bains:Pedley,12,row706,"1,2-propane diol",CC(O)CO,-100.6931,,True
CC(O)CO,DNIAPMSPPWPWGF-UHFFFAOYSA-N,C3H8O2,5,bains:Cox-1,13,row706,"1,2-propane diol",CC(O)CO,-104.6300,,True
COCOC,NKDDWNXOKDWJAK-UHFFFAOYSA-N,C3H8O2,5,bains:Pedley,12,row707,dimethoxymethane,COCOC,-83.2696,,True
COCOC,NKDDWNXOKDWJAK-UHFFFAOYSA-N,C3H8O2,5,bains:Cox-1,13,row707,dimethoxymethane,COCOC,-83.2700,,True
COCOC,NKDDWNXOKDWJAK-UHFFFAOYSA-N,C3H8O2,5,bains:Winget,18,row707,dimethoxymethane,COCOC,-83.2602,,True
COCOC,NKDDWNXOKDWJAK-UHFFFAOYSA-N,C3H8O2,5,bains:Stewart,91,row707,dimethoxymethane,COCOC,-83.2602,,True
COCOC,NKDDWNXOKDWJAK-UHFFFAOYSA-N,C3H8O2,5,bains:NIST-1,14,row707,dimethoxymethane,COCOC,-83.2218,,True
COCCO,XNWFRZJHXBZDAG-UHFFFAOYSA-N,C3H8O2,5,bains:NIST-1,14,row708,2-methoxyethan-1-ol,OCCOC,-90.0813,,True
COCCO,XNWFRZJHXBZDAG-UHFFFAOYSA-N,C3H8O2,5,bains:NIST-2,14,row708,2-methoxyethan-1-ol,OCCOC,-94.6224,,True
OCCCO,YPFDHNVEDLHUCE-UHFFFAOYSA-N,C3H8O2,5,bains:Pedley,12,row709,"propane-1,3-diol",OCCC(O),-93.7141,,True
OCCCO,YPFDHNVEDLHUCE-UHFFFAOYSA-N,C3H8O2,5,bains:NIST-1,14,row709,"propane-1,3-diol",OCCC(O),-97.6099,,True
OCCCO,YPFDHNVEDLHUCE-UHFFFAOYSA-N,C3H8O2,5,bains:NIST-2,14,row709,"propane-1,3-diol",OCCC(O),-93.6902,,True
OCC(O)CO,PEDCQBHIVMGVHV-UHFFFAOYSA-N,C3H8O3,6,bains:Pedley,12,row711,"propane-1,2,3-triol",OCC(CO)O,-139.2686,,True
OCC(O)CO,PEDCQBHIVMGVHV-UHFFFAOYSA-N,C3H8O3,6,bains:Cox-1,13,row711,"propane-1,2,3-triol",OCC(CO)O,-139.3000,,True
OCC(O)CO,PEDCQBHIVMGVHV-UHFFFAOYSA-N,C3H8O3,6,bains:NIST-1,14,row711,"propane-1,2,3-triol",OCC(CO)O,-138.1214,,True
OCC(O)CO,PEDCQBHIVMGVHV-UHFFFAOYSA-N,C3H8O3,6,bains:NIST-2,14,row711,"propane-1,2,3-triol",OCC(CO)O,-137.8824,,True
CCCN,WGYKZJWCGVVSQN-UHFFFAOYSA-N,C3H9N,4,bains:Pedley,12,row729,propan-1-amine,NCCC,-16.7782,,True
CCCN,WGYKZJWCGVVSQN-UHFFFAOYSA-N,C3H9N,4,bains:Cox-1,13,row729,propan-1-amine,NCCC,-16.7700,,True
CCCN,WGYKZJWCGVVSQN-UHFFFAOYSA-N,C3H9N,4,bains:Winget,18,row729,propan-1-amine,NCCC,-16.7920,,True
CCCN,WGYKZJWCGVVSQN-UHFFFAOYSA-N,C3H9N,4,bains:Stewart,91,row729,propan-1-amine,NCCC,-16.7920,,True
CCCN,WGYKZJWCGVVSQN-UHFFFAOYSA-N,C3H9N,4,bains:NIST-1,14,row729,propan-1-amine,NCCC,-16.7065,,True
CCCN,WGYKZJWCGVVSQN-UHFFFAOYSA-N,C3H9N,4,bains:NIST-2,14,row729,propan-1-amine,NCCC,-16.7710,,True
CCCN,WGYKZJWCGVVSQN-UHFFFAOYSA-N,C3H9N,4,bains:NIST-3,14,row729,propan-1-amine,NCCC,-25.5019,,True
CC(C)N,JJWLVOIRVHMVIS-UHFFFAOYSA-N,C3H9N,4,bains:Pedley,12,row730,propan-2-amine,NC(C)C,-20.0287,,True
CC(C)N,JJWLVOIRVHMVIS-UHFFFAOYSA-N,C3H9N,4,bains:Cox-1,13,row730,propan-2-amine,NC(C)C,-20.2000,,True
CC(C)N,JJWLVOIRVHMVIS-UHFFFAOYSA-N,C3H9N,4,bains:Winget,18,row730,propan-2-amine,NC(C)C,-19.9904,,True
CC(C)N,JJWLVOIRVHMVIS-UHFFFAOYSA-N,C3H9N,4,bains:Stewart,91,row730,propan-2-amine,NC(C)C,-19.9904,,True
CC(C)N,JJWLVOIRVHMVIS-UHFFFAOYSA-N,C3H9N,4,bains:NIST-1,14,row730,propan-2-amine,NC(C)C,-20.0048,,True
CC(C)N,JJWLVOIRVHMVIS-UHFFFAOYSA-N,C3H9N,4,bains:NIST-2,14,row730,propan-2-amine,NC(C)C,-20.0191,,True
CN(C)C,GETQZCLCWQTVFV-UHFFFAOYSA-N,C3H9N,4,bains:Pedley,12,row731,trimethylamine,CN(C)C,-5.6644,,True
CN(C)C,GETQZCLCWQTVFV-UHFFFAOYSA-N,C3H9N,4,bains:Cox-1,13,row731,trimethylamine,CN(C)C,-5.6700,,True
CN(C)C,GETQZCLCWQTVFV-UHFFFAOYSA-N,C3H9N,4,bains:Cox-2,13,row731,trimethylamine,CN(C)C,-6.4400,,True
CN(C)C,GETQZCLCWQTVFV-UHFFFAOYSA-N,C3H9N,4,bains:Cox-3,13,row731,trimethylamine,CN(C)C,-6.7300,,True
CN(C)C,GETQZCLCWQTVFV-UHFFFAOYSA-N,C3H9N,4,bains:Winget,18,row731,trimethylamine,CN(C)C,-5.6973,,True
CN(C)C,GETQZCLCWQTVFV-UHFFFAOYSA-N,C3H9N,4,bains:Stewart,91,row731,trimethylamine,CN(C)C,-6.5968,,True
CN(C)C,GETQZCLCWQTVFV-UHFFFAOYSA-N,C3H9N,4,bains:ATcT,10,row731,trimethylamine,CN(C)C,-6.6181,,True
CN(C)C,GETQZCLCWQTVFV-UHFFFAOYSA-N,C3H9N,4,bains:Cioslowski,11,row731,trimethylamine,CN(C)C,-5.7000,,True
CN(C)C,GETQZCLCWQTVFV-UHFFFAOYSA-N,C3H9N,4,bains:NIST-1,14,row731,trimethylamine,CN(C)C,-5.6644,,True
CN(C)C,GETQZCLCWQTVFV-UHFFFAOYSA-N,C3H9N,4,bains:NIST-2,14,row731,trimethylamine,CN(C)C,-7.3375,,True
CC(O)CN,HXKKHQJGJAFBHI-UHFFFAOYSA-N,C3H9NO,5,bains:Yaws,90,row732,1-amino-2-propanol,CC(O)CN,-57.1224,,True
NCCCO,WUGQZFFCHPXWKQ-UHFFFAOYSA-N,C3H9NO,5,bains:Yaws,90,row733,3-amino-1-propanol,OCCCN,-52.8203,,True
C#CC#N,LNDJVIYUJOJFSO-UHFFFAOYSA-N,C3HN,4,bains:NIST-1,14,row737,propiolonitrile,C#CC#N,84.6080,,True
N#CC(=O)C#N,JSGHQDAEHDRLOI-UHFFFAOYSA-N,C3N2O,6,bains:Pedley,12,row738,carbonyl cyanide,O=C(C#N)C#N,59.1539,,True
N#CC(=O)C#N,JSGHQDAEHDRLOI-UHFFFAOYSA-N,C3N2O,6,bains:Cox-1,13,row738,carbonyl cyanide,O=C(C#N)C#N,59.1000,,True
O=[N+]([O-])N=c1c([N+](=O)[O-])c1[N+](=O)[O-],CNVKWEINOAGGKG-UHFFFAOYSA-N,C3N4O6,13,bains:Add Lit 1,17,row739,DCPN,O=[N+](/N=C1C([N+]([O-])=O)=C/1[N+]([O-])=O)[O-],135.5163,,True
O=[N+]([O-])C1=C([N+](=O)[O-])C1([N+](=O)[O-])[N+](=O)[O-],AMEDYNMUEPNLDH-UHFFFAOYSA-N,C3N4O8,15,bains:Add Lit 1,17,row740,tetranitrocyclopropene,O=[N+](C1=C([N+]([O-])=O)C1([N+]([O-])=O)[N+]([O-])=O)[O-],102.3901,,True
O=C=C=C=O,GNEVIACKFGQMHB-UHFFFAOYSA-N,C3O2,5,bains:Cox-1,13,row741,"propa-1,2-diene-1,3-dione",O=C=C=C=O,-22.3700,,True
O=C=C=C=O,GNEVIACKFGQMHB-UHFFFAOYSA-N,C3O2,5,bains:Winget,18,row741,"propa-1,2-diene-1,3-dione",O=C=C=C=O,-22.3893,,True
O=C=C=C=O,GNEVIACKFGQMHB-UHFFFAOYSA-N,C3O2,5,bains:Stewart,91,row741,"propa-1,2-diene-1,3-dione",O=C=C=C=O,-22.3893,,True
O=C=C=C=O,GNEVIACKFGQMHB-UHFFFAOYSA-N,C3O2,5,bains:Cioslowski,11,row741,"propa-1,2-diene-1,3-dione",O=C=C=C=O,-22.4000,,True
O=C=C=C=O,GNEVIACKFGQMHB-UHFFFAOYSA-N,C3O2,5,bains:NIST-1,14,row741,"propa-1,2-diene-1,3-dione",O=C=C=C=O,-22.3805,,True
O=C=C=C=O,GNEVIACKFGQMHB-UHFFFAOYSA-N,C3O2,5,bains:NIST-2,14,row741,"propa-1,2-diene-1,3-dione",O=C=C=C=O,-23.3748,,True
O=C=C=C=O,GNEVIACKFGQMHB-UHFFFAOYSA-N,C3O2,5,bains:JANAF,15,row741,"propa-1,2-diene-1,3-dione",O=C=C=C=O,-22.3800,,True
CCCC,IJDNQMDRQITEOD-UHFFFAOYSA-N,C4H10,4,bains:Pedley,12,row744,butane,CCCC,-30.0191,,True
CCCC,IJDNQMDRQITEOD-UHFFFAOYSA-N,C4H10,4,bains:Cox-1,13,row744,butane,CCCC,-30.3600,,True
CCCC,IJDNQMDRQITEOD-UHFFFAOYSA-N,C4H10,4,bains:Winget,18,row744,butane,CCCC,-29.9857,,True
CCCC,IJDNQMDRQITEOD-UHFFFAOYSA-N,C4H10,4,bains:Stewart,91,row744,butane,CCCC,-30.3855,,True
CCCC,IJDNQMDRQITEOD-UHFFFAOYSA-N,C4H10,4,bains:ATcT,10,row744,butane,CCCC,-30.1052,,True
CCCC,IJDNQMDRQITEOD-UHFFFAOYSA-N,C4H10,4,bains:Sandler,16,row744,butane,CCCC,-30.0311,,True
CCCC,IJDNQMDRQITEOD-UHFFFAOYSA-N,C4H10,4,bains:Cioslowski,11,row744,butane,CCCC,-30.0000,,True
CCCC,IJDNQMDRQITEOD-UHFFFAOYSA-N,C4H10,4,bains:Yaws,90,row744,butane,CCCC,-30.3059,,True
CCCC,IJDNQMDRQITEOD-UHFFFAOYSA-N,C4H10,4,bains:NIST-1,14,row744,butane,CCCC,-30.0191,,True
CCCC,IJDNQMDRQITEOD-UHFFFAOYSA-N,C4H10,4,bains:NIST-2,14,row744,butane,CCCC,-30.3776,,True
CC(C)C,NNPPMTNAJDCUHE-UHFFFAOYSA-N,C4H10,4,bains:Pedley,12,row745,isobutane,CC(C)C,-32.0746,,True
CC(C)C,NNPPMTNAJDCUHE-UHFFFAOYSA-N,C4H10,4,bains:Cox-1,13,row745,isobutane,CC(C)C,-32.4100,,True
CC(C)C,NNPPMTNAJDCUHE-UHFFFAOYSA-N,C4H10,4,bains:Cox-2,13,row745,isobutane,CC(C)C,-32.6800,,True
CC(C)C,NNPPMTNAJDCUHE-UHFFFAOYSA-N,C4H10,4,bains:Cox-3,13,row745,isobutane,CC(C)C,-32.4100,,True
CC(C)C,NNPPMTNAJDCUHE-UHFFFAOYSA-N,C4H10,4,bains:Winget,18,row745,isobutane,CC(C)C,-32.0847,,True
CC(C)C,NNPPMTNAJDCUHE-UHFFFAOYSA-N,C4H10,4,bains:Stewart,91,row745,isobutane,CC(C)C,-32.3845,,True
CC(C)C,NNPPMTNAJDCUHE-UHFFFAOYSA-N,C4H10,4,bains:ATcT,10,row745,isobutane,CC(C)C,-32.2084,,True
CC(C)C,NNPPMTNAJDCUHE-UHFFFAOYSA-N,C4H10,4,bains:Sandler,16,row745,isobutane,CC(C)C,-32.0698,,True
CC(C)C,NNPPMTNAJDCUHE-UHFFFAOYSA-N,C4H10,4,bains:Cioslowski,11,row745,isobutane,CC(C)C,-32.1000,,True
CC(C)C,NNPPMTNAJDCUHE-UHFFFAOYSA-N,C4H10,4,bains:NIST-1,14,row745,isobutane,CC(C)C,-32.0746,,True
CC(C)C,NNPPMTNAJDCUHE-UHFFFAOYSA-N,C4H10,4,bains:NIST-2,14,row745,isobutane,CC(C)C,-32.4092,,True
C1CNCCN1,GLUUGHFHXGJENI-UHFFFAOYSA-N,C4H10N2,6,bains:NIST-1,14,row749,piperazine,N1CCNCC1,5.9751,,True
C1CNCCN1,GLUUGHFHXGJENI-UHFFFAOYSA-N,C4H10N2,6,bains:NIST-2,14,row749,piperazine,N1CCNCC1,5.0669,,True
CCN(CC)[N+](=O)[O-],QAXAHXNXXIWQIZ-UHFFFAOYSA-N,C4H10N2O2,8,bains:Pedley,12,row750,diethylnitramine,CCN(CC)[N+]([O-])=O,-12.6912,,True
CCN(CC)[N+](=O)[O-],QAXAHXNXXIWQIZ-UHFFFAOYSA-N,C4H10N2O2,8,bains:Cox-1,13,row750,diethylnitramine,CCN(CC)[N+]([O-])=O,-12.7000,,True
CCCCO,LRHPLDYGYMQRHN-UHFFFAOYSA-N,C4H10O,5,bains:Pedley,12,row751,butan-1-ol,OCCCC,-65.7266,,True
CCCCO,LRHPLDYGYMQRHN-UHFFFAOYSA-N,C4H10O,5,bains:Cox-1,13,row751,butan-1-ol,OCCCC,-65.7900,,True
CCCCO,LRHPLDYGYMQRHN-UHFFFAOYSA-N,C4H10O,5,bains:Cox-2,13,row751,butan-1-ol,OCCCC,-67.0300,,True
CCCCO,LRHPLDYGYMQRHN-UHFFFAOYSA-N,C4H10O,5,bains:Cox-3,13,row751,butan-1-ol,OCCCC,-65.9700,,True
CCCCO,LRHPLDYGYMQRHN-UHFFFAOYSA-N,C4H10O,5,bains:Cox-4,13,row751,butan-1-ol,OCCCC,-65.3600,,True
CCCCO,LRHPLDYGYMQRHN-UHFFFAOYSA-N,C4H10O,5,bains:Yaws,90,row751,butan-1-ol,OCCCC,-65.6310,,True
CCCCO,LRHPLDYGYMQRHN-UHFFFAOYSA-N,C4H10O,5,bains:NIST-1,14,row751,butan-1-ol,OCCCC,-66.2046,,True
CCC(C)O,BTANRVKWQNVYAZ-UHFFFAOYSA-N,C4H10O,5,bains:Pedley,12,row752,sec-butanol,CCC(O)C,-70.0048,,True
CCC(C)O,BTANRVKWQNVYAZ-UHFFFAOYSA-N,C4H10O,5,bains:Cox-1,13,row752,sec-butanol,CCC(O)C,-69.9800,,True
CCC(C)O,BTANRVKWQNVYAZ-UHFFFAOYSA-N,C4H10O,5,bains:Cox-2,13,row752,sec-butanol,CCC(O)C,-70.0000,,True
CCC(C)O,BTANRVKWQNVYAZ-UHFFFAOYSA-N,C4H10O,5,bains:Yaws,90,row752,sec-butanol,CCC(O)C,-69.9809,,True
CCCOC,VNKYTQGIUYNRMY-UHFFFAOYSA-N,C4H10O,5,bains:Pedley,12,row753,1-methoxypropane,COCCC,-56.9312,,True
CCCOC,VNKYTQGIUYNRMY-UHFFFAOYSA-N,C4H10O,5,bains:Cox-1,13,row753,1-methoxypropane,COCCC,-56.8200,,True
CCCOC,VNKYTQGIUYNRMY-UHFFFAOYSA-N,C4H10O,5,bains:NIST-1,14,row753,1-methoxypropane,COCCC,-56.8881,,True
CCCOC,VNKYTQGIUYNRMY-UHFFFAOYSA-N,C4H10O,5,bains:NIST-2,14,row753,1-methoxypropane,COCCC,-56.8117,,True
CCOCC,RTZKZFJDLAIYFH-UHFFFAOYSA-N,C4H10O,5,bains:Pedley,12,row754,ethoxyethane,CCOCC,-60.2533,,True
CCOCC,RTZKZFJDLAIYFH-UHFFFAOYSA-N,C4H10O,5,bains:Cox-1,13,row754,ethoxyethane,CCOCC,-60.2600,,True
CCOCC,RTZKZFJDLAIYFH-UHFFFAOYSA-N,C4H10O,5,bains:Winget,18,row754,ethoxyethane,CCOCC,-60.2712,,True
CCOCC,RTZKZFJDLAIYFH-UHFFFAOYSA-N,C4H10O,5,bains:Yaws,90,row754,ethoxyethane,CCOCC,-59.9426,,True
CCOCC,RTZKZFJDLAIYFH-UHFFFAOYSA-N,C4H10O,5,bains:NIST-1,14,row754,ethoxyethane,CCOCC,-60.3967,,True
CCOCC,RTZKZFJDLAIYFH-UHFFFAOYSA-N,C4H10O,5,bains:NIST-2,14,row754,ethoxyethane,CCOCC,-60.2772,,True
CCOCC,RTZKZFJDLAIYFH-UHFFFAOYSA-N,C4H10O,5,bains:NIST-3,14,row754,ethoxyethane,CCOCC,-58.3174,,True
CC(C)CO,ZXEKIIBDNHEJCQ-UHFFFAOYSA-N,C4H10O,5,bains:Pedley,12,row755,2-methylpropan-1-ol,OCC(C)C,-67.8537,,True
CC(C)CO,ZXEKIIBDNHEJCQ-UHFFFAOYSA-N,C4H10O,5,bains:Cox-1,13,row755,2-methylpropan-1-ol,OCC(C)C,-67.8400,,True
CC(C)CO,ZXEKIIBDNHEJCQ-UHFFFAOYSA-N,C4H10O,5,bains:Cox-2,13,row755,2-methylpropan-1-ol,OCC(C)C,-67.5700,,True
CC(C)CO,ZXEKIIBDNHEJCQ-UHFFFAOYSA-N,C4H10O,5,bains:NIST-1,14,row755,2-methylpropan-1-ol,OCC(C)C,-67.8298,,True
CC(C)CO,ZXEKIIBDNHEJCQ-UHFFFAOYSA-N,C4H10O,5,bains:NIST-2,14,row755,2-methylpropan-1-ol,OCC(C)C,-67.6147,,True
CC(C)CO,ZXEKIIBDNHEJCQ-UHFFFAOYSA-N,C4H10O,5,bains:NIST-3,14,row755,2-methylpropan-1-ol,OCC(C)C,-67.8776,,True
COC(C)C,RMGHERXMTMUMMV-UHFFFAOYSA-N,C4H10O,5,bains:Pedley,12,row756,2-methoxypropane,COC(C)C,-60.2294,,True
COC(C)C,RMGHERXMTMUMMV-UHFFFAOYSA-N,C4H10O,5,bains:Cox-1,13,row756,2-methoxypropane,COC(C)C,-60.2400,,True
COC(C)C,RMGHERXMTMUMMV-UHFFFAOYSA-N,C4H10O,5,bains:NIST-1,14,row756,2-methoxypropane,COC(C)C,-60.2294,,True
CC(C)(C)O,DKGAVHZHDRPRBM-UHFFFAOYSA-N,C4H10O,5,bains:Pedley,12,row757,2-methylpropan-2-ol,OC(C)(C)C,-74.6893,,True
CC(C)(C)O,DKGAVHZHDRPRBM-UHFFFAOYSA-N,C4H10O,5,bains:Cox-1,13,row757,2-methylpropan-2-ol,OC(C)(C)C,-74.7200,,True
CC(C)(C)O,DKGAVHZHDRPRBM-UHFFFAOYSA-N,C4H10O,5,bains:Cox-2,13,row757,2-methylpropan-2-ol,OC(C)(C)C,-74.3000,,True
CC(C)(C)O,DKGAVHZHDRPRBM-UHFFFAOYSA-N,C4H10O,5,bains:Cox-3,13,row757,2-methylpropan-2-ol,OC(C)(C)C,-74.1000,,True
CC(C)(C)O,DKGAVHZHDRPRBM-UHFFFAOYSA-N,C4H10O,5,bains:Winget,18,row757,2-methylpropan-2-ol,OC(C)(C)C,-74.6643,,True
CC(C)(C)O,DKGAVHZHDRPRBM-UHFFFAOYSA-N,C4H10O,5,bains:Yaws,90,row757,2-methylpropan-2-ol,OC(C)(C)C,-74.6654,,True
CC(C)(C)O,DKGAVHZHDRPRBM-UHFFFAOYSA-N,C4H10O,5,bains:NIST-1,14,row757,2-methylpropan-2-ol,OC(C)(C)C,-74.7132,,True
CC(C)(C)O,DKGAVHZHDRPRBM-UHFFFAOYSA-N,C4H10O,5,bains:NIST-2,14,row757,2-methylpropan-2-ol,OC(C)(C)C,-74.8088,,True
CC(C)(C)O,DKGAVHZHDRPRBM-UHFFFAOYSA-N,C4H10O,5,bains:NIST-3,14,row757,2-methylpropan-2-ol,OC(C)(C)C,-74.0201,,True
CCC(O)CO,BMRWNKZVCUKKSR-UHFFFAOYSA-N,C4H10O2,6,bains:Yaws,90,row758,"1,2-butanediol",CCC(O)CO,-106.3576,,True
CCOCCO,ZNQVEEAIQZEUHB-UHFFFAOYSA-N,C4H10O2,6,bains:Yaws,90,row759,2-ethoxyethanol,CCOCCO,-95.6023,,True
CC(O)C(C)O,OWBTYPJTUOEWEK-UHFFFAOYSA-N,C4H10O2,6,bains:Pedley,12,row760,"dl-2,3-butanediol",CC(O)C(O)C,-115.2725,,True
CC(O)C(C)O,OWBTYPJTUOEWEK-UHFFFAOYSA-N,C4H10O2,6,bains:Cox-1,13,row760,"dl-2,3-butanediol",CC(O)C(O)C,-115.2700,,True
CC(O)C(C)O,OWBTYPJTUOEWEK-UHFFFAOYSA-N,C4H10O2,6,bains:Yaws,90,row760,"dl-2,3-butanediol",CC(O)C(O)C,-114.0057,,True
CCOOCC,RHMZKSWPMYAOAZ-UHFFFAOYSA-N,C4H10O2,6,bains:Pedley,12,row761,(ethylperoxy)ethane,CCOOCC,-46.0803,,False
CCOOCC,RHMZKSWPMYAOAZ-UHFFFAOYSA-N,C4H10O2,6,bains:Cox-1,13,row761,(ethylperoxy)ethane,CCOOCC,-46.1000,,False
CCOOCC,RHMZKSWPMYAOAZ-UHFFFAOYSA-N,C4H10O2,6,bains:Cox-2,13,row761,(ethylperoxy)ethane,CCOOCC,-48.3000,,False
CCOOCC,RHMZKSWPMYAOAZ-UHFFFAOYSA-N,C4H10O2,6,bains:Winget,18,row761,(ethylperoxy)ethane,CCOOCC,-46.0780,,False
CCOOCC,RHMZKSWPMYAOAZ-UHFFFAOYSA-N,C4H10O2,6,bains:Stewart,91,row761,(ethylperoxy)ethane,CCOOCC,-46.0780,,False
CCOOCC,RHMZKSWPMYAOAZ-UHFFFAOYSA-N,C4H10O2,6,bains:NIST-1,14,row761,(ethylperoxy)ethane,CCOOCC,-46.1281,,False
CCOOCC,RHMZKSWPMYAOAZ-UHFFFAOYSA-N,C4H10O2,6,bains:NIST-2,14,row761,(ethylperoxy)ethane,CCOOCC,-47.8011,,False
CCOOCC,RHMZKSWPMYAOAZ-UHFFFAOYSA-N,C4H10O2,6,bains:NIST-3,14,row761,(ethylperoxy)ethane,CCOOCC,-66.9216,,False
CC(C)(C)OO,CIHOLLKRGTVIJN-UHFFFAOYSA-N,C4H10O2,6,bains:Pedley,12,row762,2-hydroperoxy-2-methylpropane,CC(C)(OO)C,-58.7715,,True
CC(C)(C)OO,CIHOLLKRGTVIJN-UHFFFAOYSA-N,C4H10O2,6,bains:Cox-1,13,row762,2-hydroperoxy-2-methylpropane,CC(C)(OO)C,-52.2000,,True
CC(C)(C)OO,CIHOLLKRGTVIJN-UHFFFAOYSA-N,C4H10O2,6,bains:Cox-2,13,row762,2-hydroperoxy-2-methylpropane,CC(C)(OO)C,-58.8000,,True
CC(C)(C)OO,CIHOLLKRGTVIJN-UHFFFAOYSA-N,C4H10O2,6,bains:NIST-1,14,row762,2-hydroperoxy-2-methylpropane,CC(C)(OO)C,-56.1424,,True
CC(C)(C)OO,CIHOLLKRGTVIJN-UHFFFAOYSA-N,C4H10O2,6,bains:NIST-2,14,row762,2-hydroperoxy-2-methylpropane,CC(C)(OO)C,-58.7954,,True
COC(C)OC,SPEUIVXLLWOEMJ-UHFFFAOYSA-N,C4H10O2,6,bains:Pedley,12,row763,"1,1-dimethoxyethane",CC(OC)OC,-93.1405,,True
COC(C)OC,SPEUIVXLLWOEMJ-UHFFFAOYSA-N,C4H10O2,6,bains:Cox-1,13,row763,"1,1-dimethoxyethane",CC(OC)OC,-93.2600,,True
COC(C)OC,SPEUIVXLLWOEMJ-UHFFFAOYSA-N,C4H10O2,6,bains:Winget,18,row763,"1,1-dimethoxyethane",CC(OC)OC,-93.0555,,True
CC(O)CCO,PUPZLCDOIYMWBV-UHFFFAOYSA-N,C4H10O2,6,bains:Pedley,12,row764,"1,3-butanediol",CC(O)CCO,-103.5373,,True
CC(O)CCO,PUPZLCDOIYMWBV-UHFFFAOYSA-N,C4H10O2,6,bains:Cox-1,13,row764,"1,3-butanediol",CC(O)CCO,-107.5100,,True
CC(O)CCO,PUPZLCDOIYMWBV-UHFFFAOYSA-N,C4H10O2,6,bains:Yaws,90,row764,"1,3-butanediol",CC(O)CCO,-108.0306,,True
COCCOC,XTHFKEDIFFGKHM-UHFFFAOYSA-N,C4H10O2,6,bains:Yaws,90,row765,"1,2-dimethoxyethane",COCCOC,-82.6960,,True
COCCOC,XTHFKEDIFFGKHM-UHFFFAOYSA-N,C4H10O2,6,bains:NIST-1,14,row765,"1,2-dimethoxyethane",COCCOC,-81.9312,,True
COCCOC,XTHFKEDIFFGKHM-UHFFFAOYSA-N,C4H10O2,6,bains:NIST-2,14,row765,"1,2-dimethoxyethane",COCCOC,-93.2122,,True
COCCOC,XTHFKEDIFFGKHM-UHFFFAOYSA-N,C4H10O2,6,bains:NIST-3,14,row765,"1,2-dimethoxyethane",COCCOC,-81.3815,,True
OCCCCO,WERYXYBDKMZEQL-UHFFFAOYSA-N,C4H10O2,6,bains:Pedley,12,row766,"butane-1,4-diol",OCCCCO,-101.9837,,True
OCCCCO,WERYXYBDKMZEQL-UHFFFAOYSA-N,C4H10O2,6,bains:Yaws,90,row766,"butane-1,4-diol",OCCCCO,-102.2945,,True
OCCCCO,WERYXYBDKMZEQL-UHFFFAOYSA-N,C4H10O2,6,bains:NIST-1,14,row766,"butane-1,4-diol",OCCCCO,-101.8164,,True
OCCCCO,WERYXYBDKMZEQL-UHFFFAOYSA-N,C4H10O2,6,bains:NIST-2,14,row766,"butane-1,4-diol",OCCCCO,-102.0554,,True
COC(OC)OC,PYOKUURKVVELLB-UHFFFAOYSA-N,C4H10O3,7,bains:Pedley,12,row769,trimethoxymethane,COC(OC)OC,-127.1272,,True
OCCOCCO,MTHSVFCYNBDYFN-UHFFFAOYSA-N,C4H10O3,7,bains:Pedley,12,row770,diethylene glycol,OCCOCCO,-136.5201,,True
OCCOCCO,MTHSVFCYNBDYFN-UHFFFAOYSA-N,C4H10O3,7,bains:Cox-1,13,row770,diethylene glycol,OCCOCCO,-136.5000,,True
OCCOCCO,MTHSVFCYNBDYFN-UHFFFAOYSA-N,C4H10O3,7,bains:Yaws,90,row770,diethylene glycol,OCCOCCO,-136.5201,,True
OC[C@@H](O)[C@@H](O)CO,UNXHWFMMPAWVPI-ZXZARUISSA-N,C4H10O4,8,bains:Pedley,12,row772,i-erythritol,OC[C@H](O)[C@H](O)CO,-185.2772,,True
OC[C@@H](O)[C@@H](O)CO,UNXHWFMMPAWVPI-ZXZARUISSA-N,C4H10O4,8,bains:Cox-1,13,row772,i-erythritol,OC[C@H](O)[C@H](O)CO,-185.2800,,True
CCCCN,HQABUPZFAYXKJW-UHFFFAOYSA-N,C4H11N,5,bains:Pedley,12,row789,butan-1-amine,NCCCC,-21.9885,,True
CCCCN,HQABUPZFAYXKJW-UHFFFAOYSA-N,C4H11N,5,bains:Cox-1,13,row789,butan-1-amine,NCCCC,-22.7000,,True
CCCCN,HQABUPZFAYXKJW-UHFFFAOYSA-N,C4H11N,5,bains:Yaws,90,row789,butan-1-amine,NCCCC,-21.9885,,True
CCCCN,HQABUPZFAYXKJW-UHFFFAOYSA-N,C4H11N,5,bains:NIST-1,14,row789,butan-1-amine,NCCCC,-22.7055,,True
CCC(C)N,BHRZNVHARXXAHW-UHFFFAOYSA-N,C4H11N,5,bains:Pedley,12,row790,sec-butylamine,NC(C)CC,-25.0717,,True
CCC(C)N,BHRZNVHARXXAHW-UHFFFAOYSA-N,C4H11N,5,bains:Cox-1,13,row790,sec-butylamine,NC(C)CC,-25.4000,,True
CCC(C)N,BHRZNVHARXXAHW-UHFFFAOYSA-N,C4H11N,5,bains:Yaws,90,row790,sec-butylamine,NC(C)CC,-25.0120,,True
CCNCC,HPNMFZURTQLUMO-UHFFFAOYSA-N,C4H11N,5,bains:Pedley,12,row791,diethylamine,CCNCC,-17.3279,,True
CCNCC,HPNMFZURTQLUMO-UHFFFAOYSA-N,C4H11N,5,bains:Cox-1,13,row791,diethylamine,CCNCC,-17.1600,,True
CCNCC,HPNMFZURTQLUMO-UHFFFAOYSA-N,C4H11N,5,bains:Yaws,90,row791,diethylamine,CCNCC,-17.1367,,True
CCNCC,HPNMFZURTQLUMO-UHFFFAOYSA-N,C4H11N,5,bains:NIST-1,14,row791,diethylamine,CCNCC,-23.8528,,True
CC(C)CN,KDSNLYIMUZNERS-UHFFFAOYSA-N,C4H11N,5,bains:Pedley,12,row792,2-methylpropan-1-amine,NCC(C)C,-23.5899,,True
CC(C)CN,KDSNLYIMUZNERS-UHFFFAOYSA-N,C4H11N,5,bains:NIST-1,14,row792,2-methylpropan-1-amine,NCC(C)C,-23.5707,,True
CC(C)CN,KDSNLYIMUZNERS-UHFFFAOYSA-N,C4H11N,5,bains:NIST-2,14,row792,2-methylpropan-1-amine,NCC(C)C,-34.4407,,True
CC(C)(C)N,YBRBMKDOPFTVDT-UHFFFAOYSA-N,C4H11N,5,bains:Pedley,12,row793,2-methylpropan-2-amine,NC(C)(C)C,-28.8958,,True
CC(C)(C)N,YBRBMKDOPFTVDT-UHFFFAOYSA-N,C4H11N,5,bains:Cox-1,13,row793,2-methylpropan-2-amine,NC(C)(C)C,-28.8300,,True
CC(C)(C)N,YBRBMKDOPFTVDT-UHFFFAOYSA-N,C4H11N,5,bains:Cox-2,13,row793,2-methylpropan-2-amine,NC(C)(C)C,-28.9000,,True
CC(C)(C)N,YBRBMKDOPFTVDT-UHFFFAOYSA-N,C4H11N,5,bains:Winget,18,row793,2-methylpropan-2-amine,NC(C)(C)C,-28.8862,,True
CC(C)(C)N,YBRBMKDOPFTVDT-UHFFFAOYSA-N,C4H11N,5,bains:Stewart,91,row793,2-methylpropan-2-amine,NC(C)(C)C,-28.8862,,True
CC(C)(C)N,YBRBMKDOPFTVDT-UHFFFAOYSA-N,C4H11N,5,bains:Yaws,90,row793,2-methylpropan-2-amine,NC(C)(C)C,-28.8480,,True
CC(C)(C)N,YBRBMKDOPFTVDT-UHFFFAOYSA-N,C4H11N,5,bains:NIST-1,14,row793,2-methylpropan-2-amine,NC(C)(C)C,-28.6807,,True
CC(C)(C)N,YBRBMKDOPFTVDT-UHFFFAOYSA-N,C4H11N,5,bains:NIST-2,14,row793,2-methylpropan-2-amine,NC(C)(C)C,-28.8958,,True
CC(C)(C)N,YBRBMKDOPFTVDT-UHFFFAOYSA-N,C4H11N,5,bains:NIST-3,14,row793,2-methylpropan-2-amine,NC(C)(C)C,-28.7524,,True
CC(C)(C)N,YBRBMKDOPFTVDT-UHFFFAOYSA-N,C4H11N,5,bains:NIST-4,14,row793,2-methylpropan-2-amine,NC(C)(C)C,-33.2935,,True
CCN(C)C,DAZXVJBJRMWXJP-UHFFFAOYSA-N,C4H11N,5,bains:Yaws,90,row794,dimethylethylamine,CCN(C)C,-11.9503,,True
CCN(O)CC,FVCOIAYSJZGECG-UHFFFAOYSA-N,C4H11NO,6,bains:NIST-1,14,row795,"N,N-diethylhydroxylamine",CCN(O)CC,-29.1037,,True
CN(C)CCO,UEEJHVSXFDXPFK-UHFFFAOYSA-N,C4H11NO,6,bains:Yaws,90,row796,dimethylethanolamine,OCCN(C)C,-48.2792,,True
NCCOCCO,GIAFURWZWWWBQT-UHFFFAOYSA-N,C4H11NO2,7,bains:Yaws,90,row797,2-aminoethoxyethanol,OCCOCCN,-87.2371,,True
OCCNCCO,ZBCBWPMODOFKDW-UHFFFAOYSA-N,C4H11NO2,7,bains:Yaws,90,row798,diethanolamine,OCCNCCO,-94.8566,,True
CCC(N)CN,ULEAQRIQMIQDPJ-UHFFFAOYSA-N,C4H12N2,6,bains:Pedley,12,row802,"1,2-butanediamine",CCC(N)CN,-17.6864,,True
CC(C)(N)CN,OPCJOXGBLDJWRM-UHFFFAOYSA-N,C4H12N2,6,bains:Pedley,12,row803,"2-methylpropane-1,2-diamine",CC(N)(C)CN,-21.5583,,True
CC(C)(N)CN,OPCJOXGBLDJWRM-UHFFFAOYSA-N,C4H12N2,6,bains:NIST-1,14,row803,"2-methylpropane-1,2-diamine",CC(N)(C)CN,-21.5703,,True
NCCNCCO,LHIJANUOQQMGNT-UHFFFAOYSA-N,C4H12N2O,7,bains:Yaws,90,row804,N-aminoethyl ethanolamine,OCCNCCN,-45.6501,,True
CN=NN(C)N(C)C,YDRHINBPWFNWSS-UHFFFAOYSA-N,C4H12N4,8,bains:Cox-1,13,row806,tetramethyltetrazene,CN=NN(C)N(C)C,64.7000,,True
CN(C)/N=N/N(C)C,PRGCYUAJTPIADR-AATRIKPKSA-N,C4H12N4,8,bains:Pedley,12,row807,"1,1,4,4-tetramethyl-2-tetrazene",CN(C)/N=N/N(C)C,64.6989,,True
NCCNCCN,RPNUMPOLZDHAAY-UHFFFAOYSA-N,C4H13N3,7,bains:Yaws,90,row812,diethylene triamine,NCCNCCN,-1.4006,,True
C#CC#C,LLCSWKVOHICRDD-UHFFFAOYSA-N,C4H2,4,bains:Winget,18,row815,"buta-1,3-diyne",C#CC#C,112.9460,,True
C#CC#C,LLCSWKVOHICRDD-UHFFFAOYSA-N,C4H2,4,bains:Stewart,91,row815,"buta-1,3-diyne",C#CC#C,112.9460,,True
C#CC#C,LLCSWKVOHICRDD-UHFFFAOYSA-N,C4H2,4,bains:ATcT,10,row815,"buta-1,3-diyne",C#CC#C,109.9594,,True
C#CC#C,LLCSWKVOHICRDD-UHFFFAOYSA-N,C4H2,4,bains:Yaws,90,row815,"buta-1,3-diyne",C#CC#C,107.5526,,True
C#CC#C,LLCSWKVOHICRDD-UHFFFAOYSA-N,C4H2,4,bains:NIST-1,14,row815,"buta-1,3-diyne",C#CC#C,110.8987,,True
N#C/C=C/C#N,KYPOHTVBFVELTG-OWOJBTEDSA-N,C4H2N2,6,bains:Pedley,12,row816,fumaronitrile,N#C/C=C/C#N,81.3098,,True
N#C/C=C/C#N,KYPOHTVBFVELTG-OWOJBTEDSA-N,C4H2N2,6,bains:Cox-1,13,row816,fumaronitrile,N#C/C=C/C#N,81.3000,,True
N#C/C=C/C#N,KYPOHTVBFVELTG-OWOJBTEDSA-N,C4H2N2,6,bains:Winget,18,row816,fumaronitrile,N#C/C=C/C#N,81.2611,,True
N#C/C=C/C#N,KYPOHTVBFVELTG-OWOJBTEDSA-N,C4H2N2,6,bains:Stewart,91,row816,fumaronitrile,N#C/C=C/C#N,81.2611,,True
N#C/C=C/C#N,KYPOHTVBFVELTG-OWOJBTEDSA-N,C4H2N2,6,bains:Cioslowski,11,row816,fumaronitrile,N#C/C=C/C#N,81.3000,,True
O=C1C=CC(=O)O1,FPYJFEHAWHCUMM-UHFFFAOYSA-N,C4H2O3,7,bains:Pedley,12,row818,Maleic anhydride,O=C(O1)C=CC1=O,-95.1960,,True
O=C1C=CC(=O)O1,FPYJFEHAWHCUMM-UHFFFAOYSA-N,C4H2O3,7,bains:Cox-1,13,row818,Maleic anhydride,O=C(O1)C=CC1=O,-95.1000,,True
O=C1C=CC(=O)O1,FPYJFEHAWHCUMM-UHFFFAOYSA-N,C4H2O3,7,bains:Cox-2,13,row818,Maleic anhydride,O=C(O1)C=CC1=O,-95.3000,,True
O=C1C=CC(=O)O1,FPYJFEHAWHCUMM-UHFFFAOYSA-N,C4H2O3,7,bains:Cox-3,13,row818,Maleic anhydride,O=C(O1)C=CC1=O,-95.0000,,True
O=C1C=CC(=O)O1,FPYJFEHAWHCUMM-UHFFFAOYSA-N,C4H2O3,7,bains:Cox-4,13,row818,Maleic anhydride,O=C(O1)C=CC1=O,-95.2000,,True
O=C1C=CC(=O)O1,FPYJFEHAWHCUMM-UHFFFAOYSA-N,C4H2O3,7,bains:Winget,18,row818,Maleic anhydride,O=C(O1)C=CC1=O,-95.1545,,True
O=C1C=CC(=O)O1,FPYJFEHAWHCUMM-UHFFFAOYSA-N,C4H2O3,7,bains:Stewart,91,row818,Maleic anhydride,O=C(O1)C=CC1=O,-95.1545,,True
O=c1c(O)c(O)c1=O,PWEBUXCTKOWPCW-UHFFFAOYSA-N,C4H2O4,8,bains:Pedley,12,row819,"3,4-dihydroxy-3-cyclobutene-1,2-dione",O=C1C(C(O)=C1O)=O,-122.9685,,True
O=[N+]([O-])c1ccco1,FUBFWTUFPGFHOJ-UHFFFAOYSA-N,C4H3NO3,8,bains:Pedley,12,row821,2-nitrofuran,O=[N+](C1=CC=CO1)[O-],-6.8834,,True
C#CC=C,WFYPICNXBKQZGB-UHFFFAOYSA-N,C4H4,4,bains:Winget,18,row822,but-1-en-3-yne,C=CC#C,72.7652,,True
C#CC=C,WFYPICNXBKQZGB-UHFFFAOYSA-N,C4H4,4,bains:Stewart,91,row822,but-1-en-3-yne,C=CC#C,72.7652,,True
C#CC=C,WFYPICNXBKQZGB-UHFFFAOYSA-N,C4H4,4,bains:Cioslowski,11,row822,but-1-en-3-yne,C=CC#C,70.8000,,True
C#CC=C,WFYPICNXBKQZGB-UHFFFAOYSA-N,C4H4,4,bains:NIST-1,14,row822,but-1-en-3-yne,C=CC#C,70.5067,,True
c1ccnnc1,PBMFSQRYOILNGV-UHFFFAOYSA-N,C4H4N2,6,bains:Pedley,12,row823,pyridazine,C1=NN=CC=C1,66.5153,,True
c1ccnnc1,PBMFSQRYOILNGV-UHFFFAOYSA-N,C4H4N2,6,bains:Cox-1,13,row823,pyridazine,C1=NN=CC=C1,66.5200,,True
c1ccnnc1,PBMFSQRYOILNGV-UHFFFAOYSA-N,C4H4N2,6,bains:Winget,18,row823,pyridazine,C1=NN=CC=C1,66.4682,,True
c1ccnnc1,PBMFSQRYOILNGV-UHFFFAOYSA-N,C4H4N2,6,bains:Stewart,91,row823,pyridazine,C1=NN=CC=C1,66.4682,,True
c1ccnnc1,PBMFSQRYOILNGV-UHFFFAOYSA-N,C4H4N2,6,bains:Cioslowski,11,row823,pyridazine,C1=NN=CC=C1,66.5000,,True
c1ccnnc1,PBMFSQRYOILNGV-UHFFFAOYSA-N,C4H4N2,6,bains:NIST-1,14,row823,pyridazine,C1=NN=CC=C1,66.5392,,True
c1cncnc1,CZPWVGJYEJSRLH-UHFFFAOYSA-N,C4H4N2,6,bains:Pedley,12,row824,pyrimidine,C1=NC=CC=N1,46.8212,,True
c1cncnc1,CZPWVGJYEJSRLH-UHFFFAOYSA-N,C4H4N2,6,bains:Cox-1,13,row824,pyrimidine,C1=NC=CC=N1,46.9900,,True
c1cncnc1,CZPWVGJYEJSRLH-UHFFFAOYSA-N,C4H4N2,6,bains:Winget,18,row824,pyrimidine,C1=NC=CC=N1,46.9775,,True
c1cncnc1,CZPWVGJYEJSRLH-UHFFFAOYSA-N,C4H4N2,6,bains:Stewart,91,row824,pyrimidine,C1=NC=CC=N1,46.9775,,True
c1cncnc1,CZPWVGJYEJSRLH-UHFFFAOYSA-N,C4H4N2,6,bains:Cioslowski,11,row824,pyrimidine,C1=NC=CC=N1,47.0000,,True
c1cncnc1,CZPWVGJYEJSRLH-UHFFFAOYSA-N,C4H4N2,6,bains:NIST-1,14,row824,pyrimidine,C1=NC=CC=N1,46.7973,,True
c1cncnc1,CZPWVGJYEJSRLH-UHFFFAOYSA-N,C4H4N2,6,bains:NIST-2,14,row824,pyrimidine,C1=NC=CC=N1,46.8212,,True
c1cnccn1,KYQCOXFCLRTKLS-UHFFFAOYSA-N,C4H4N2,6,bains:Pedley,12,row825,pyrazine,C1=NC=CN=C1,46.8690,,True
c1cnccn1,KYQCOXFCLRTKLS-UHFFFAOYSA-N,C4H4N2,6,bains:Cox-1,13,row825,pyrazine,C1=NC=CN=C1,46.8600,,True
c1cnccn1,KYQCOXFCLRTKLS-UHFFFAOYSA-N,C4H4N2,6,bains:Winget,18,row825,pyrazine,C1=NC=CN=C1,50.8757,,True
c1cnccn1,KYQCOXFCLRTKLS-UHFFFAOYSA-N,C4H4N2,6,bains:Stewart,91,row825,pyrazine,C1=NC=CN=C1,46.8776,,True
c1cnccn1,KYQCOXFCLRTKLS-UHFFFAOYSA-N,C4H4N2,6,bains:Cioslowski,11,row825,pyrazine,C1=NC=CN=C1,46.9000,,True
c1cnccn1,KYQCOXFCLRTKLS-UHFFFAOYSA-N,C4H4N2,6,bains:NIST-1,14,row825,pyrazine,C1=NC=CN=C1,46.8690,,True
N#CCCC#N,IAHFWCOBPZCAEA-UHFFFAOYSA-N,C4H4N2,6,bains:Pedley,12,row826,succinonitrile,N#CCCC#N,50.1195,,True
N#CCCC#N,IAHFWCOBPZCAEA-UHFFFAOYSA-N,C4H4N2,6,bains:Winget,18,row826,succinonitrile,N#CCCC#N,50.0761,,True
N#CCCC#N,IAHFWCOBPZCAEA-UHFFFAOYSA-N,C4H4N2,6,bains:NIST-1,14,row826,succinonitrile,N#CCCC#N,50.1195,,True
O=c1cc[nH]c(=O)[nH]1,ISAKRJDGNUQOIC-UHFFFAOYSA-N,C4H4N2O2,8,bains:Pedley,12,row827,uracil,O=C(N1)NC=CC1=O,-72.3948,,True
[O-][n+]1cc[n+]([O-])cc1,SXTKIFFXFIDYJF-UHFFFAOYSA-N,C4H4N2O2,8,bains:Cioslowski,11,row828,"pyrazine 1,4-dioxide",[O-][N+]1=CC=[N+]([O-])C=C1,44.6000,,True
c1cn2cc[n-][n+]2n1,OOZMRZQFWKSZEZ-UHFFFAOYSA-N,C4H4N4,8,bains:Add Lit 1,17,row829,TTID,N1(C=C[N-]2)[N+]2=NC=C1,125.4780,,True
c1c[n+]2[n-]cc[n+]2[n-]1,UMFIGWJWISLRSP-UHFFFAOYSA-N,C4H4N4,8,bains:Add Lit 1,17,row830,TTDD,[N+]1([N-]C=C2)=[N+]2[N-]C=C1,124.4742,,True
c1ccoc1,YLQBMQCUIZJEEH-UHFFFAOYSA-N,C4H4O,5,bains:Pedley,12,row831,furan,O1C=CC=C1,-8.3413,,True
c1ccoc1,YLQBMQCUIZJEEH-UHFFFAOYSA-N,C4H4O,5,bains:Cox-1,13,row831,furan,O1C=CC=C1,-8.2300,,True
c1ccoc1,YLQBMQCUIZJEEH-UHFFFAOYSA-N,C4H4O,5,bains:Cox-2,13,row831,furan,O1C=CC=C1,-7.1000,,True
c1ccoc1,YLQBMQCUIZJEEH-UHFFFAOYSA-N,C4H4O,5,bains:Cox-3,13,row831,furan,O1C=CC=C1,-7.9000,,True
c1ccoc1,YLQBMQCUIZJEEH-UHFFFAOYSA-N,C4H4O,5,bains:Cox-4,13,row831,furan,O1C=CC=C1,-8.3800,,True
c1ccoc1,YLQBMQCUIZJEEH-UHFFFAOYSA-N,C4H4O,5,bains:Cox-5,13,row831,furan,O1C=CC=C1,-8.3000,,True
c1ccoc1,YLQBMQCUIZJEEH-UHFFFAOYSA-N,C4H4O,5,bains:Winget,18,row831,furan,O1C=CC=C1,-8.2960,,True
c1ccoc1,YLQBMQCUIZJEEH-UHFFFAOYSA-N,C4H4O,5,bains:Cioslowski,11,row831,furan,O1C=CC=C1,-8.3000,,True
c1ccoc1,YLQBMQCUIZJEEH-UHFFFAOYSA-N,C4H4O,5,bains:NIST-1,14,row831,furan,O1C=CC=C1,-6.6205,,True
c1ccoc1,YLQBMQCUIZJEEH-UHFFFAOYSA-N,C4H4O,5,bains:NIST-2,14,row831,furan,O1C=CC=C1,-8.2935,,True
c1ccoc1,YLQBMQCUIZJEEH-UHFFFAOYSA-N,C4H4O,5,bains:NIST-3,14,row831,furan,O1C=CC=C1,-7.1224,,True
C#CC(C)=O,XRGPFNGLRSIPSA-UHFFFAOYSA-N,C4H4O,5,bains:Winget,18,row832,acetyl acetylene,C#CC(C)=O,15.5925,,True
C=C1CC(=O)O1,WASQWSOJHCZDFK-UHFFFAOYSA-N,C4H4O2,6,bains:Yaws,90,row833,4-methyleneoxetan-2-one,C=C1CC(O1)=O,-45.4589,,True
C=C1CC(=O)O1,WASQWSOJHCZDFK-UHFFFAOYSA-N,C4H4O2,6,bains:NIST-1,14,row833,4-methyleneoxetan-2-one,C=C1CC(O1)=O,-45.4589,,True
O=C1CC(=O)C1,PZQGSZRQKQZCOJ-UHFFFAOYSA-N,C4H4O2,6,bains:Pedley,12,row834,"cyclobutane-1,3-dione",O=C1CC(C1)=O,-44.5268,,True
O=C(O)/C=C/C(=O)O,VZCYOOQTPOCHFL-OWOJBTEDSA-N,C4H4O4,8,bains:Pedley,12,row835,fumaric acid,O=C(O)/C=C/C(O)=O,-161.5201,,True
O=C(O)/C=C/C(=O)O,VZCYOOQTPOCHFL-OWOJBTEDSA-N,C4H4O4,8,bains:Cox-1,13,row835,fumaric acid,O=C(O)/C=C/C(O)=O,-161.6000,,True
O=C(O)/C=C/C(=O)O,VZCYOOQTPOCHFL-OWOJBTEDSA-N,C4H4O4,8,bains:Cox-2,13,row835,fumaric acid,O=C(O)/C=C/C(O)=O,-161.3000,,True
O=C(O)/C=C/C(=O)O,VZCYOOQTPOCHFL-OWOJBTEDSA-N,C4H4O4,8,bains:Cox-3,13,row835,fumaric acid,O=C(O)/C=C/C(O)=O,-161.3000,,True
O=C(O)/C=C/C(=O)O,VZCYOOQTPOCHFL-OWOJBTEDSA-N,C4H4O4,8,bains:Cox-4,13,row835,fumaric acid,O=C(O)/C=C/C(O)=O,-161.2000,,True
O=C(O)/C=C/C(=O)O,VZCYOOQTPOCHFL-OWOJBTEDSA-N,C4H4O4,8,bains:Cox-5,13,row835,fumaric acid,O=C(O)/C=C/C(O)=O,-162.2000,,True
C/C=C/C#N,NKKMVIVFRUYPLQ-NSCUHMNNSA-N,C4H5N,5,bains:Pedley,12,row838,trans-crotonitrile,C/C=C/C#N,33.6281,,True
C/C=C/C#N,NKKMVIVFRUYPLQ-NSCUHMNNSA-N,C4H5N,5,bains:Yaws,90,row838,trans-crotonitrile,C/C=C/C#N,33.6281,,True
C=CCC#N,SJNALLRHIVGIBI-UHFFFAOYSA-N,C4H5N,5,bains:Pedley,12,row839,but-3-enenitrile,N#CCC=C,37.7151,,True
C=CCC#N,SJNALLRHIVGIBI-UHFFFAOYSA-N,C4H5N,5,bains:NIST-1,14,row839,but-3-enenitrile,N#CCC=C,37.6912,,True
c1cc[nH]c1,KAESVJOAVNADME-UHFFFAOYSA-N,C4H5N,5,bains:Pedley,12,row840,1H-pyrrole,N1C=CC=C1,25.8843,,True
c1cc[nH]c1,KAESVJOAVNADME-UHFFFAOYSA-N,C4H5N,5,bains:Cox-1,13,row840,1H-pyrrole,N1C=CC=C1,25.8800,,True
c1cc[nH]c1,KAESVJOAVNADME-UHFFFAOYSA-N,C4H5N,5,bains:Winget,18,row840,1H-pyrrole,N1C=CC=C1,25.8876,,True
c1cc[nH]c1,KAESVJOAVNADME-UHFFFAOYSA-N,C4H5N,5,bains:Stewart,91,row840,1H-pyrrole,N1C=CC=C1,25.8876,,True
c1cc[nH]c1,KAESVJOAVNADME-UHFFFAOYSA-N,C4H5N,5,bains:Cioslowski,11,row840,1H-pyrrole,N1C=CC=C1,25.9000,,True
c1cc[nH]c1,KAESVJOAVNADME-UHFFFAOYSA-N,C4H5N,5,bains:NIST-1,14,row840,1H-pyrrole,N1C=CC=C1,34.2256,,True
c1cc[nH]c1,KAESVJOAVNADME-UHFFFAOYSA-N,C4H5N,5,bains:NIST-2,14,row840,1H-pyrrole,N1C=CC=C1,25.8843,,True
N#CC1CC1,AUQDITHEDVOTCU-UHFFFAOYSA-N,C4H5N,5,bains:Pedley,12,row841,cyclopropanecarbonitrile,N#CC1CC1,43.4512,,True
N#CC1CC1,AUQDITHEDVOTCU-UHFFFAOYSA-N,C4H5N,5,bains:NIST-1,14,row841,cyclopropanecarbonitrile,N#CC1CC1,43.6663,,True
N#CC1CC1,AUQDITHEDVOTCU-UHFFFAOYSA-N,C4H5N,5,bains:NIST-2,14,row841,cyclopropanecarbonitrile,N#CC1CC1,43.1644,,True
Cc1ccno1,AGQOIYCTCOEHGR-UHFFFAOYSA-N,C4H5NO,6,bains:Pedley,12,row842,5-methylisoxazole,CC1=CC=NO1,8.1501,,True
Cc1ccno1,AGQOIYCTCOEHGR-UHFFFAOYSA-N,C4H5NO,6,bains:Cox-1,13,row842,5-methylisoxazole,CC1=CC=NO1,3.6000,,True
Cc1ccno1,AGQOIYCTCOEHGR-UHFFFAOYSA-N,C4H5NO,6,bains:NIST-1,14,row842,5-methylisoxazole,CC1=CC=NO1,8.1501,,True
Cc1ccno1,AGQOIYCTCOEHGR-UHFFFAOYSA-N,C4H5NO,6,bains:NIST-2,14,row842,5-methylisoxazole,CC1=CC=NO1,3.5851,,True
Cc1ccon1,CUMCMYMKECWGHO-UHFFFAOYSA-N,C4H5NO,6,bains:Pedley,12,row843,3-methylisoxazole,Cc1ccon1,8.5086,,True
Cc1ccon1,CUMCMYMKECWGHO-UHFFFAOYSA-N,C4H5NO,6,bains:Cox-1,13,row843,3-methylisoxazole,Cc1ccon1,4.8000,,True
C1=CCC1,CFBGXYDUODCMNS-UHFFFAOYSA-N,C4H6,4,bains:Pedley,12,row845,cyclobutene,C1CC=C1,37.4522,,True
C1=CCC1,CFBGXYDUODCMNS-UHFFFAOYSA-N,C4H6,4,bains:Cox-1,13,row845,cyclobutene,C1CC=C1,37.4500,,True
C1=CCC1,CFBGXYDUODCMNS-UHFFFAOYSA-N,C4H6,4,bains:Winget,18,row845,cyclobutene,C1CC=C1,37.3821,,True
C1=CCC1,CFBGXYDUODCMNS-UHFFFAOYSA-N,C4H6,4,bains:Stewart,91,row845,cyclobutene,C1CC=C1,37.4821,,True
C1=CCC1,CFBGXYDUODCMNS-UHFFFAOYSA-N,C4H6,4,bains:ATcT,10,row845,cyclobutene,C1CC=C1,38.1788,,True
C1=CCC1,CFBGXYDUODCMNS-UHFFFAOYSA-N,C4H6,4,bains:Cioslowski,11,row845,cyclobutene,C1CC=C1,37.5000,,True
C1=CCC1,CFBGXYDUODCMNS-UHFFFAOYSA-N,C4H6,4,bains:Yaws,90,row845,cyclobutene,C1CC=C1,37.4522,,True
C1=CCC1,CFBGXYDUODCMNS-UHFFFAOYSA-N,C4H6,4,bains:NIST-1,14,row845,cyclobutene,C1CC=C1,37.5239,,True
C1C2CC12,LASLVGACQUUOEB-UHFFFAOYSA-N,C4H6,4,bains:Pedley,12,row846,bicyclo[1.1.0]butane,C1C2CC12,51.8881,,True
C1C2CC12,LASLVGACQUUOEB-UHFFFAOYSA-N,C4H6,4,bains:Cox-1,13,row846,bicyclo[1.1.0]butane,C1C2CC12,51.9000,,True
C1C2CC12,LASLVGACQUUOEB-UHFFFAOYSA-N,C4H6,4,bains:Winget,18,row846,bicyclo[1.1.0]butane,C1C2CC12,51.8752,,True
C1C2CC12,LASLVGACQUUOEB-UHFFFAOYSA-N,C4H6,4,bains:Stewart,91,row846,bicyclo[1.1.0]butane,C1C2CC12,51.8752,,True
C1C2CC12,LASLVGACQUUOEB-UHFFFAOYSA-N,C4H6,4,bains:Cioslowski,11,row846,bicyclo[1.1.0]butane,C1C2CC12,51.9000,,True
C1C2CC12,LASLVGACQUUOEB-UHFFFAOYSA-N,C4H6,4,bains:NIST-1,14,row846,bicyclo[1.1.0]butane,C1C2CC12,51.8642,,True
CC#CC,XNMQEEKYCVKGBD-UHFFFAOYSA-N,C4H6,4,bains:Pedley,12,row847,but-2-yne,CC#CC,34.8231,,True
CC#CC,XNMQEEKYCVKGBD-UHFFFAOYSA-N,C4H6,4,bains:Cox-1,13,row847,but-2-yne,CC#CC,34.6900,,True
CC#CC,XNMQEEKYCVKGBD-UHFFFAOYSA-N,C4H6,4,bains:Cox-2,13,row847,but-2-yne,CC#CC,34.7400,,True
CC#CC,XNMQEEKYCVKGBD-UHFFFAOYSA-N,C4H6,4,bains:Cox-3,13,row847,but-2-yne,CC#CC,34.7100,,True
CC#CC,XNMQEEKYCVKGBD-UHFFFAOYSA-N,C4H6,4,bains:Winget,18,row847,but-2-yne,CC#CC,34.7834,,True
CC#CC,XNMQEEKYCVKGBD-UHFFFAOYSA-N,C4H6,4,bains:Stewart,91,row847,but-2-yne,CC#CC,34.6834,,True
CC#CC,XNMQEEKYCVKGBD-UHFFFAOYSA-N,C4H6,4,bains:ATcT,10,row847,but-2-yne,CC#CC,34.8924,,True
CC#CC,XNMQEEKYCVKGBD-UHFFFAOYSA-N,C4H6,4,bains:Cioslowski,11,row847,but-2-yne,CC#CC,34.8000,,True
CC#CC,XNMQEEKYCVKGBD-UHFFFAOYSA-N,C4H6,4,bains:Yaws,90,row847,but-2-yne,CC#CC,34.8709,,True
CC#CC,XNMQEEKYCVKGBD-UHFFFAOYSA-N,C4H6,4,bains:NIST-1,14,row847,but-2-yne,CC#CC,34.6797,,True
CC#CC,XNMQEEKYCVKGBD-UHFFFAOYSA-N,C4H6,4,bains:NIST-2,14,row847,but-2-yne,CC#CC,35.3728,,True
C#CCC,KDKYADYSIPSCCQ-UHFFFAOYSA-N,C4H6,4,bains:Pedley,12,row848,but-1-yne,CCC#C,39.4837,,True
C#CCC,KDKYADYSIPSCCQ-UHFFFAOYSA-N,C4H6,4,bains:Cox-1,13,row848,but-1-yne,CCC#C,39.4900,,True
C#CCC,KDKYADYSIPSCCQ-UHFFFAOYSA-N,C4H6,4,bains:Winget,18,row848,but-1-yne,CCC#C,39.4811,,True
C#CCC,KDKYADYSIPSCCQ-UHFFFAOYSA-N,C4H6,4,bains:Stewart,91,row848,but-1-yne,CCC#C,39.4811,,True
C#CCC,KDKYADYSIPSCCQ-UHFFFAOYSA-N,C4H6,4,bains:ATcT,10,row848,but-1-yne,CCC#C,39.6200,,True
C#CCC,KDKYADYSIPSCCQ-UHFFFAOYSA-N,C4H6,4,bains:NIST-1,14,row848,but-1-yne,CCC#C,39.4837,,True
C#CCC,KDKYADYSIPSCCQ-UHFFFAOYSA-N,C4H6,4,bains:NIST-2,14,row848,but-1-yne,CCC#C,39.6989,,True
C=CC=C,KAKZBPTYRLMSJV-UHFFFAOYSA-N,C4H6,4,bains:Pedley,12,row849,"buta-1,3-diene",C=CC=C,26.2906,,True
C=CC=C,KAKZBPTYRLMSJV-UHFFFAOYSA-N,C4H6,4,bains:Cox-1,13,row849,"buta-1,3-diene",C=CC=C,26.0100,,True
C=CC=C,KAKZBPTYRLMSJV-UHFFFAOYSA-N,C4H6,4,bains:Cox-2,13,row849,"buta-1,3-diene",C=CC=C,26.2100,,True
C=CC=C,KAKZBPTYRLMSJV-UHFFFAOYSA-N,C4H6,4,bains:Cox-3,13,row849,"buta-1,3-diene",C=CC=C,26.1100,,True
C=CC=C,KAKZBPTYRLMSJV-UHFFFAOYSA-N,C4H6,4,bains:Winget,18,row849,"buta-1,3-diene",C=CC=C,26.2874,,True
C=CC=C,KAKZBPTYRLMSJV-UHFFFAOYSA-N,C4H6,4,bains:Stewart,91,row849,"buta-1,3-diene",C=CC=C,25.9876,,True
C=CC=C,KAKZBPTYRLMSJV-UHFFFAOYSA-N,C4H6,4,bains:ATcT,10,row849,"buta-1,3-diene",C=CC=C,26.4269,,True
C=CC=C,KAKZBPTYRLMSJV-UHFFFAOYSA-N,C4H6,4,bains:Cioslowski,11,row849,"buta-1,3-diene",C=CC=C,26.3000,,True
C=CC=C,KAKZBPTYRLMSJV-UHFFFAOYSA-N,C4H6,4,bains:Yaws,90,row849,"buta-1,3-diene",C=CC=C,26.2906,,True
C=CC=C,KAKZBPTYRLMSJV-UHFFFAOYSA-N,C4H6,4,bains:NIST-1,14,row849,"buta-1,3-diene",C=CC=C,26.0038,,True
C=CC=C,KAKZBPTYRLMSJV-UHFFFAOYSA-N,C4H6,4,bains:NIST-2,14,row849,"buta-1,3-diene",C=CC=C,26.7447,,True
C=C=CC,QNRMTGGDHLBXQZ-UHFFFAOYSA-N,C4H6,4,bains:Pedley,12,row850,"buta-1,2-diene",C=C=CC,38.7906,,True
C=C=CC,QNRMTGGDHLBXQZ-UHFFFAOYSA-N,C4H6,4,bains:Cox-1,13,row850,"buta-1,2-diene",C=C=CC,38.7800,,True
C=C=CC,QNRMTGGDHLBXQZ-UHFFFAOYSA-N,C4H6,4,bains:Winget,18,row850,"buta-1,2-diene",C=C=CC,38.7815,,True
C=C=CC,QNRMTGGDHLBXQZ-UHFFFAOYSA-N,C4H6,4,bains:Stewart,91,row850,"buta-1,2-diene",C=C=CC,38.7815,,True
C=C=CC,QNRMTGGDHLBXQZ-UHFFFAOYSA-N,C4H6,4,bains:Cioslowski,11,row850,"buta-1,2-diene",C=C=CC,38.8000,,True
C=C=CC,QNRMTGGDHLBXQZ-UHFFFAOYSA-N,C4H6,4,bains:Yaws,90,row850,"buta-1,2-diene",C=C=CC,38.7906,,True
C=C=CC,QNRMTGGDHLBXQZ-UHFFFAOYSA-N,C4H6,4,bains:NIST-1,14,row850,"buta-1,2-diene",C=C=CC,38.7667,,True
C=C=CC,QNRMTGGDHLBXQZ-UHFFFAOYSA-N,C4H6,4,bains:NIST-2,14,row850,"buta-1,2-diene",C=C=CC,39.5315,,True
C=C1CC1,XSGHLZBESSREDT-UHFFFAOYSA-N,C4H6,4,bains:Pedley,12,row851,methylenecyclopropane,C=C1CC1,47.9207,,True
C=C1CC1,XSGHLZBESSREDT-UHFFFAOYSA-N,C4H6,4,bains:Cox-1,13,row851,methylenecyclopropane,C=C1CC1,47.9200,,True
C=C1CC1,XSGHLZBESSREDT-UHFFFAOYSA-N,C4H6,4,bains:Winget,18,row851,methylenecyclopropane,C=C1CC1,47.8771,,True
C=C1CC1,XSGHLZBESSREDT-UHFFFAOYSA-N,C4H6,4,bains:Stewart,91,row851,methylenecyclopropane,C=C1CC1,47.8771,,True
C=C1CC1,XSGHLZBESSREDT-UHFFFAOYSA-N,C4H6,4,bains:Cioslowski,11,row851,methylenecyclopropane,C=C1CC1,47.9000,,True
C=C1CC1,XSGHLZBESSREDT-UHFFFAOYSA-N,C4H6,4,bains:NIST-1,14,row851,methylenecyclopropane,C=C1CC1,48.0402,,True
CC1=CC1,SHDPRTQPPWIEJG-UHFFFAOYSA-N,C4H6,4,bains:Pedley,12,row852,1-methylcycloprop-1-ene,CC1=CC1,58.2218,,True
CC1=CC1,SHDPRTQPPWIEJG-UHFFFAOYSA-N,C4H6,4,bains:Cox-1,13,row852,1-methylcycloprop-1-ene,CC1=CC1,58.2100,,True
CC1=CC1,SHDPRTQPPWIEJG-UHFFFAOYSA-N,C4H6,4,bains:Winget,18,row852,1-methylcycloprop-1-ene,CC1=CC1,58.1722,,True
CC1=CC1,SHDPRTQPPWIEJG-UHFFFAOYSA-N,C4H6,4,bains:Stewart,91,row852,1-methylcycloprop-1-ene,CC1=CC1,58.1722,,True
CC1=CC1,SHDPRTQPPWIEJG-UHFFFAOYSA-N,C4H6,4,bains:NIST-1,14,row852,1-methylcycloprop-1-ene,CC1=CC1,58.3174,,True
Cc1ncc[nH]1,LXBGSDVWAMZHDD-UHFFFAOYSA-N,C4H6N2,6,bains:NIST-1,14,row856,2-methyl-1H-imidazole,CC1=NC=CN1,21.4627,,True
Cc1cc(N)no1,FKPXGNGUVSHWQQ-UHFFFAOYSA-N,C4H6N2O,7,bains:Pedley,12,row857,3-amino-5-methylisoxazole,CC1=CC(N)=NO1,4.7084,,True
Cc1nonc1C,JKJSZGJVBAWEFB-UHFFFAOYSA-N,C4H6N2O,7,bains:Pedley,12,row858,dimethylfurazan,CC1=NON=C1C,25.6453,,True
Cc1no[n+]([O-])c1C,YQPMTPLDOVSQDU-UHFFFAOYSA-N,C4H6N2O2,8,bains:Pedley,12,row859,dimethylfurazan monoxide,CC1=NO[N+]([O-])=C1C,24.4503,,True
CC=CC=O,MLUCVPSAIODCQM-UHFFFAOYSA-N,C4H6O,5,bains:Pedley,12,row860,but-2-enal,O=CC=CC,-24.0440,,True
CC=CC=O,MLUCVPSAIODCQM-UHFFFAOYSA-N,C4H6O,5,bains:Cox-1,13,row860,but-2-enal,O=CC=CC,-25.3400,,True
CC=CC=O,MLUCVPSAIODCQM-UHFFFAOYSA-N,C4H6O,5,bains:Cox-2,13,row860,but-2-enal,O=CC=CC,-24.0300,,True
CC=CC=O,MLUCVPSAIODCQM-UHFFFAOYSA-N,C4H6O,5,bains:Cox-3,13,row860,but-2-enal,O=CC=CC,-24.0300,,True
CC=CC=O,MLUCVPSAIODCQM-UHFFFAOYSA-N,C4H6O,5,bains:Winget,18,row860,but-2-enal,O=CC=CC,-23.9885,,True
CC=CC=O,MLUCVPSAIODCQM-UHFFFAOYSA-N,C4H6O,5,bains:Yaws,90,row860,but-2-enal,O=CC=CC,-24.8566,,True
CC=CC=O,MLUCVPSAIODCQM-UHFFFAOYSA-N,C4H6O,5,bains:NIST-1,14,row860,but-2-enal,O=CC=CC,-26.2189,,True
CC=CC=O,MLUCVPSAIODCQM-UHFFFAOYSA-N,C4H6O,5,bains:NIST-2,14,row860,but-2-enal,O=CC=CC,-25.5497,,True
CC=CC=O,MLUCVPSAIODCQM-UHFFFAOYSA-N,C4H6O,5,bains:NIST-3,14,row860,but-2-enal,O=CC=CC,-24.0201,,True
C1=COCC1,JKTCBAGSMQIFNL-UHFFFAOYSA-N,C4H6O,5,bains:NIST-1,14,row861,"2,3-dihydrofuran",O1CCC=C1,-17.2682,,True
C1=CCOC1,ARGCQEVBJHPOGB-UHFFFAOYSA-N,C4H6O,5,bains:Yaws,90,row862,"2,5-dihydrofuran",O1CC=CC1,-26.0038,,True
C=CC(C)=O,FUSUHKVFWTUUBE-UHFFFAOYSA-N,C4H6O,5,bains:NIST-1,14,row863,but-3-en-2-one,C=CC(C)=O,-27.4857,,True
C=COC=C,QYKIQEUNHZKYBP-UHFFFAOYSA-N,C4H6O,5,bains:Pedley,12,row864,(vinyloxy)ethene,C=COC=C,-3.2505,,True
C=COC=C,QYKIQEUNHZKYBP-UHFFFAOYSA-N,C4H6O,5,bains:Cox-1,13,row864,(vinyloxy)ethene,C=COC=C,-3.0100,,True
C=COC=C,QYKIQEUNHZKYBP-UHFFFAOYSA-N,C4H6O,5,bains:Cox-2,13,row864,(vinyloxy)ethene,C=COC=C,-3.5200,,True
C=COC=C,QYKIQEUNHZKYBP-UHFFFAOYSA-N,C4H6O,5,bains:Cox-3,13,row864,(vinyloxy)ethene,C=COC=C,-3.2700,,True
C=COC=C,QYKIQEUNHZKYBP-UHFFFAOYSA-N,C4H6O,5,bains:Winget,18,row864,(vinyloxy)ethene,C=COC=C,-3.2984,,True
C=COC=C,QYKIQEUNHZKYBP-UHFFFAOYSA-N,C4H6O,5,bains:Yaws,90,row864,(vinyloxy)ethene,C=COC=C,-3.3461,,True
C=COC=C,QYKIQEUNHZKYBP-UHFFFAOYSA-N,C4H6O,5,bains:NIST-1,14,row864,(vinyloxy)ethene,C=COC=C,-3.0354,,True
C=C(C)C=O,STNJBCKSHOAVAJ-UHFFFAOYSA-N,C4H6O,5,bains:NIST-1,14,row865,methacrylaldehyde,O=CC(C)=C,-25.4302,,True
O=C1CCC1,SHQSVMDWKBRBGB-UHFFFAOYSA-N,C4H6O,5,bains:Cioslowski,11,row866,cyclobutanone,O=C1CCC1,-24.2000,,True
O=C1CCC1,SHQSVMDWKBRBGB-UHFFFAOYSA-N,C4H6O,5,bains:NIST-1,14,row866,cyclobutanone,O=C1CCC1,-21.8929,,True
O=C1CCC1,SHQSVMDWKBRBGB-UHFFFAOYSA-N,C4H6O,5,bains:NIST-2,14,row866,cyclobutanone,O=C1CCC1,-24.1396,,True
CC=CC(=O)O,LDHQCZJRKDOVOX-UHFFFAOYSA-N,C4H6O2,6,bains:Yaws,90,row867,but-2-enoic acid,OC(=O)C=C(C),-84.7275,,True
CC=CC(=O)O,LDHQCZJRKDOVOX-UHFFFAOYSA-N,C4H6O2,6,bains:NIST-1,14,row867,but-2-enoic acid,OC(=O)C=C(C),-88.0736,,True
C=C(C)C(=O)O,CERQOIWHTDAKMF-UHFFFAOYSA-N,C4H6O2,6,bains:NIST-1,14,row868,methacrylic acid,OC(=O)C(C)=C,-87.7868,,True
C=C(C)C(=O)O,CERQOIWHTDAKMF-UHFFFAOYSA-N,C4H6O2,6,bains:NIST-2,14,row868,methacrylic acid,OC(=O)C(C)=C,-88.9579,,True
CC(=O)C(C)=O,QSJXEFYPDANLFS-UHFFFAOYSA-N,C4H6O2,6,bains:Pedley,12,row869,"2,3-Butanedione",CC(=O)C(=O)C,-78.1788,,True
CC(=O)C(C)=O,QSJXEFYPDANLFS-UHFFFAOYSA-N,C4H6O2,6,bains:Cox-1,13,row869,"2,3-Butanedione",CC(=O)C(=O)C,-78.0700,,True
CC(=O)C(C)=O,QSJXEFYPDANLFS-UHFFFAOYSA-N,C4H6O2,6,bains:Cox-2,13,row869,"2,3-Butanedione",CC(=O)C(=O)C,-77.1000,,True
CC(=O)C(C)=O,QSJXEFYPDANLFS-UHFFFAOYSA-N,C4H6O2,6,bains:Cox-3,13,row869,"2,3-Butanedione",CC(=O)C(=O)C,-78.3200,,True
CC(=O)C(C)=O,QSJXEFYPDANLFS-UHFFFAOYSA-N,C4H6O2,6,bains:Cox-4,13,row869,"2,3-Butanedione",CC(=O)C(=O)C,-78.2000,,True
CC(=O)C(C)=O,QSJXEFYPDANLFS-UHFFFAOYSA-N,C4H6O2,6,bains:Winget,18,row869,"2,3-Butanedione",CC(=O)C(=O)C,-78.1626,,True
CC(=O)C(C)=O,QSJXEFYPDANLFS-UHFFFAOYSA-N,C4H6O2,6,bains:ATcT,10,row869,"2,3-Butanedione",CC(=O)C(=O)C,-78.0951,,True
C=CC(=O)OC,BAPJBEWLBFYGME-UHFFFAOYSA-N,C4H6O2,6,bains:Pedley,12,row870,methyl acrylate,COC(C=C)=O,-79.5889,,True
C=CC(=O)OC,BAPJBEWLBFYGME-UHFFFAOYSA-N,C4H6O2,6,bains:NIST-1,14,row870,methyl acrylate,COC(C=C)=O,-79.5889,,True
C=COC(C)=O,XTXRWKRVRITETP-UHFFFAOYSA-N,C4H6O2,6,bains:Cox-1,13,row871,vinyl acetate,C=COC(C)=O,-75.4600,,True
C=COC(C)=O,XTXRWKRVRITETP-UHFFFAOYSA-N,C4H6O2,6,bains:NIST-1,14,row871,vinyl acetate,C=COC(C)=O,-74.9522,,True
C=COC(C)=O,XTXRWKRVRITETP-UHFFFAOYSA-N,C4H6O2,6,bains:NIST-2,14,row871,vinyl acetate,C=COC(C)=O,-73.8528,,True
OCC#CCO,DLDJFQGPPSQZKI-UHFFFAOYSA-N,C4H6O2,6,bains:Yaws,90,row872,"2-butyne-1,4-diol",OCC#CCO,-37.0459,,True
CC(=O)OC(C)=O,WFDIJRYMOXRFFG-UHFFFAOYSA-N,C4H6O3,7,bains:Pedley,12,row877,acetic anhydride,CC(OC(C)=O)=O,-136.8308,,True
CC(=O)OC(C)=O,WFDIJRYMOXRFFG-UHFFFAOYSA-N,C4H6O3,7,bains:Cox-1,13,row877,acetic anhydride,CC(OC(C)=O)=O,-137.0800,,True
CC(=O)OC(C)=O,WFDIJRYMOXRFFG-UHFFFAOYSA-N,C4H6O3,7,bains:Cox-2,13,row877,acetic anhydride,CC(OC(C)=O)=O,-137.0400,,True
CC(=O)OC(C)=O,WFDIJRYMOXRFFG-UHFFFAOYSA-N,C4H6O3,7,bains:Cox-3,13,row877,acetic anhydride,CC(OC(C)=O)=O,-137.0600,,True
CC(=O)OC(C)=O,WFDIJRYMOXRFFG-UHFFFAOYSA-N,C4H6O3,7,bains:Winget,18,row877,acetic anhydride,CC(OC(C)=O)=O,-137.0345,,True
CC(=O)OC(C)=O,WFDIJRYMOXRFFG-UHFFFAOYSA-N,C4H6O3,7,bains:Stewart,91,row877,acetic anhydride,CC(OC(C)=O)=O,-137.0345,,True
CC(=O)OC(C)=O,WFDIJRYMOXRFFG-UHFFFAOYSA-N,C4H6O3,7,bains:Yaws,90,row877,acetic anhydride,CC(OC(C)=O)=O,-137.6004,,True
CC1COC(=O)O1,RUOJZAUFBMNUDX-UHFFFAOYSA-N,C4H6O3,7,bains:Pedley,12,row878,"4-methyl-1,3-dioxolane-2-one",O=C1OCC(C)O1,-139.2208,,True
CC(=O)OOC(C)=O,ZQMIGQNCOMNODD-UHFFFAOYSA-N,C4H6O4,8,bains:Sandler,16,row879,Acetic peroxyanhydride,CC(OOC(C)=O)=O,-119.5029,,True
COC(=O)C(=O)OC,LOMVENUNSWAXEN-UHFFFAOYSA-N,C4H6O4,8,bains:Pedley,12,row880,dimethyl oxalate,O=C(OC)C(OC)=O,-169.4312,,True
O=C(O)CCC(=O)O,KDYFGRWQOYBRFD-UHFFFAOYSA-N,C4H6O4,8,bains:Pedley,12,row881,Succinic acid,OC(=O)CCC(=O)O,-196.7017,,True
O=C(O)CCC(=O)O,KDYFGRWQOYBRFD-UHFFFAOYSA-N,C4H6O4,8,bains:Cox-1,13,row881,Succinic acid,OC(=O)CCC(=O)O,-196.6000,,True
O=C(O)CCC(=O)O,KDYFGRWQOYBRFD-UHFFFAOYSA-N,C4H6O4,8,bains:Cox-2,13,row881,Succinic acid,OC(=O)CCC(=O)O,-196.3000,,True
O=C(O)CCC(=O)O,KDYFGRWQOYBRFD-UHFFFAOYSA-N,C4H6O4,8,bains:Cox-3,13,row881,Succinic acid,OC(=O)CCC(=O)O,-196.8000,,True
O=C(O)CCC(=O)O,KDYFGRWQOYBRFD-UHFFFAOYSA-N,C4H6O4,8,bains:Cox-4,13,row881,Succinic acid,OC(=O)CCC(=O)O,-196.7000,,True
O=C(O)CCC(=O)O,KDYFGRWQOYBRFD-UHFFFAOYSA-N,C4H6O4,8,bains:Cox-5,13,row881,Succinic acid,OC(=O)CCC(=O)O,-196.8000,,True
O=C(O)CCC(=O)O,KDYFGRWQOYBRFD-UHFFFAOYSA-N,C4H6O4,8,bains:ATcT,10,row881,Succinic acid,OC(=O)CCC(=O)O,-195.4565,,True
O=C(O)COCC(=O)O,QEVGZEDELICMKH-UHFFFAOYSA-N,C4H6O5,9,bains:Yaws,90,row882,diglycolic acid,O=C(O)COCC(O)=O,-225.8604,,True
O=C(O)C(O)C(O)C(=O)O,FEWJPZIEWOKRBE-UHFFFAOYSA-N,C4H6O6,10,bains:Yaws,90,row883,tartaric acid,OC(C(C(O)=O)O)C(O)=O,-277.2467,,True
CCCC#N,KVNRLNFWIYMESJ-UHFFFAOYSA-N,C4H7N,5,bains:Pedley,12,row961,butyronitrile,CCCC#N,8.0306,,True
CCCC#N,KVNRLNFWIYMESJ-UHFFFAOYSA-N,C4H7N,5,bains:Cox-1,13,row961,butyronitrile,CCCC#N,8.1200,,True
CCCC#N,KVNRLNFWIYMESJ-UHFFFAOYSA-N,C4H7N,5,bains:Yaws,90,row961,butyronitrile,CCCC#N,8.0067,,True
CCCC#N,KVNRLNFWIYMESJ-UHFFFAOYSA-N,C4H7N,5,bains:NIST-1,14,row961,butyronitrile,CCCC#N,7.4570,,True
CC(C)C#N,LRDFRRGEGBBSRN-UHFFFAOYSA-N,C4H7N,5,bains:Pedley,12,row962,isobutyronitrile,CC(C)C#N,5.5688,,True
CC(C)C#N,LRDFRRGEGBBSRN-UHFFFAOYSA-N,C4H7N,5,bains:Cox-1,13,row962,isobutyronitrile,CC(C)C#N,6.2000,,True
CC(C)C#N,LRDFRRGEGBBSRN-UHFFFAOYSA-N,C4H7N,5,bains:Winget,18,row962,isobutyronitrile,CC(C)C#N,5.5973,,True
CC(C)C#N,LRDFRRGEGBBSRN-UHFFFAOYSA-N,C4H7N,5,bains:NIST-1,14,row962,isobutyronitrile,CC(C)C#N,5.4493,,True
CC(C)C#N,LRDFRRGEGBBSRN-UHFFFAOYSA-N,C4H7N,5,bains:NIST-2,14,row962,isobutyronitrile,CC(C)C#N,5.8078,,True
CCOCC#N,WPYUCWSMVJJWFI-UHFFFAOYSA-N,C4H7NO,6,bains:NIST-1,14,row963,2-ethoxyacetonitrile,N#CCOCC,-16.6109,,True
C=C(C)C(N)=O,FQPSGWSUVKBHSU-UHFFFAOYSA-N,C4H7NO,6,bains:NIST-1,14,row964,methacrylamide,C=C(C(N)=O)C,-37.6912,,True
CC(C)(O)C#N,MWFMGBPGAXYFAR-UHFFFAOYSA-N,C4H7NO,6,bains:Yaws,90,row965,acetone cyanohydrin,CC(O)(C#N)C,-31.7878,,True
CC1=NCCO1,GUXJXWKCUUWCLX-UHFFFAOYSA-N,C4H7NO,6,bains:Pedley,12,row966,"2-methyl-4,5-dihydrooxazole",CC1=NCCO1,-31.1902,,True
CC1=NCCO1,GUXJXWKCUUWCLX-UHFFFAOYSA-N,C4H7NO,6,bains:NIST-1,14,row966,"2-methyl-4,5-dihydrooxazole",CC1=NCCO1,-31.1902,,True
O=C1CCCN1,HNJBEVLQSNELDL-UHFFFAOYSA-N,C4H7NO,6,bains:NIST-1,14,row967,pyrrolidin-2-one,O=C1NCCC1,-47.1797,,True
C1CCC1,PMPVIKIVABFJJI-UHFFFAOYSA-N,C4H8,4,bains:Pedley,12,row968,cyclobutane,C1CCC1,6.7878,,True
C1CCC1,PMPVIKIVABFJJI-UHFFFAOYSA-N,C4H8,4,bains:Cox-1,13,row968,cyclobutane,C1CCC1,6.7800,,True
C1CCC1,PMPVIKIVABFJJI-UHFFFAOYSA-N,C4H8,4,bains:Winget,18,row968,cyclobutane,C1CCC1,6.7967,,True
C1CCC1,PMPVIKIVABFJJI-UHFFFAOYSA-N,C4H8,4,bains:Stewart,91,row968,cyclobutane,C1CCC1,6.7967,,True
C1CCC1,PMPVIKIVABFJJI-UHFFFAOYSA-N,C4H8,4,bains:ATcT,10,row968,cyclobutane,C1CCC1,6.6491,,True
C1CCC1,PMPVIKIVABFJJI-UHFFFAOYSA-N,C4H8,4,bains:Cioslowski,11,row968,cyclobutane,C1CCC1,6.8000,,True
C1CCC1,PMPVIKIVABFJJI-UHFFFAOYSA-N,C4H8,4,bains:Yaws,90,row968,cyclobutane,C1CCC1,6.7878,,True
C/C=C/C,IAQRGUVFOMOMEM-ONEGZZNKSA-N,C4H8,4,bains:Pedley,12,row969,trans-2-butene,C/C=C/C,-2.7247,,True
C/C=C/C,IAQRGUVFOMOMEM-ONEGZZNKSA-N,C4H8,4,bains:Cox-1,13,row969,trans-2-butene,C/C=C/C,-2.5600,,True
C/C=C/C,IAQRGUVFOMOMEM-ONEGZZNKSA-N,C4H8,4,bains:Cox-2,13,row969,trans-2-butene,C/C=C/C,-2.9800,,True
C/C=C/C,IAQRGUVFOMOMEM-ONEGZZNKSA-N,C4H8,4,bains:Cox-3,13,row969,trans-2-butene,C/C=C/C,-3.0000,,True
C/C=C/C,IAQRGUVFOMOMEM-ONEGZZNKSA-N,C4H8,4,bains:Cox-4,13,row969,trans-2-butene,C/C=C/C,-2.9900,,True
C/C=C/C,IAQRGUVFOMOMEM-ONEGZZNKSA-N,C4H8,4,bains:Winget,18,row969,trans-2-butene,C/C=C/C,-1.8991,,True
C/C=C/C,IAQRGUVFOMOMEM-ONEGZZNKSA-N,C4H8,4,bains:Stewart,91,row969,trans-2-butene,C/C=C/C,-2.9986,,True
C/C=C/C,IAQRGUVFOMOMEM-ONEGZZNKSA-N,C4H8,4,bains:ATcT,10,row969,trans-2-butene,C/C=C/C,-2.7055,,True
C/C=C/C,IAQRGUVFOMOMEM-ONEGZZNKSA-N,C4H8,4,bains:Cioslowski,11,row969,trans-2-butene,C/C=C/C,-2.7000,,True
C/C=C/C,IAQRGUVFOMOMEM-ONEGZZNKSA-N,C4H8,4,bains:Yaws,90,row969,trans-2-butene,C/C=C/C,-2.6291,,True
C=CCC,VXNZUUAINFGPBY-UHFFFAOYSA-N,C4H8,4,bains:Pedley,12,row970,but-1-ene,CCC=C,0.0239,,True
C=CCC,VXNZUUAINFGPBY-UHFFFAOYSA-N,C4H8,4,bains:Cox-1,13,row970,but-1-ene,CCC=C,-0.1300,,True
C=CCC,VXNZUUAINFGPBY-UHFFFAOYSA-N,C4H8,4,bains:Cox-2,13,row970,but-1-ene,CCC=C,-0.2600,,True
C=CCC,VXNZUUAINFGPBY-UHFFFAOYSA-N,C4H8,4,bains:Cox-3,13,row970,but-1-ene,CCC=C,-0.2000,,True
C=CCC,VXNZUUAINFGPBY-UHFFFAOYSA-N,C4H8,4,bains:Winget,18,row970,but-1-ene,CCC=C,-0.1999,,True
C=CCC,VXNZUUAINFGPBY-UHFFFAOYSA-N,C4H8,4,bains:Stewart,91,row970,but-1-ene,CCC=C,-0.1999,,True
C=CCC,VXNZUUAINFGPBY-UHFFFAOYSA-N,C4H8,4,bains:ATcT,10,row970,but-1-ene,CCC=C,-0.0215,,True
C=CCC,VXNZUUAINFGPBY-UHFFFAOYSA-N,C4H8,4,bains:Cioslowski,11,row970,but-1-ene,CCC=C,0.0000,,True
C=CCC,VXNZUUAINFGPBY-UHFFFAOYSA-N,C4H8,4,bains:Yaws,90,row970,but-1-ene,CCC=C,-0.1195,,True
C=CCC,VXNZUUAINFGPBY-UHFFFAOYSA-N,C4H8,4,bains:NIST-1,14,row970,but-1-ene,CCC=C,-0.1506,,True
C=C(C)C,VQTUBCCKSQIDNK-UHFFFAOYSA-N,C4H8,4,bains:Pedley,12,row971,2-methylprop-1-ene,C=C(C)C,-4.0392,,True
C=C(C)C,VQTUBCCKSQIDNK-UHFFFAOYSA-N,C4H8,4,bains:Cox-1,13,row971,2-methylprop-1-ene,C=C(C)C,-4.2700,,True
C=C(C)C,VQTUBCCKSQIDNK-UHFFFAOYSA-N,C4H8,4,bains:Cox-2,13,row971,2-methylprop-1-ene,C=C(C)C,-4.2600,,True
C=C(C)C,VQTUBCCKSQIDNK-UHFFFAOYSA-N,C4H8,4,bains:Cox-3,13,row971,2-methylprop-1-ene,C=C(C)C,-4.2600,,True
C=C(C)C,VQTUBCCKSQIDNK-UHFFFAOYSA-N,C4H8,4,bains:Winget,18,row971,2-methylprop-1-ene,C=C(C)C,-3.9981,,True
C=C(C)C,VQTUBCCKSQIDNK-UHFFFAOYSA-N,C4H8,4,bains:Stewart,91,row971,2-methylprop-1-ene,C=C(C)C,-4.2979,,True
C=C(C)C,VQTUBCCKSQIDNK-UHFFFAOYSA-N,C4H8,4,bains:ATcT,10,row971,2-methylprop-1-ene,C=C(C)C,-4.0918,,True
C=C(C)C,VQTUBCCKSQIDNK-UHFFFAOYSA-N,C4H8,4,bains:Cioslowski,11,row971,2-methylprop-1-ene,C=C(C)C,-4.0000,,True
C=C(C)C,VQTUBCCKSQIDNK-UHFFFAOYSA-N,C4H8,4,bains:NIST-1,14,row971,2-methylprop-1-ene,C=C(C)C,-4.2782,,True
CN(C)CC#N,PLXBWEPPAAQASG-UHFFFAOYSA-N,C4H8N2,6,bains:NIST-1,14,row1008,2-(dimethylamino)acetonitrile,N#CCN(C)C,27.3399,,True
CC(=N\O)/C(C)=N/O,JGUQDUKBUKFFRO-GGWOSOGESA-N,C4H8N2O2,8,bains:Pedley,12,row1009,"2,3-butanedione dioxime",CC(/C(C)=N/O)=N\O,-19.3117,,True
CON=C(C)C=NO,XEGZRZAFFKWYLC-UHFFFAOYSA-N,C4H8N2O2,8,bains:Cox-1,13,row1010,dimethylglyoxime,CON=C(C)C=NO,-19.3000,,True
CCCC([N+](=O)[O-])[N+](=O)[O-],SFCLUGLYUWEHFR-UHFFFAOYSA-N,C4H8N2O4,10,bains:Winget,18,row1011,"1,1-Dinitrobutane",CCCC([N+]([O-])=O)[N+]([O-])=O,-34.0837,,True
CCCC([N+](=O)[O-])[N+](=O)[O-],SFCLUGLYUWEHFR-UHFFFAOYSA-N,C4H8N2O4,10,bains:Stewart,91,row1011,"1,1-Dinitrobutane",CCCC([N+]([O-])=O)[N+]([O-])=O,-34.0837,,True
O=[N+]([O-])CCCC[N+](=O)[O-],KWFGJLCFMKVZLQ-UHFFFAOYSA-N,C4H8N2O4,10,bains:Winget,18,row1012,"1,4-Dinitrobutane",O=[N+](CCCC[N+]([O-])=O)[O-],-38.8814,,True
O=[N+]([O-])CCCC[N+](=O)[O-],KWFGJLCFMKVZLQ-UHFFFAOYSA-N,C4H8N2O4,10,bains:Stewart,91,row1012,"1,4-Dinitrobutane",O=[N+](CCCC[N+]([O-])=O)[O-],-38.8814,,True
O=NN1CCN(N=O)CC1,WNSYEWGYAFFSSQ-UHFFFAOYSA-N,C4H8N4O2,10,bains:Pedley,12,row1013,"1,4-dinitrosopiperazine",O=NN1CCN(N=O)CC1,46.4388,,True
O=[N+]([O-])N1CCN([N+](=O)[O-])CC1,GSUMZAMXDRIYCL-UHFFFAOYSA-N,C4H8N4O4,12,bains:Pedley,12,row1014,"1,4-dinitropiperazine",O=[N+](N1CCN([N+]([O-])=O)CC1)[O-],13.9340,,True
CCCC=O,ZTQSAGDEMFDKMZ-UHFFFAOYSA-N,C4H8O,5,bains:Pedley,12,row1015,butyraldehyde,O=CCCC,-48.9484,,True
CCCC=O,ZTQSAGDEMFDKMZ-UHFFFAOYSA-N,C4H8O,5,bains:Cox-1,13,row1015,butyraldehyde,O=CCCC,-49.3600,,True
CCCC=O,ZTQSAGDEMFDKMZ-UHFFFAOYSA-N,C4H8O,5,bains:Cox-2,13,row1015,butyraldehyde,O=CCCC,-48.9900,,True
CCCC=O,ZTQSAGDEMFDKMZ-UHFFFAOYSA-N,C4H8O,5,bains:Cox-3,13,row1015,butyraldehyde,O=CCCC,-48.9400,,True
CCCC=O,ZTQSAGDEMFDKMZ-UHFFFAOYSA-N,C4H8O,5,bains:Winget,18,row1015,butyraldehyde,O=CCCC,-48.8766,,True
CCCC=O,ZTQSAGDEMFDKMZ-UHFFFAOYSA-N,C4H8O,5,bains:Yaws,90,row1015,butyraldehyde,O=CCCC,-49.4742,,True
CCCC=O,ZTQSAGDEMFDKMZ-UHFFFAOYSA-N,C4H8O,5,bains:NIST-1,14,row1015,butyraldehyde,O=CCCC,-50.6214,,True
CCCC=O,ZTQSAGDEMFDKMZ-UHFFFAOYSA-N,C4H8O,5,bains:NIST-2,14,row1015,butyraldehyde,O=CCCC,-48.8528,,True
CCCC=O,ZTQSAGDEMFDKMZ-UHFFFAOYSA-N,C4H8O,5,bains:NIST-3,14,row1015,butyraldehyde,O=CCCC,-49.4025,,True
CCCC=O,ZTQSAGDEMFDKMZ-UHFFFAOYSA-N,C4H8O,5,bains:NIST-4,14,row1015,butyraldehyde,O=CCCC,-49.0201,,True
CCC1CO1,RBACIKXCRWGCBB-UHFFFAOYSA-N,C4H8O,5,bains:Yaws,90,row1016,"1,2-epoxybutane",CCC1CO1,-26.2906,,True
C1CCOC1,WYURNTSHIVDZCO-UHFFFAOYSA-N,C4H8O,5,bains:Pedley,12,row1017,tetrahydrofuran,C(C1)OC(C1),-44.0249,,True
C1CCOC1,WYURNTSHIVDZCO-UHFFFAOYSA-N,C4H8O,5,bains:Cox-1,13,row1017,tetrahydrofuran,C(C1)OC(C1),-42.9000,,True
C1CCOC1,WYURNTSHIVDZCO-UHFFFAOYSA-N,C4H8O,5,bains:Cox-2,13,row1017,tetrahydrofuran,C(C1)OC(C1),-44.0000,,True
C1CCOC1,WYURNTSHIVDZCO-UHFFFAOYSA-N,C4H8O,5,bains:Cox-3,13,row1017,tetrahydrofuran,C(C1)OC(C1),-44.0200,,True
C1CCOC1,WYURNTSHIVDZCO-UHFFFAOYSA-N,C4H8O,5,bains:Winget,18,row1017,tetrahydrofuran,C(C1)OC(C1),-43.9790,,True
C1CCOC1,WYURNTSHIVDZCO-UHFFFAOYSA-N,C4H8O,5,bains:Cioslowski,11,row1017,tetrahydrofuran,C(C1)OC(C1),-44.0000,,True
C1CCOC1,WYURNTSHIVDZCO-UHFFFAOYSA-N,C4H8O,5,bains:NIST-1,14,row1017,tetrahydrofuran,C(C1)OC(C1),-44.0249,,True
CCC(C)=O,ZWEHNKRNPOVVGH-UHFFFAOYSA-N,C4H8O,5,bains:Pedley,12,row1018,butan-2-one,CC(CC)=O,-57.0507,,True
CCC(C)=O,ZWEHNKRNPOVVGH-UHFFFAOYSA-N,C4H8O,5,bains:Cox-1,13,row1018,butan-2-one,CC(CC)=O,-56.9500,,True
CCC(C)=O,ZWEHNKRNPOVVGH-UHFFFAOYSA-N,C4H8O,5,bains:Cox-2,13,row1018,butan-2-one,CC(CC)=O,-59.2900,,True
CCC(C)=O,ZWEHNKRNPOVVGH-UHFFFAOYSA-N,C4H8O,5,bains:Cox-3,13,row1018,butan-2-one,CC(CC)=O,-58.8400,,True
CCC(C)=O,ZWEHNKRNPOVVGH-UHFFFAOYSA-N,C4H8O,5,bains:Cox-4,13,row1018,butan-2-one,CC(CC)=O,-57.0100,,True
CCC(C)=O,ZWEHNKRNPOVVGH-UHFFFAOYSA-N,C4H8O,5,bains:Cox-5,13,row1018,butan-2-one,CC(CC)=O,-57.0300,,True
CCC(C)=O,ZWEHNKRNPOVVGH-UHFFFAOYSA-N,C4H8O,5,bains:Winget,18,row1018,butan-2-one,CC(CC)=O,-56.9728,,True
CCC(C)=O,ZWEHNKRNPOVVGH-UHFFFAOYSA-N,C4H8O,5,bains:NIST-1,14,row1018,butan-2-one,CC(CC)=O,-57.0268,,True
CCC(C)=O,ZWEHNKRNPOVVGH-UHFFFAOYSA-N,C4H8O,5,bains:NIST-2,14,row1018,butan-2-one,CC(CC)=O,-57.0507,,True
CCC(C)=O,ZWEHNKRNPOVVGH-UHFFFAOYSA-N,C4H8O,5,bains:NIST-3,14,row1018,butan-2-one,CC(CC)=O,-56.9073,,True
C=COCC,FJKIXWOMBXYWOQ-UHFFFAOYSA-N,C4H8O,5,bains:Pedley,12,row1019,ethoxyethene,CCOC=C,-33.6520,,True
C=COCC,FJKIXWOMBXYWOQ-UHFFFAOYSA-N,C4H8O,5,bains:Cox-1,13,row1019,ethoxyethene,CCOC=C,-33.4800,,True
C=COCC,FJKIXWOMBXYWOQ-UHFFFAOYSA-N,C4H8O,5,bains:Cox-2,13,row1019,ethoxyethene,CCOC=C,-33.7800,,True
C=COCC,FJKIXWOMBXYWOQ-UHFFFAOYSA-N,C4H8O,5,bains:Cox-3,13,row1019,ethoxyethene,CCOC=C,-33.6300,,True
C=COCC,FJKIXWOMBXYWOQ-UHFFFAOYSA-N,C4H8O,5,bains:Yaws,90,row1019,ethoxyethene,CCOC=C,-33.6759,,True
C=COCC,FJKIXWOMBXYWOQ-UHFFFAOYSA-N,C4H8O,5,bains:NIST-1,14,row1019,ethoxyethene,CCOC=C,-33.5086,,True
C=COCC,FJKIXWOMBXYWOQ-UHFFFAOYSA-N,C4H8O,5,bains:NIST-2,14,row1019,ethoxyethene,CCOC=C,-33.4847,,True
C=COCC,FJKIXWOMBXYWOQ-UHFFFAOYSA-N,C4H8O,5,bains:NIST-3,14,row1019,ethoxyethene,CCOC=C,-33.7715,,True
CC(C)C=O,AMIMRNSIRUDHCM-UHFFFAOYSA-N,C4H8O,5,bains:Pedley,12,row1020,isobutyraldehyde,O=CC(C)C,-59.1300,,True
CC(C)C=O,AMIMRNSIRUDHCM-UHFFFAOYSA-N,C4H8O,5,bains:Cox-1,13,row1020,isobutyraldehyde,O=CC(C)C,-52.2500,,True
CC(C)C=O,AMIMRNSIRUDHCM-UHFFFAOYSA-N,C4H8O,5,bains:Winget,18,row1020,isobutyraldehyde,O=CC(C)C,-51.5753,,True
CC(C)C=O,AMIMRNSIRUDHCM-UHFFFAOYSA-N,C4H8O,5,bains:NIST-1,14,row1020,isobutyraldehyde,O=CC(C)C,-51.5774,,True
CC(C)C=O,AMIMRNSIRUDHCM-UHFFFAOYSA-N,C4H8O,5,bains:NIST-2,14,row1020,isobutyraldehyde,O=CC(C)C,-51.7208,,True
CC(C)C=O,AMIMRNSIRUDHCM-UHFFFAOYSA-N,C4H8O,5,bains:NIST-3,14,row1020,isobutyraldehyde,O=CC(C)C,-51.5535,,True
CC(C)C=O,AMIMRNSIRUDHCM-UHFFFAOYSA-N,C4H8O,5,bains:NIST-4,14,row1020,isobutyraldehyde,O=CC(C)C,-52.1033,,True
C=C(C)OC,YOWQWFMSQCOSBA-UHFFFAOYSA-N,C4H8O,5,bains:NIST-1,14,row1021,2-methoxyprop-1-ene,COC(C)=C,-35.5163,,True
OC1CCC1,KTHXBEHDVMTNOH-UHFFFAOYSA-N,C4H8O,5,bains:NIST-1,14,row1022,cyclobutanol,OC1CCC1,-34.6558,,True
CCCC(=O)O,FERIUCNNQQJTOY-UHFFFAOYSA-N,C4H8O2,6,bains:Pedley,12,row1023,butyric acid,OC(=O)C(CC),-113.7189,,True
CCCC(=O)O,FERIUCNNQQJTOY-UHFFFAOYSA-N,C4H8O2,6,bains:Cox-1,13,row1023,butyric acid,OC(=O)C(CC),-112.4000,,True
CCCC(=O)O,FERIUCNNQQJTOY-UHFFFAOYSA-N,C4H8O2,6,bains:Yaws,90,row1023,butyric acid,OC(=O)C(CC),-113.1931,,True
CCCC(=O)O,FERIUCNNQQJTOY-UHFFFAOYSA-N,C4H8O2,6,bains:NIST-1,14,row1023,butyric acid,OC(=O)C(CC),-113.7428,,True
CCCC(=O)O,FERIUCNNQQJTOY-UHFFFAOYSA-N,C4H8O2,6,bains:NIST-2,14,row1023,butyric acid,OC(=O)C(CC),-113.7428,,True
C1COCOC1,VDFVNEFVBPFDSB-UHFFFAOYSA-N,C4H8O2,6,bains:Pedley,12,row1024,"1,3-dioxane",O1COCCC1,-81.8117,,True
C1COCOC1,VDFVNEFVBPFDSB-UHFFFAOYSA-N,C4H8O2,6,bains:Cox-1,13,row1024,"1,3-dioxane",O1COCCC1,-81.4900,,True
C1COCOC1,VDFVNEFVBPFDSB-UHFFFAOYSA-N,C4H8O2,6,bains:Cox-2,13,row1024,"1,3-dioxane",O1COCCC1,-86.0000,,True
C1COCOC1,VDFVNEFVBPFDSB-UHFFFAOYSA-N,C4H8O2,6,bains:Cox-3,13,row1024,"1,3-dioxane",O1COCCC1,-83.8000,,True
C1COCOC1,VDFVNEFVBPFDSB-UHFFFAOYSA-N,C4H8O2,6,bains:Cox-4,13,row1024,"1,3-dioxane",O1COCCC1,-83.6200,,True
C1COCOC1,VDFVNEFVBPFDSB-UHFFFAOYSA-N,C4H8O2,6,bains:Cox-5,13,row1024,"1,3-dioxane",O1COCCC1,-83.7100,,True
C1COCOC1,VDFVNEFVBPFDSB-UHFFFAOYSA-N,C4H8O2,6,bains:NIST-1,14,row1024,"1,3-dioxane",O1COCCC1,-80.8795,,True
C1COCOC1,VDFVNEFVBPFDSB-UHFFFAOYSA-N,C4H8O2,6,bains:NIST-2,14,row1024,"1,3-dioxane",O1COCCC1,-83.5564,,True
C1COCOC1,VDFVNEFVBPFDSB-UHFFFAOYSA-N,C4H8O2,6,bains:NIST-3,14,row1024,"1,3-dioxane",O1COCCC1,-83.6520,,True
C1COCOC1,VDFVNEFVBPFDSB-UHFFFAOYSA-N,C4H8O2,6,bains:NIST-4,14,row1024,"1,3-dioxane",O1COCCC1,-81.5010,,True
C1COCCO1,RYHBNJHYFVUHQT-UHFFFAOYSA-N,C4H8O2,6,bains:Pedley,12,row1025,"1,4-dioxane",O1CCOCC1,-75.4780,,True
C1COCCO1,RYHBNJHYFVUHQT-UHFFFAOYSA-N,C4H8O2,6,bains:Cox-1,13,row1025,"1,4-dioxane",O1CCOCC1,-75.5100,,True
C1COCCO1,RYHBNJHYFVUHQT-UHFFFAOYSA-N,C4H8O2,6,bains:Cox-2,13,row1025,"1,4-dioxane",O1CCOCC1,-79.9000,,True
C1COCCO1,RYHBNJHYFVUHQT-UHFFFAOYSA-N,C4H8O2,6,bains:Winget,18,row1025,"1,4-dioxane",O1CCOCC1,-75.4639,,True
C1COCCO1,RYHBNJHYFVUHQT-UHFFFAOYSA-N,C4H8O2,6,bains:Yaws,90,row1025,"1,4-dioxane",O1CCOCC1,-75.3011,,True
C1COCCO1,RYHBNJHYFVUHQT-UHFFFAOYSA-N,C4H8O2,6,bains:NIST-1,14,row1025,"1,4-dioxane",O1CCOCC1,-75.3585,,True
C1COCCO1,RYHBNJHYFVUHQT-UHFFFAOYSA-N,C4H8O2,6,bains:NIST-2,14,row1025,"1,4-dioxane",O1CCOCC1,-76.0038,,True
CCOC(C)=O,XEKOWRVHYACXOJ-UHFFFAOYSA-N,C4H8O2,6,bains:Pedley,12,row1026,ethyl acetate,CCOC(C)=O,-106.1424,,True
CCOC(C)=O,XEKOWRVHYACXOJ-UHFFFAOYSA-N,C4H8O2,6,bains:Cox-1,13,row1026,ethyl acetate,CCOC(C)=O,-106.3400,,True
CCOC(C)=O,XEKOWRVHYACXOJ-UHFFFAOYSA-N,C4H8O2,6,bains:Cox-2,13,row1026,ethyl acetate,CCOC(C)=O,-105.8100,,True
CCOC(C)=O,XEKOWRVHYACXOJ-UHFFFAOYSA-N,C4H8O2,6,bains:Yaws,90,row1026,ethyl acetate,CCOC(C)=O,-106.2380,,True
CCOC(C)=O,XEKOWRVHYACXOJ-UHFFFAOYSA-N,C4H8O2,6,bains:NIST-1,14,row1026,ethyl acetate,CCOC(C)=O,-106.4603,,True
CCOC(C)=O,XEKOWRVHYACXOJ-UHFFFAOYSA-N,C4H8O2,6,bains:NIST-2,14,row1026,ethyl acetate,CCOC(C)=O,-106.3098,,True
CCOC(C)=O,XEKOWRVHYACXOJ-UHFFFAOYSA-N,C4H8O2,6,bains:NIST-3,14,row1026,ethyl acetate,CCOC(C)=O,-106.0707,,True
CCOC(C)=O,XEKOWRVHYACXOJ-UHFFFAOYSA-N,C4H8O2,6,bains:NIST-4,14,row1026,ethyl acetate,CCOC(C)=O,-106.8117,,True
CC1OCCO1,HTWIZMNMTWYQRN-UHFFFAOYSA-N,C4H8O2,6,bains:Pedley,12,row1027,"2-methyl-1,3-dioxolane",CC1OCCO1,-84.1300,,True
CC1OCCO1,HTWIZMNMTWYQRN-UHFFFAOYSA-N,C4H8O2,6,bains:NIST-1,14,row1027,"2-methyl-1,3-dioxolane",CC1OCCO1,-83.6520,,True
OC/C=C/CO,ORTVZLZNOYNASJ-OWOJBTEDSA-N,C4H8O2,6,bains:Yaws,90,row1028,"trans-2-butene-1,4-diol",OC/C=C/CO,-71.7017,,True
C1OCOCOCO1,XGJWQNKXTXSVML-UHFFFAOYSA-N,C4H8O4,8,bains:Pedley,12,row1030,"1,3,5,7-tetroxane",O1COCOCOC1,-148.2314,,True
C1CCNC1,RWRDLPDLKQPQOW-UHFFFAOYSA-N,C4H9N,5,bains:Pedley,12,row1049,pyrrolidine,C1CCCN1,-0.8126,,True
C1CCNC1,RWRDLPDLKQPQOW-UHFFFAOYSA-N,C4H9N,5,bains:Cox-1,13,row1049,pyrrolidine,C1CCCN1,-0.8100,,True
C1CCNC1,RWRDLPDLKQPQOW-UHFFFAOYSA-N,C4H9N,5,bains:Cox-2,13,row1049,pyrrolidine,C1CCCN1,-0.8000,,True
C1CCNC1,RWRDLPDLKQPQOW-UHFFFAOYSA-N,C4H9N,5,bains:Winget,18,row1049,pyrrolidine,C1CCCN1,-0.7996,,True
C1CCNC1,RWRDLPDLKQPQOW-UHFFFAOYSA-N,C4H9N,5,bains:Stewart,91,row1049,pyrrolidine,C1CCCN1,-0.7996,,True
C1CCNC1,RWRDLPDLKQPQOW-UHFFFAOYSA-N,C4H9N,5,bains:Cioslowski,11,row1049,pyrrolidine,C1CCCN1,-0.9000,,True
C1CCNC1,RWRDLPDLKQPQOW-UHFFFAOYSA-N,C4H9N,5,bains:NIST-1,14,row1049,pyrrolidine,C1CCCN1,-0.8126,,True
C1CCNC1,RWRDLPDLKQPQOW-UHFFFAOYSA-N,C4H9N,5,bains:NIST-2,14,row1049,pyrrolidine,C1CCCN1,-0.8604,,True
NC1CCC1,KZZKOVLJUKWSKX-UHFFFAOYSA-N,C4H9N,5,bains:Pedley,12,row1050,cyclobutanamine,NC1CCC1,9.8470,,True
NC1CCC1,KZZKOVLJUKWSKX-UHFFFAOYSA-N,C4H9N,5,bains:NIST-1,14,row1050,cyclobutanamine,NC1CCC1,9.7992,,True
CCCC(N)=O,DNSISZSEWVHGLH-UHFFFAOYSA-N,C4H9NO,6,bains:Pedley,12,row1051,butyramide,CCCC(N)=O,-66.4914,,True
CCCC(N)=O,DNSISZSEWVHGLH-UHFFFAOYSA-N,C4H9NO,6,bains:NIST-1,14,row1051,butyramide,CCCC(N)=O,-66.7232,,True
CCCC(N)=O,DNSISZSEWVHGLH-UHFFFAOYSA-N,C4H9NO,6,bains:NIST-2,14,row1051,butyramide,CCCC(N)=O,-66.7065,,True
CC(C)C(N)=O,WFKAJVHLWXSISD-UHFFFAOYSA-N,C4H9NO,6,bains:NIST-1,14,row1052,isobutyramide,CC(C(N)=O)C,-67.5430,,True
CC(=O)N(C)C,FXHOOIRPVKKKFG-UHFFFAOYSA-N,C4H9NO,6,bains:Yaws,90,row1053,"N,N-dimethylacetamide",CC(N(C)C)=O,-53.7763,,True
CCCC[N+](=O)[O-],NALZTFARIYUCBY-UHFFFAOYSA-N,C4H9NO2,7,bains:Pedley,12,row1054,L-Nitrobutane,CCCC[N+]([O-])=O,-34.3929,,True
CCCC[N+](=O)[O-],NALZTFARIYUCBY-UHFFFAOYSA-N,C4H9NO2,7,bains:Cox-1,13,row1054,L-Nitrobutane,CCCC[N+]([O-])=O,-34.3900,,True
CCCC[N+](=O)[O-],NALZTFARIYUCBY-UHFFFAOYSA-N,C4H9NO2,7,bains:Winget,18,row1054,L-Nitrobutane,CCCC[N+]([O-])=O,-34.3836,,True
CCCC[N+](=O)[O-],NALZTFARIYUCBY-UHFFFAOYSA-N,C4H9NO2,7,bains:Stewart,91,row1054,L-Nitrobutane,CCCC[N+]([O-])=O,-34.3836,,True
CCCNC(=O)O,KBJXDTIYSSQJAI-UHFFFAOYSA-N,C4H9NO2,7,bains:Pedley,12,row1055,propylcarbamate,O=C(NCCC)O,-112.6673,,True
CCCOC(N)=O,YNTOKMNHRPSGFU-UHFFFAOYSA-N,C4H9NO2,7,bains:Cox-1,13,row1056,N-propyl carbamate,NC(OCCC)=O,-112.6700,,True
CCC(C)[N+](=O)[O-],SUGZATOHBPXTDV-UHFFFAOYSA-N,C4H9NO2,7,bains:Pedley,12,row1057,2-Nitrobutane,CC([N+]([O-])=O)CC,-39.1013,,True
CCC(C)[N+](=O)[O-],SUGZATOHBPXTDV-UHFFFAOYSA-N,C4H9NO2,7,bains:Cox-1,13,row1057,2-Nitrobutane,CC([N+]([O-])=O)CC,-39.1100,,True
CCC(C)[N+](=O)[O-],SUGZATOHBPXTDV-UHFFFAOYSA-N,C4H9NO2,7,bains:Winget,18,row1057,2-Nitrobutane,CC([N+]([O-])=O)CC,-39.0813,,True
CCC(C)[N+](=O)[O-],SUGZATOHBPXTDV-UHFFFAOYSA-N,C4H9NO2,7,bains:Stewart,91,row1057,2-Nitrobutane,CC([N+]([O-])=O)CC,-39.0813,,True
CC(C)C[N+](=O)[O-],XFXRMDNWSGXSNJ-UHFFFAOYSA-N,C4H9NO2,7,bains:Pedley,12,row1058,2-methylnitropropane,CC(C)C[N+]([O-])=O,-42.3279,,True
N#CC#CC#N,ZEHZNAXXOOYTJM-UHFFFAOYSA-N,C4N2,6,bains:Pedley,12,row1059,Butyne dinitrile,N#CC#CC#N,126.4818,,True
N#CC#CC#N,ZEHZNAXXOOYTJM-UHFFFAOYSA-N,C4N2,6,bains:Cox-1,13,row1059,Butyne dinitrile,N#CC#CC#N,126.5000,,True
N#CC#CC#N,ZEHZNAXXOOYTJM-UHFFFAOYSA-N,C4N2,6,bains:Winget,18,row1059,Butyne dinitrile,N#CC#CC#N,126.4395,,True
N#CC#CC#N,ZEHZNAXXOOYTJM-UHFFFAOYSA-N,C4N2,6,bains:Stewart,91,row1059,Butyne dinitrile,N#CC#CC#N,126.4395,,True
N#CC#CC#N,ZEHZNAXXOOYTJM-UHFFFAOYSA-N,C4N2,6,bains:NIST-1,14,row1059,Butyne dinitrile,N#CC#CC#N,127.5000,,True
N#CC#CC#N,ZEHZNAXXOOYTJM-UHFFFAOYSA-N,C4N2,6,bains:NIST-2,14,row1059,Butyne dinitrile,N#CC#CC#N,126.5057,,True
N#CC#CC#N,ZEHZNAXXOOYTJM-UHFFFAOYSA-N,C4N2,6,bains:JANAF,15,row1059,Butyne dinitrile,N#CC#CC#N,127.5000,,True
O=C1C([N+](=O)[O-])([N+](=O)[O-])C(=O)C1([N+](=O)[O-])[N+](=O)[O-],IUGSIZCOFIZVEP-UHFFFAOYSA-N,C4N4O10,18,bains:Add Lit 1,17,row1060,"tetranitrocyclobutane-1,3-dione",O=C1C([N+]([O-])=O)([N+]([O-])=O)C(C1([N+]([O-])=O)[N+]([O-])=O)=O,9.0344,,True
O=[N+]([O-])C1=C([N+](=O)[O-])C1=C([N+](=O)[O-])[N+](=O)[O-],VZINIRMXBXSYED-UHFFFAOYSA-N,C4N4O8,16,bains:Add Lit 1,17,row1061,DDCP,O=[N+](/C([N+]([O-])=O)=C1C([N+]([O-])=O)=C\1[N+]([O-])=O)[O-],130.4971,,True
C1CCCC1,RGSFGYAAUTVSQA-UHFFFAOYSA-N,C5H10,5,bains:Pedley,12,row1063,cyclopentane,C1CCCC1,-18.2600,,True
C1CCCC1,RGSFGYAAUTVSQA-UHFFFAOYSA-N,C5H10,5,bains:Cox-1,13,row1063,cyclopentane,C1CCCC1,-18.4400,,True
C1CCCC1,RGSFGYAAUTVSQA-UHFFFAOYSA-N,C5H10,5,bains:Cox-2,13,row1063,cyclopentane,C1CCCC1,-18.3600,,True
C1CCCC1,RGSFGYAAUTVSQA-UHFFFAOYSA-N,C5H10,5,bains:Cox-3,13,row1063,cyclopentane,C1CCCC1,-18.1100,,True
C1CCCC1,RGSFGYAAUTVSQA-UHFFFAOYSA-N,C5H10,5,bains:Cox-4,13,row1063,cyclopentane,C1CCCC1,-18.4400,,True
C1CCCC1,RGSFGYAAUTVSQA-UHFFFAOYSA-N,C5H10,5,bains:Stewart,91,row1063,cyclopentane,C1CCCC1,-18.2913,,True
C1CCCC1,RGSFGYAAUTVSQA-UHFFFAOYSA-N,C5H10,5,bains:ATcT,10,row1063,cyclopentane,C1CCCC1,-18.5492,,True
C1CCCC1,RGSFGYAAUTVSQA-UHFFFAOYSA-N,C5H10,5,bains:Yaws,90,row1063,cyclopentane,C1CCCC1,-18.4273,,True
C1CCCC1,RGSFGYAAUTVSQA-UHFFFAOYSA-N,C5H10,5,bains:NIST-1,14,row1063,cyclopentane,C1CCCC1,-18.2600,,True
C1CCCC1,RGSFGYAAUTVSQA-UHFFFAOYSA-N,C5H10,5,bains:NIST-2,14,row1063,cyclopentane,C1CCCC1,-18.3795,,True
C1CCCC1,RGSFGYAAUTVSQA-UHFFFAOYSA-N,C5H10,5,bains:NIST-3,14,row1063,cyclopentane,C1CCCC1,-18.4608,,True
C/C=C/CC,QMMOXUPEWRXHJS-HWKANZROSA-N,C5H10,5,bains:Pedley,12,row1064,trans-2-Pentene,C/C=C/CC,-7.6243,,True
C/C=C/CC,QMMOXUPEWRXHJS-HWKANZROSA-N,C5H10,5,bains:Cox-1,13,row1064,trans-2-Pentene,C/C=C/CC,-7.9300,,True
C/C=C/CC,QMMOXUPEWRXHJS-HWKANZROSA-N,C5H10,5,bains:Cox-2,13,row1064,trans-2-Pentene,C/C=C/CC,-8.1500,,True
C/C=C/CC,QMMOXUPEWRXHJS-HWKANZROSA-N,C5H10,5,bains:Cox-3,13,row1064,trans-2-Pentene,C/C=C/CC,-7.9300,,True
C/C=C/CC,QMMOXUPEWRXHJS-HWKANZROSA-N,C5H10,5,bains:Winget,18,row1064,trans-2-Pentene,C/C=C/CC,-6.9967,,True
C/C=C/CC,QMMOXUPEWRXHJS-HWKANZROSA-N,C5H10,5,bains:Stewart,91,row1064,trans-2-Pentene,C/C=C/CC,-7.8962,,True
C=CCCC,YWAKXRMUMFPDSH-UHFFFAOYSA-N,C5H10,5,bains:Pedley,12,row1065,pent-1-ene,CCCC=C,-5.0908,,True
C=CCCC,YWAKXRMUMFPDSH-UHFFFAOYSA-N,C5H10,5,bains:Cox-1,13,row1065,pent-1-ene,CCCC=C,-5.3300,,True
C=CCCC,YWAKXRMUMFPDSH-UHFFFAOYSA-N,C5H10,5,bains:Winget,18,row1065,pent-1-ene,CCCC=C,-5.2975,,True
C=CCCC,YWAKXRMUMFPDSH-UHFFFAOYSA-N,C5H10,5,bains:Stewart,91,row1065,pent-1-ene,CCCC=C,-5.2975,,True
C=CCCC,YWAKXRMUMFPDSH-UHFFFAOYSA-N,C5H10,5,bains:NIST-1,14,row1065,pent-1-ene,CCCC=C,-5.2581,,True
C[C@@H]1C[C@H]1C,VKJLDXGFBJBTRQ-RFZPGFLSSA-N,C5H10,5,bains:Winget,18,row1066,"1,trans-2-dimethylcyclopropane",C[C@H]1[C@H](C)C1,1.2994,,True
C[C@@H]1C[C@H]1C,VKJLDXGFBJBTRQ-RFZPGFLSSA-N,C5H10,5,bains:Yaws,90,row1066,"1,trans-2-dimethylcyclopropane",C[C@H]1[C@H](C)C1,-0.7648,,True
C=C(C)CC,MHNNAWXXUZQSNM-UHFFFAOYSA-N,C5H10,5,bains:Pedley,12,row1067,2-methylbut-1-ene,C=C(CC)C,-6.5966,,True
C=C(C)CC,MHNNAWXXUZQSNM-UHFFFAOYSA-N,C5H10,5,bains:Cox-1,13,row1067,2-methylbut-1-ene,C=C(CC)C,-8.5500,,True
C=C(C)CC,MHNNAWXXUZQSNM-UHFFFAOYSA-N,C5H10,5,bains:Winget,18,row1067,2-methylbut-1-ene,C=C(CC)C,-8.5959,,True
C=C(C)CC,MHNNAWXXUZQSNM-UHFFFAOYSA-N,C5H10,5,bains:Stewart,91,row1067,2-methylbut-1-ene,C=C(CC)C,-8.5959,,True
C=C(C)CC,MHNNAWXXUZQSNM-UHFFFAOYSA-N,C5H10,5,bains:NIST-1,14,row1067,2-methylbut-1-ene,C=C(CC)C,-8.3891,,True
C=C(C)CC,MHNNAWXXUZQSNM-UHFFFAOYSA-N,C5H10,5,bains:NIST-2,14,row1067,2-methylbut-1-ene,C=C(CC)C,-8.3174,,True
C=CC(C)C,YHQXBTXEYZIYOV-UHFFFAOYSA-N,C5H10,5,bains:Cox-1,13,row1068,3-methylbut-1-ene,CC(C=C)C,-6.6100,,True
C=CC(C)C,YHQXBTXEYZIYOV-UHFFFAOYSA-N,C5H10,5,bains:Winget,18,row1068,3-methylbut-1-ene,CC(C=C)C,-6.5968,,True
C=CC(C)C,YHQXBTXEYZIYOV-UHFFFAOYSA-N,C5H10,5,bains:Stewart,91,row1068,3-methylbut-1-ene,CC(C=C)C,-6.5968,,True
C=CC(C)C,YHQXBTXEYZIYOV-UHFFFAOYSA-N,C5H10,5,bains:NIST-1,14,row1068,3-methylbut-1-ene,CC(C=C)C,-6.0946,,True
CC=C(C)C,BKOOMYPCSUNDGP-UHFFFAOYSA-N,C5H10,5,bains:Pedley,12,row1069,2-methylbut-2-ene,CC=C(C)C,-9.9904,,True
CC=C(C)C,BKOOMYPCSUNDGP-UHFFFAOYSA-N,C5H10,5,bains:Cox-1,13,row1069,2-methylbut-2-ene,CC=C(C)C,-10.1200,,True
CC=C(C)C,BKOOMYPCSUNDGP-UHFFFAOYSA-N,C5H10,5,bains:Winget,18,row1069,2-methylbut-2-ene,CC=C(C)C,-10.0952,,True
CC=C(C)C,BKOOMYPCSUNDGP-UHFFFAOYSA-N,C5H10,5,bains:Stewart,91,row1069,2-methylbut-2-ene,CC=C(C)C,-10.0952,,True
CC=C(C)C,BKOOMYPCSUNDGP-UHFFFAOYSA-N,C5H10,5,bains:NIST-1,14,row1069,2-methylbut-2-ene,CC=C(C)C,-9.9187,,True
CC=C(C)C,BKOOMYPCSUNDGP-UHFFFAOYSA-N,C5H10,5,bains:NIST-2,14,row1069,2-methylbut-2-ene,CC=C(C)C,-9.7992,,True
CC1(C)CC1,PBIJFSCPEFQXBB-UHFFFAOYSA-N,C5H10,5,bains:Pedley,12,row1070,"1,1-dimethylcyclopropane",CC1(CC1)C,-1.9598,,True
CC1(C)CC1,PBIJFSCPEFQXBB-UHFFFAOYSA-N,C5H10,5,bains:Stewart,91,row1070,"1,1-dimethylcyclopropane",CC1(CC1)C,1.2994,,True
CC1(C)CC1,PBIJFSCPEFQXBB-UHFFFAOYSA-N,C5H10,5,bains:Yaws,90,row1070,"1,1-dimethylcyclopropane",CC1(CC1)C,-1.9598,,True
CC1(C)CC1,PBIJFSCPEFQXBB-UHFFFAOYSA-N,C5H10,5,bains:NIST-1,14,row1070,"1,1-dimethylcyclopropane",CC1(CC1)C,-1.9598,,True
O=NN1CCCCC1,UWSDONTXWQOZFN-UHFFFAOYSA-N,C5H10N2O,8,bains:Pedley,12,row1155,1-nitrosopiperidine,O=NN1CCCCC1,3.9675,,True
O=[N+]([O-])N1CCCCC1,PFHGNIMWELIXGP-UHFFFAOYSA-N,C5H10N2O2,9,bains:Pedley,12,row1156,1-nitropiperidine,O=[N+](N1CCCCC1)[O-],-10.6358,,True
CCCCC=O,HGBOYTHUEUWSSQ-UHFFFAOYSA-N,C5H10O,6,bains:Pedley,12,row1157,pentanal,CCCCC=O,-54.6128,,True
C1CCOCC1,DHXVGJBLRPWPCS-UHFFFAOYSA-N,C5H10O,6,bains:Pedley,12,row1158,tetrahydro-2H-pyran,C1CCCCO1,-53.3939,,True
C1CCOCC1,DHXVGJBLRPWPCS-UHFFFAOYSA-N,C5H10O,6,bains:Cox-1,13,row1158,tetrahydro-2H-pyran,C1CCCCO1,-50.6000,,True
C1CCOCC1,DHXVGJBLRPWPCS-UHFFFAOYSA-N,C5H10O,6,bains:Cox-2,13,row1158,tetrahydro-2H-pyran,C1CCCCO1,-52.5400,,True
C1CCOCC1,DHXVGJBLRPWPCS-UHFFFAOYSA-N,C5H10O,6,bains:Cox-3,13,row1158,tetrahydro-2H-pyran,C1CCCCO1,-53.5000,,True
C1CCOCC1,DHXVGJBLRPWPCS-UHFFFAOYSA-N,C5H10O,6,bains:Cox-4,13,row1158,tetrahydro-2H-pyran,C1CCCCO1,-53.2000,,True
C1CCOCC1,DHXVGJBLRPWPCS-UHFFFAOYSA-N,C5H10O,6,bains:Cox-5,13,row1158,tetrahydro-2H-pyran,C1CCCCO1,-53.3900,,True
C1CCOCC1,DHXVGJBLRPWPCS-UHFFFAOYSA-N,C5H10O,6,bains:Winget,18,row1158,tetrahydro-2H-pyran,C1CCCCO1,-53.3745,,True
C1CCOCC1,DHXVGJBLRPWPCS-UHFFFAOYSA-N,C5H10O,6,bains:NIST-1,14,row1158,tetrahydro-2H-pyran,C1CCCCO1,-53.4895,,True
C1CCOCC1,DHXVGJBLRPWPCS-UHFFFAOYSA-N,C5H10O,6,bains:NIST-2,14,row1158,tetrahydro-2H-pyran,C1CCCCO1,-52.5813,,True
C1CCOCC1,DHXVGJBLRPWPCS-UHFFFAOYSA-N,C5H10O,6,bains:NIST-3,14,row1158,tetrahydro-2H-pyran,C1CCCCO1,-53.3939,,True
CCCC(C)=O,XNLICIUVMPYHGG-UHFFFAOYSA-N,C5H10O,6,bains:Pedley,12,row1159,pentan-2-one,CC(CCC)=O,-61.9025,,True
CCCC(C)=O,XNLICIUVMPYHGG-UHFFFAOYSA-N,C5H10O,6,bains:Cox-1,13,row1159,pentan-2-one,CC(CCC)=O,-62.7600,,True
CCCC(C)=O,XNLICIUVMPYHGG-UHFFFAOYSA-N,C5H10O,6,bains:NIST-1,14,row1159,pentan-2-one,CC(CCC)=O,-61.9264,,True
CCC(=O)CC,FDPIMTJIUBPUKL-UHFFFAOYSA-N,C5H10O,6,bains:Pedley,12,row1160,pentan-3-one,CCC(CC)=O,-61.6396,,True
CCC(=O)CC,FDPIMTJIUBPUKL-UHFFFAOYSA-N,C5H10O,6,bains:Cox-1,13,row1160,pentan-3-one,CCC(CC)=O,-61.6500,,True
CCC(=O)CC,FDPIMTJIUBPUKL-UHFFFAOYSA-N,C5H10O,6,bains:Winget,18,row1160,pentan-3-one,CCC(CC)=O,-61.5706,,True
CCC(=O)CC,FDPIMTJIUBPUKL-UHFFFAOYSA-N,C5H10O,6,bains:Yaws,90,row1160,pentan-3-one,CCC(CC)=O,-61.6396,,True
CCC(=O)CC,FDPIMTJIUBPUKL-UHFFFAOYSA-N,C5H10O,6,bains:NIST-1,14,row1160,pentan-3-one,CCC(CC)=O,-60.5641,,True
CCC(=O)CC,FDPIMTJIUBPUKL-UHFFFAOYSA-N,C5H10O,6,bains:NIST-2,14,row1160,pentan-3-one,CCC(CC)=O,-61.6515,,True
CCC(=O)CC,FDPIMTJIUBPUKL-UHFFFAOYSA-N,C5H10O,6,bains:NIST-3,14,row1160,pentan-3-one,CCC(CC)=O,-62.2610,,True
C=COCCC,OVGRCEFMXPHEBL-UHFFFAOYSA-N,C5H10O,6,bains:Pedley,12,row1161,propoxyethylene,C=COCCC,-38.6233,,True
CC(=O)C(C)C,SYBYTAAJFKOIEJ-UHFFFAOYSA-N,C5H10O,6,bains:Pedley,12,row1162,3-methylbutan-2-one,CC(C(C)C)=O,-62.7390,,True
CC(=O)C(C)C,SYBYTAAJFKOIEJ-UHFFFAOYSA-N,C5H10O,6,bains:NIST-1,14,row1162,3-methylbutan-2-one,CC(C(C)C)=O,-62.7557,,True
C=COC(C)C,GNUGVECARVKIPH-UHFFFAOYSA-N,C5H10O,6,bains:Pedley,12,row1163,2-(vinyloxy)propane,CC(OC=C)C,-41.5392,,True
C=COC(C)C,GNUGVECARVKIPH-UHFFFAOYSA-N,C5H10O,6,bains:NIST-1,14,row1163,2-(vinyloxy)propane,CC(OC=C)C,-41.5870,,True
CC1(C)COC1,RVGLUKRYMXEQAH-UHFFFAOYSA-N,C5H10O,6,bains:Pedley,12,row1164,"3,3-dimethyloxetane",CC1(C)COC1,-35.4207,,True
CC1(C)COC1,RVGLUKRYMXEQAH-UHFFFAOYSA-N,C5H10O,6,bains:NIST-1,14,row1164,"3,3-dimethyloxetane",CC1(C)COC1,-35.4207,,True
CC(C)(C)C=O,FJJYHTVHBVXEEQ-UHFFFAOYSA-N,C5H10O,6,bains:Yaws,90,row1165,"2,2-dimethylpropanal",CC(C)(C)C=O,-59.6558,,True
OC1CCCC1,XCIXKGXIYUWCLL-UHFFFAOYSA-N,C5H10O,6,bains:Pedley,12,row1166,cyclopentanol,OC1CCCC1,-57.9828,,True
OC1CCCC1,XCIXKGXIYUWCLL-UHFFFAOYSA-N,C5H10O,6,bains:Cox-1,13,row1166,cyclopentanol,OC1CCCC1,-57.9700,,True
OC1CCCC1,XCIXKGXIYUWCLL-UHFFFAOYSA-N,C5H10O,6,bains:Cox-2,13,row1166,cyclopentanol,OC1CCCC1,-57.9800,,True
OC1CCCC1,XCIXKGXIYUWCLL-UHFFFAOYSA-N,C5H10O,6,bains:NIST-1,14,row1166,cyclopentanol,OC1CCCC1,-58.0784,,True
OC1CCCC1,XCIXKGXIYUWCLL-UHFFFAOYSA-N,C5H10O,6,bains:NIST-2,14,row1166,cyclopentanol,OC1CCCC1,-57.9828,,True
OC1CCCC1,XCIXKGXIYUWCLL-UHFFFAOYSA-N,C5H10O,6,bains:NIST-3,14,row1166,cyclopentanol,OC1CCCC1,-58.0545,,True
CCCCC(=O)O,NQPDZGIKBAWPEJ-UHFFFAOYSA-N,C5H10O2,7,bains:Pedley,12,row1167,pentanoic acid,CCCCC(O)=O,-117.5669,,True
CCCCC(=O)O,NQPDZGIKBAWPEJ-UHFFFAOYSA-N,C5H10O2,7,bains:Cox-1,13,row1167,pentanoic acid,CCCCC(O)=O,-116.9800,,True
CCCCC(=O)O,NQPDZGIKBAWPEJ-UHFFFAOYSA-N,C5H10O2,7,bains:Cox-2,13,row1167,pentanoic acid,CCCCC(O)=O,-117.3200,,True
CCCCC(=O)O,NQPDZGIKBAWPEJ-UHFFFAOYSA-N,C5H10O2,7,bains:Cox-3,13,row1167,pentanoic acid,CCCCC(O)=O,-114.0000,,True
CCCCC(=O)O,NQPDZGIKBAWPEJ-UHFFFAOYSA-N,C5H10O2,7,bains:Cox-4,13,row1167,pentanoic acid,CCCCC(O)=O,-118.0000,,True
CCCCC(=O)O,NQPDZGIKBAWPEJ-UHFFFAOYSA-N,C5H10O2,7,bains:Cox-5,13,row1167,pentanoic acid,CCCCC(O)=O,-117.1500,,True
CCCCOC=O,NMJJFJNHVMGPGM-UHFFFAOYSA-N,C5H10O2,7,bains:Yaws,90,row1168,butyl formate,O=COCCCC,-102.0793,,True
C1CCOCOC1,CZLMRJZAHXYRIX-UHFFFAOYSA-N,C5H10O2,7,bains:Pedley,12,row1169,tetramethylene formal,C1CCOCOC1,-82.8394,,True
C1CCOCOC1,CZLMRJZAHXYRIX-UHFFFAOYSA-N,C5H10O2,7,bains:Cox-1,13,row1169,tetramethylene formal,C1CCOCOC1,-82.8000,,True
CCCOC(C)=O,YKYONYBAUNKHLG-UHFFFAOYSA-N,C5H10O2,7,bains:Winget,18,row1170,isopropylethanoate,CCCOC(=O)C,-115.0450,,True
CCC(C)OC=O,OAEQYDZVVPONKW-UHFFFAOYSA-N,C5H10O2,7,bains:Yaws,90,row1171,sec-butyl formate,O=COC(C)CC,-106.4532,,True
CCOC(=O)CC,FKRCODPIKNYEAC-UHFFFAOYSA-N,C5H10O2,7,bains:Pedley,12,row1172,ethyl propanoate,CCC(OCC)=O,-110.8031,,True
CCOC(=O)CC,FKRCODPIKNYEAC-UHFFFAOYSA-N,C5H10O2,7,bains:Cox-1,13,row1172,ethyl propanoate,CCC(OCC)=O,-101.7000,,True
CCOC(=O)CC,FKRCODPIKNYEAC-UHFFFAOYSA-N,C5H10O2,7,bains:Yaws,90,row1172,ethyl propanoate,CCC(OCC)=O,-110.8031,,True
CC(C)CC(=O)O,GWYFCOCPABKNJV-UHFFFAOYSA-N,C5H10O2,7,bains:Pedley,12,row1173,3-methylbutanoic acid,CC(C)CC(O)=O,-121.8929,,True
CC(=O)OC(C)C,JMMWKPVZQRWMSS-UHFFFAOYSA-N,C5H10O2,7,bains:Pedley,12,row1174,isopropyl acetate,CC(OC(C)C)=O,-115.1291,,True
CC(=O)OC(C)C,JMMWKPVZQRWMSS-UHFFFAOYSA-N,C5H10O2,7,bains:Cox-1,13,row1174,isopropyl acetate,CC(OC(C)C)=O,-115.1200,,True
C[C@H]1OC[C@H](C)O1,ROSFUFIOLRQOON-WHFBIAKZSA-N,C5H10O2,7,bains:Pedley,12,row1175,"trans-2,4-dimethyl-1,3-dioxalane",C[C@@H]1O[C@@H](C)CO1,-90.9417,,True
CC(C)(C)C(=O)O,IUGYQRQAERSCNH-UHFFFAOYSA-N,C5H10O2,7,bains:Pedley,12,row1176,"2,2-dimethylpropanoic acid",CC(C)(C)C(O)=O,-117.4235,,True
CC(C)(C)C(=O)O,IUGYQRQAERSCNH-UHFFFAOYSA-N,C5H10O2,7,bains:Yaws,90,row1176,"2,2-dimethylpropanoic acid",CC(C)(C)C(O)=O,-117.3518,,True
CC(C)(C)OC=O,RUPAXCPQAAOIPB-UHFFFAOYSA-N,C5H10O2,7,bains:Yaws,90,row1177,tert-butyl formate,O=COC(C)(C)C,-111.1616,,True
CC1CCOCO1,INCCMBMMWVKEGJ-UHFFFAOYSA-N,C5H10O2,7,bains:Pedley,12,row1178,"4-methyl-1,3-dioxan",CC1CCOCO1,-90.0813,,True
CC1CCOCO1,INCCMBMMWVKEGJ-UHFFFAOYSA-N,C5H10O2,7,bains:Cox-1,13,row1178,"4-methyl-1,3-dioxan",CC1CCOCO1,-90.4600,,True
CC1OCCCO1,HDGHQFQMWUTHKL-UHFFFAOYSA-N,C5H10O2,7,bains:Pedley,12,row1179,"2-methyl-1,3-dioxan",CC1OCCCO1,-95.0765,,True
CC1OCCCO1,HDGHQFQMWUTHKL-UHFFFAOYSA-N,C5H10O2,7,bains:Cox-1,13,row1179,"2-methyl-1,3-dioxan",CC1OCCCO1,-95.3700,,True
OCC1CCCO1,BSYVTEYKTMYBMK-UHFFFAOYSA-N,C5H10O2,7,bains:Pedley,12,row1180,tetrahydrofurfuryl alcohol,OCC1CCCO1,-88.2409,,True
OCC1CCCO1,BSYVTEYKTMYBMK-UHFFFAOYSA-N,C5H10O2,7,bains:Cox-1,13,row1180,tetrahydrofurfuryl alcohol,OCC1CCCO1,-88.2000,,True
CCOC(=O)OCC,OIFBSDVPJOWBCH-UHFFFAOYSA-N,C5H10O3,8,bains:Pedley,12,row1182,diethyl carbonate,O=C(OCC)OCC,-152.4618,,True
CCOC(=O)OCC,OIFBSDVPJOWBCH-UHFFFAOYSA-N,C5H10O3,8,bains:Yaws,90,row1182,diethyl carbonate,O=C(OCC)OCC,-152.7486,,True
C1COCOCCO1,AUAGGMPIKOZAJZ-UHFFFAOYSA-N,C5H10O3,8,bains:Pedley,12,row1183,"1,3,6-trioxacyclooctane",O1COCCOCC1,-111.6396,,True
CCOC(=O)C(C)O,LZCLXQDLBQLTDK-UHFFFAOYSA-N,C5H10O3,8,bains:Yaws,90,row1184,ethyl lactate,OC(C)C(OCC)=O,-151.7686,,True
C1OCOCOCOCO1,QSBDXVOJNUPDPI-UHFFFAOYSA-N,C5H10O5,10,bains:Pedley,12,row1185,"1,3,5,7,9-pentaoxecane",O1COCOCOCOC1,-186.3767,,True
C1CCNCC1,NQRYJNQNLNOLGT-UHFFFAOYSA-N,C5H11N,6,bains:Pedley,12,row1218,piperidine,C1CCCCN1,-11.2811,,True
C1CCNCC1,NQRYJNQNLNOLGT-UHFFFAOYSA-N,C5H11N,6,bains:Cox-1,13,row1218,piperidine,C1CCCCN1,-11.6600,,True
C1CCNCC1,NQRYJNQNLNOLGT-UHFFFAOYSA-N,C5H11N,6,bains:Cox-2,13,row1218,piperidine,C1CCCCN1,-11.5700,,True
C1CCNCC1,NQRYJNQNLNOLGT-UHFFFAOYSA-N,C5H11N,6,bains:Cox-3,13,row1218,piperidine,C1CCCCN1,-11.7600,,True
C1CCNCC1,NQRYJNQNLNOLGT-UHFFFAOYSA-N,C5H11N,6,bains:Winget,18,row1218,piperidine,C1CCCCN1,-11.2946,,True
C1CCNCC1,NQRYJNQNLNOLGT-UHFFFAOYSA-N,C5H11N,6,bains:Cioslowski,11,row1218,piperidine,C1CCCCN1,-11.3000,,True
C1CCNCC1,NQRYJNQNLNOLGT-UHFFFAOYSA-N,C5H11N,6,bains:NIST-1,14,row1218,piperidine,C1CCCCN1,-11.2691,,True
C1CCNCC1,NQRYJNQNLNOLGT-UHFFFAOYSA-N,C5H11N,6,bains:NIST-2,14,row1218,piperidine,C1CCCCN1,-11.2691,,True
NC1CCCC1,NISGSNTVMOOSJQ-UHFFFAOYSA-N,C5H11N,6,bains:Pedley,12,row1219,cyclopentanamine,NC1CCCC1,-13.1214,,True
NC1CCCC1,NISGSNTVMOOSJQ-UHFFFAOYSA-N,C5H11N,6,bains:NIST-1,14,row1219,cyclopentanamine,NC1CCCC1,-13.1119,,True
CCCCC(N)=O,IPWFJLQDVFKJDU-UHFFFAOYSA-N,C5H11NO,7,bains:Pedley,12,row1220,pentanamide,CCCCC(N)=O,-69.3595,,True
CCCCC(N)=O,IPWFJLQDVFKJDU-UHFFFAOYSA-N,C5H11NO,7,bains:Cox-1,13,row1220,pentanamide,CCCCC(N)=O,-69.3600,,True
CC(C)(C)NC=O,SDLAKRCBYGZJRW-UHFFFAOYSA-N,C5H11NO,7,bains:Yaws,90,row1221,tert-butylformamide,O=CNC(C)(C)C,-67.8776,,True
CC(C)[C@H](N)C(=O)O,KZSNJWFQEVHDMF-BYPYZUCNSA-N,C5H11NO2,8,bains:Pedley,12,row1222,valine,CC(C)[C@H](N)C(O)=O,-108.7715,,True
CC(C)[C@H](N)C(=O)O,KZSNJWFQEVHDMF-BYPYZUCNSA-N,C5H11NO2,8,bains:Cox-1,13,row1222,valine,CC(C)[C@H](N)C(O)=O,-108.7800,,True
CCCCC,OFBQJSOFQDEBGM-UHFFFAOYSA-N,C5H12,5,bains:Pedley,12,row1223,pentane,CCCCC,-35.1099,,True
CCCCC,OFBQJSOFQDEBGM-UHFFFAOYSA-N,C5H12,5,bains:Cox-1,13,row1223,pentane,CCCCC,-34.8800,,True
CCCCC,OFBQJSOFQDEBGM-UHFFFAOYSA-N,C5H12,5,bains:Cox-2,13,row1223,pentane,CCCCC,-35.0500,,True
CCCCC,OFBQJSOFQDEBGM-UHFFFAOYSA-N,C5H12,5,bains:Cox-3,13,row1223,pentane,CCCCC,-35.1600,,True
CCCCC,OFBQJSOFQDEBGM-UHFFFAOYSA-N,C5H12,5,bains:Cox-4,13,row1223,pentane,CCCCC,-35.1000,,True
CCCCC,OFBQJSOFQDEBGM-UHFFFAOYSA-N,C5H12,5,bains:Winget,18,row1223,pentane,CCCCC,-35.0832,,True
CCCCC,OFBQJSOFQDEBGM-UHFFFAOYSA-N,C5H12,5,bains:Stewart,91,row1223,pentane,CCCCC,-35.0832,,True
CCCCC,OFBQJSOFQDEBGM-UHFFFAOYSA-N,C5H12,5,bains:ATcT,10,row1223,pentane,CCCCC,-34.9857,,True
CCCCC,OFBQJSOFQDEBGM-UHFFFAOYSA-N,C5H12,5,bains:Cioslowski,11,row1223,pentane,CCCCC,-35.1000,,True
CCCCC,OFBQJSOFQDEBGM-UHFFFAOYSA-N,C5H12,5,bains:NIST-1,14,row1223,pentane,CCCCC,-35.0860,,True
CCCCC,OFBQJSOFQDEBGM-UHFFFAOYSA-N,C5H12,5,bains:NIST-2,14,row1223,pentane,CCCCC,-35.1577,,True
CCCCC,OFBQJSOFQDEBGM-UHFFFAOYSA-N,C5H12,5,bains:NIST-3,14,row1223,pentane,CCCCC,-34.9904,,True
CCC(C)C,QWTDNUCVQCZILF-UHFFFAOYSA-N,C5H12,5,bains:Pedley,12,row1224,isopentane,CC(CC)C,-36.7352,,True
CCC(C)C,QWTDNUCVQCZILF-UHFFFAOYSA-N,C5H12,5,bains:Cox-1,13,row1224,isopentane,CC(CC)C,-36.7700,,True
CCC(C)C,QWTDNUCVQCZILF-UHFFFAOYSA-N,C5H12,5,bains:Cox-2,13,row1224,isopentane,CC(CC)C,-36.9500,,True
CCC(C)C,QWTDNUCVQCZILF-UHFFFAOYSA-N,C5H12,5,bains:Cox-3,13,row1224,isopentane,CC(CC)C,-36.8400,,True
CCC(C)C,QWTDNUCVQCZILF-UHFFFAOYSA-N,C5H12,5,bains:Cox-4,13,row1224,isopentane,CC(CC)C,-36.8500,,True
CCC(C)C,QWTDNUCVQCZILF-UHFFFAOYSA-N,C5H12,5,bains:Winget,18,row1224,isopentane,CC(CC)C,-36.7824,,True
CCC(C)C,QWTDNUCVQCZILF-UHFFFAOYSA-N,C5H12,5,bains:Stewart,91,row1224,isopentane,CC(CC)C,-36.7824,,True
CCC(C)C,QWTDNUCVQCZILF-UHFFFAOYSA-N,C5H12,5,bains:ATcT,10,row1224,isopentane,CC(CC)C,-36.6420,,True
CCC(C)C,QWTDNUCVQCZILF-UHFFFAOYSA-N,C5H12,5,bains:NIST-1,14,row1224,isopentane,CC(CC)C,-36.7352,,True
CCC(C)C,QWTDNUCVQCZILF-UHFFFAOYSA-N,C5H12,5,bains:NIST-2,14,row1224,isopentane,CC(CC)C,-36.8308,,True
CCC(C)C,QWTDNUCVQCZILF-UHFFFAOYSA-N,C5H12,5,bains:NIST-3,14,row1224,isopentane,CC(CC)C,-36.9264,,True
CC(C)(C)C,CRSOQBOWXPBRES-UHFFFAOYSA-N,C5H12,5,bains:Pedley,12,row1225,neopentane,CC(C)(C)C,-40.1769,,True
CC(C)(C)C,CRSOQBOWXPBRES-UHFFFAOYSA-N,C5H12,5,bains:Cox-1,13,row1225,neopentane,CC(C)(C)C,-39.5600,,True
CC(C)(C)C,CRSOQBOWXPBRES-UHFFFAOYSA-N,C5H12,5,bains:Cox-2,13,row1225,neopentane,CC(C)(C)C,-40.2700,,True
CC(C)(C)C,CRSOQBOWXPBRES-UHFFFAOYSA-N,C5H12,5,bains:Cox-3,13,row1225,neopentane,CC(C)(C)C,-40.2700,,True
CC(C)(C)C,CRSOQBOWXPBRES-UHFFFAOYSA-N,C5H12,5,bains:Winget,18,row1225,neopentane,CC(C)(C)C,-40.2807,,True
CC(C)(C)C,CRSOQBOWXPBRES-UHFFFAOYSA-N,C5H12,5,bains:Stewart,91,row1225,neopentane,CC(C)(C)C,-40.2807,,True
CC(C)(C)C,CRSOQBOWXPBRES-UHFFFAOYSA-N,C5H12,5,bains:ATcT,10,row1225,neopentane,CC(C)(C)C,-40.0502,,True
CC(C)(C)C,CRSOQBOWXPBRES-UHFFFAOYSA-N,C5H12,5,bains:Cioslowski,11,row1225,neopentane,CC(C)(C)C,-40.3000,,True
CC(C)(C)C,CRSOQBOWXPBRES-UHFFFAOYSA-N,C5H12,5,bains:NIST-1,14,row1225,neopentane,CC(C)(C)C,-40.1291,,True
CC(C)(C)C,CRSOQBOWXPBRES-UHFFFAOYSA-N,C5H12,5,bains:NIST-2,14,row1225,neopentane,CC(C)(C)C,-40.2725,,True
CC(C)(C)C,CRSOQBOWXPBRES-UHFFFAOYSA-N,C5H12,5,bains:NIST-3,14,row1225,neopentane,CC(C)(C)C,-39.6750,,True
CCCC/N=N/C,GKQMCKLMLLVAAI-VOTSOKGWSA-N,C5H12N2,7,bains:Pedley,12,row1229,butylmethyldiazene,C/N=N/CCCC,18.8815,,True
CCCCCO,AMQJEAYHLZJPGS-UHFFFAOYSA-N,C5H12O,6,bains:Pedley,12,row1231,pentan-1-ol,OCCCCC,-70.4350,,True
CCCCCO,AMQJEAYHLZJPGS-UHFFFAOYSA-N,C5H12O,6,bains:Cox-1,13,row1231,pentan-1-ol,OCCCCC,-71.9300,,True
CCCCCO,AMQJEAYHLZJPGS-UHFFFAOYSA-N,C5H12O,6,bains:Cox-2,13,row1231,pentan-1-ol,OCCCCC,-70.6600,,True
CCCCCO,AMQJEAYHLZJPGS-UHFFFAOYSA-N,C5H12O,6,bains:NIST-1,14,row1231,pentan-1-ol,OCCCCC,-71.2237,,True
CCCC(C)O,JYVLIDXNZAXMDK-UHFFFAOYSA-N,C5H12O,6,bains:Pedley,12,row1232,pentan-2-ol,OC(CCC)C,-74.7371,,True
CCCC(C)O,JYVLIDXNZAXMDK-UHFFFAOYSA-N,C5H12O,6,bains:Cox-1,13,row1232,pentan-2-ol,OC(CCC)C,-75.1800,,True
CCCC(C)O,JYVLIDXNZAXMDK-UHFFFAOYSA-N,C5H12O,6,bains:NIST-1,14,row1232,pentan-2-ol,OC(CCC)C,-74.7371,,True
CCCC(C)O,JYVLIDXNZAXMDK-UHFFFAOYSA-N,C5H12O,6,bains:NIST-2,14,row1232,pentan-2-ol,OC(CCC)C,-75.0000,,True
CCCC(C)O,JYVLIDXNZAXMDK-UHFFFAOYSA-N,C5H12O,6,bains:NIST-3,14,row1232,pentan-2-ol,OC(CCC)C,-75.1912,,True
CCCCOC,CXBDYQVECUFKRK-UHFFFAOYSA-N,C5H12O,6,bains:Pedley,12,row1233,1-methoxybutane,COCCCC,-61.6874,,True
CCCCOC,CXBDYQVECUFKRK-UHFFFAOYSA-N,C5H12O,6,bains:NIST-1,14,row1233,1-methoxybutane,COCCCC,-61.6874,,True
CCC(C)CO,QPRQEDXDYOZYLA-UHFFFAOYSA-N,C5H12O,6,bains:Pedley,12,row1234,2-methyl-1-butanol,CCC(C)CO,-72.1797,,True
CCC(C)CO,QPRQEDXDYOZYLA-UHFFFAOYSA-N,C5H12O,6,bains:Cox-1,13,row1234,2-methyl-1-butanol,CCC(C)CO,-72.1900,,True
CCC(O)CC,AQIXEPGDORPWBJ-UHFFFAOYSA-N,C5H12O,6,bains:Pedley,12,row1235,pentan-3-ol,OC(CC)CC,-75.8126,,True
CCC(O)CC,AQIXEPGDORPWBJ-UHFFFAOYSA-N,C5H12O,6,bains:Cox-1,13,row1235,pentan-3-ol,OC(CC)CC,-76.1400,,True
CCC(O)CC,AQIXEPGDORPWBJ-UHFFFAOYSA-N,C5H12O,6,bains:Cox-2,13,row1235,pentan-3-ol,OC(CC)CC,-75.2100,,True
CCC(O)CC,AQIXEPGDORPWBJ-UHFFFAOYSA-N,C5H12O,6,bains:Winget,18,row1235,pentan-3-ol,OC(CC)CC,-75.1641,,True
CCC(O)CC,AQIXEPGDORPWBJ-UHFFFAOYSA-N,C5H12O,6,bains:NIST-1,14,row1235,pentan-3-ol,OC(CC)CC,-75.8126,,True
CCC(O)CC,AQIXEPGDORPWBJ-UHFFFAOYSA-N,C5H12O,6,bains:NIST-2,14,row1235,pentan-3-ol,OC(CC)CC,-75.2151,,True
CCC(O)CC,AQIXEPGDORPWBJ-UHFFFAOYSA-N,C5H12O,6,bains:NIST-3,14,row1235,pentan-3-ol,OC(CC)CC,-76.1472,,True
CCCOCC,NVJUHMXYKCUMQA-UHFFFAOYSA-N,C5H12O,6,bains:Pedley,12,row1236,1-ethoxypropane,CCOCCC,-65.0574,,True
CCCOCC,NVJUHMXYKCUMQA-UHFFFAOYSA-N,C5H12O,6,bains:Yaws,90,row1236,1-ethoxypropane,CCOCCC,-65.0574,,True
CCCOCC,NVJUHMXYKCUMQA-UHFFFAOYSA-N,C5H12O,6,bains:NIST-1,14,row1236,1-ethoxypropane,CCOCCC,-65.0574,,True
CC(C)C(C)O,MXLMTQWGSQIYOW-UHFFFAOYSA-N,C5H12O,6,bains:Pedley,12,row1237,3-methylbutan-2-ol,OC(C(C)C)C,-75.3346,,True
CC(C)C(C)O,MXLMTQWGSQIYOW-UHFFFAOYSA-N,C5H12O,6,bains:Cox-1,13,row1237,3-methylbutan-2-ol,OC(C(C)C)C,-75.3500,,True
CC(C)C(C)O,MXLMTQWGSQIYOW-UHFFFAOYSA-N,C5H12O,6,bains:NIST-1,14,row1237,3-methylbutan-2-ol,OC(C(C)C)C,-75.6214,,True
CC(C)C(C)O,MXLMTQWGSQIYOW-UHFFFAOYSA-N,C5H12O,6,bains:NIST-2,14,row1237,3-methylbutan-2-ol,OC(C(C)C)C,-74.8327,,True
CCC(C)(C)O,MSXVEPNJUHWQHW-UHFFFAOYSA-N,C5H12O,6,bains:Pedley,12,row1238,2-methylbutan-2-ol,OC(C)(CC)C,-79.0631,,True
CCC(C)(C)O,MSXVEPNJUHWQHW-UHFFFAOYSA-N,C5H12O,6,bains:Cox-1,13,row1238,2-methylbutan-2-ol,OC(C)(CC)C,-79.0700,,True
CCC(C)(C)O,MSXVEPNJUHWQHW-UHFFFAOYSA-N,C5H12O,6,bains:NIST-1,14,row1238,2-methylbutan-2-ol,OC(C)(CC)C,-78.7046,,True
CCOC(C)C,XSJVWZAETSBXKU-UHFFFAOYSA-N,C5H12O,6,bains:Yaws,90,row1239,ethyl isopropyl ether,CC(OCC)C,-68.3078,,True
CC(C)CCO,PHTQWCKDNZKARW-UHFFFAOYSA-N,C5H12O,6,bains:Pedley,12,row1240,3-methylbutan-1-ol,OCCC(C)C,-72.0124,,True
CC(C)CCO,PHTQWCKDNZKARW-UHFFFAOYSA-N,C5H12O,6,bains:Cox-1,13,row1240,3-methylbutan-1-ol,OCCC(C)C,-72.0200,,True
CC(C)CCO,PHTQWCKDNZKARW-UHFFFAOYSA-N,C5H12O,6,bains:NIST-1,14,row1240,3-methylbutan-1-ol,OCCC(C)C,-71.8929,,True
CC(C)CCO,PHTQWCKDNZKARW-UHFFFAOYSA-N,C5H12O,6,bains:NIST-2,14,row1240,3-methylbutan-1-ol,OCCC(C)C,-72.0124,,True
CC(C)(C)CO,KPSSIOMAKSHJJG-UHFFFAOYSA-N,C5H12O,6,bains:Yaws,90,row1241,"2,2-dimethyl-1-propanol",CC(C)(C)CO,-76.2596,,True
COC(C)(C)C,BZLVMXJERCGZMT-UHFFFAOYSA-N,C5H12O,6,bains:Pedley,12,row1242,2-methoxy-2-methylpropane,COC(C)(C)C,-67.7581,,True
COC(C)(C)C,BZLVMXJERCGZMT-UHFFFAOYSA-N,C5H12O,6,bains:Cox-1,13,row1242,2-methoxy-2-methylpropane,COC(C)(C)C,-69.7000,,True
COC(C)(C)C,BZLVMXJERCGZMT-UHFFFAOYSA-N,C5H12O,6,bains:Winget,18,row1242,2-methoxy-2-methylpropane,COC(C)(C)C,-67.7676,,True
COC(C)(C)C,BZLVMXJERCGZMT-UHFFFAOYSA-N,C5H12O,6,bains:NIST-1,14,row1242,2-methoxy-2-methylpropane,COC(C)(C)C,-68.1166,,True
COC(C)(C)C,BZLVMXJERCGZMT-UHFFFAOYSA-N,C5H12O,6,bains:NIST-2,14,row1242,2-methoxy-2-methylpropane,COC(C)(C)C,-67.6864,,True
COC(C)(C)C,BZLVMXJERCGZMT-UHFFFAOYSA-N,C5H12O,6,bains:NIST-3,14,row1242,2-methoxy-2-methylpropane,COC(C)(C)C,-67.4474,,True
CCC(CO)CO,HYFFNAVAMIJUIP-UHFFFAOYSA-N,C5H12O2,7,bains:Yaws,90,row1243,"2-ethyl-1,3-propanediol",OCC(CC)CO,-108.9866,,True
CCC(O)C(C)O,XLMFDCKSFJWJTP-UHFFFAOYSA-N,C5H12O2,7,bains:Yaws,90,row1244,"dl-erythro-2,3-pentanediol",CC(O)C(O)CC,-114.9618,,True
CCOCOCC,KLKFAASOGCDTDT-UHFFFAOYSA-N,C5H12O2,7,bains:Pedley,12,row1245,diethoxymethane,CCOCOCC,-99.1396,,True
CC(O)CC(C)O,GTCCGKPBSJZVRZ-UHFFFAOYSA-N,C5H12O2,7,bains:Yaws,90,row1246,"dl-2,4-pentanediol",CC(O)CC(O)C,-114.4837,,True
CC(C)(CO)CO,SLCVBVWXLSEKPL-UHFFFAOYSA-N,C5H12O2,7,bains:Yaws,90,row1247,"2,2-dimethyl-1,3-propanediol",OCC(C)(C)CO,-112.3327,,True
COC(C)(C)OC,HEWZVZIVELJPQZ-UHFFFAOYSA-N,C5H12O2,7,bains:Pedley,12,row1248,"2,2-dimethoxypropane",COC(C)(C)OC,-102.6769,,True
COC(C)(C)OC,HEWZVZIVELJPQZ-UHFFFAOYSA-N,C5H12O2,7,bains:Cox-1,13,row1248,"2,2-dimethoxypropane",COC(C)(C)OC,-101.8900,,True
OCCCCCO,ALQSHHUCVQOPAS-UHFFFAOYSA-N,C5H12O2,7,bains:Pedley,12,row1249,"1,5-pentanediol",OCCCCCO,-107.3375,,True
COC(C)(OC)OC,HDPNBNXLBDFELL-UHFFFAOYSA-N,C5H12O3,8,bains:Pedley,12,row1252,"1,1,1-trimethoxyethane",CC(OC)(OC)OC,-136.8786,,True
OCC(CO)(CO)CO,WXZMFSXDPGVJKK-UHFFFAOYSA-N,C5H12O4,9,bains:Pedley,12,row1254,pentaertythritol,OCC(CO)(CO)CO,-185.6358,,True
OCC(CO)(CO)CO,WXZMFSXDPGVJKK-UHFFFAOYSA-N,C5H12O4,9,bains:Cox-1,13,row1254,pentaertythritol,OCC(CO)(CO)CO,-185.6300,,True
CCCCNC,QCOGKXLOEWLIDC-UHFFFAOYSA-N,C5H13N,6,bains:NIST-1,14,row1271,N-methylbutan-1-amine,CNCCCC,-25.8843,,True
CC(C)C(C)N,JOZZAIIGWFLONA-UHFFFAOYSA-N,C5H13N,6,bains:Yaws,90,row1272,"1,2-dimethylpropylamine",NC(C)C(C)C,-26.9359,,True
CCC(C)(C)N,GELMWIVBBPAMIO-UHFFFAOYSA-N,C5H13N,6,bains:Yaws,90,row1273,"1,1-dimethylpropylamine",NC(C)(C)CC,-26.9359,,True
CCCN(C)C,ZUHZZVMEUAUWHY-UHFFFAOYSA-N,C5H13N,6,bains:Yaws,90,row1274,dimethyl-propylamine,CCCN(C)C,-16.9216,,True
CC(C)(C)CN,XDIAMRVROCPPBK-UHFFFAOYSA-N,C5H13N,6,bains:Yaws,90,row1275,"2,2-dimethylpropylamine",NCC(C)(C)C,-26.9359,,True
CN(C)CN(C)C,VGIVLIHKENZQHQ-UHFFFAOYSA-N,C5H14N2,7,bains:Pedley,12,row1277,"N,N,N',N'-tetramethylmethanediamine",CN(C)CN(C)C,-4.2304,,True
O=Cc1ccc([N+](=O)[O-])o1,SXINBFXPADXIEY-UHFFFAOYSA-N,C5H3NO4,10,bains:Pedley,12,row1283,5-nitrofurfural,O=CC1=CC=C([N+]([O-])=O)O1,-35.2294,,True
O=Cc1ccco1,HYBBIBNJHNGZAN-UHFFFAOYSA-N,C5H4O2,7,bains:Pedley,12,row1284,furfural,O=Cc1occc1,-36.0899,,True
O=Cc1ccco1,HYBBIBNJHNGZAN-UHFFFAOYSA-N,C5H4O2,7,bains:Cox-1,13,row1284,furfural,O=Cc1occc1,-34.5000,,True
O=Cc1ccco1,HYBBIBNJHNGZAN-UHFFFAOYSA-N,C5H4O2,7,bains:Cox-2,13,row1284,furfural,O=Cc1occc1,-36.1000,,True
CC1=CC(=O)OC1=O,AYKYXWQEBUNJCN-UHFFFAOYSA-N,C5H4O3,8,bains:Pedley,12,row1285,methylmaleic anhydride,O=C(O1)C(C)=CC1=O,-106.8834,,True
CC1=CC(=O)OC1=O,AYKYXWQEBUNJCN-UHFFFAOYSA-N,C5H4O3,8,bains:Cox-1,13,row1285,methylmaleic anhydride,O=C(O1)C(C)=CC1=O,-106.8800,,True
O=C(O)c1ccco1,SMNDYUVBFMFKNZ-UHFFFAOYSA-N,C5H4O3,8,bains:Pedley,12,row1286,furoic acid,O=C(O)C1=CC=CO1,-93.1883,,True
O=C(O)c1ccco1,SMNDYUVBFMFKNZ-UHFFFAOYSA-N,C5H4O3,8,bains:Cox-1,13,row1286,furoic acid,O=C(O)C1=CC=CO1,-93.2000,,True
O=C(O)c1ccco1,SMNDYUVBFMFKNZ-UHFFFAOYSA-N,C5H4O3,8,bains:Cox-2,13,row1286,furoic acid,O=C(O)C1=CC=CO1,-94.4000,,True
N#C[CH-]C#N.c1cc[nH+]cc1,ADCBFAJTLMJGTB-UHFFFAOYSA-O,C8H7N3,11,bains:Cox-1,13,row1288,pyridinium dicyanomethylide,N#C[CH-]C#N.C1=CC=CC=[NH+]1,125.1000,,True
c1ccncc1,JUJWROOIHBZHMG-UHFFFAOYSA-N,C5H5N,6,bains:Pedley,12,row1289,pyridine,C1=NC=CC=C1,33.5564,,True
c1ccncc1,JUJWROOIHBZHMG-UHFFFAOYSA-N,C5H5N,6,bains:Cox-1,13,row1289,pyridine,C1=NC=CC=C1,34.6000,,True
c1ccncc1,JUJWROOIHBZHMG-UHFFFAOYSA-N,C5H5N,6,bains:Cox-2,13,row1289,pyridine,C1=NC=CC=C1,34.5500,,True
c1ccncc1,JUJWROOIHBZHMG-UHFFFAOYSA-N,C5H5N,6,bains:Winget,18,row1289,pyridine,C1=NC=CC=C1,33.5839,,True
c1ccncc1,JUJWROOIHBZHMG-UHFFFAOYSA-N,C5H5N,6,bains:Stewart,91,row1289,pyridine,C1=NC=CC=C1,34.5835,,True
c1ccncc1,JUJWROOIHBZHMG-UHFFFAOYSA-N,C5H5N,6,bains:Cioslowski,11,row1289,pyridine,C1=NC=CC=C1,33.6000,,True
c1ccncc1,JUJWROOIHBZHMG-UHFFFAOYSA-N,C5H5N,6,bains:NIST-1,14,row1289,pyridine,C1=NC=CC=C1,33.5086,,True
c1ccncc1,JUJWROOIHBZHMG-UHFFFAOYSA-N,C5H5N,6,bains:NIST-2,14,row1289,pyridine,C1=NC=CC=C1,33.6042,,True
c1ccncc1,JUJWROOIHBZHMG-UHFFFAOYSA-N,C5H5N,6,bains:NIST-3,14,row1289,pyridine,C1=NC=CC=C1,33.6281,,True
c1ccncc1,JUJWROOIHBZHMG-UHFFFAOYSA-N,C5H5N,6,bains:NIST-4,14,row1289,pyridine,C1=NC=CC=C1,26.3145,,True
N#CC12CC1C2,BPPMXXJOMACYJD-UHFFFAOYSA-N,C5H5N,6,bains:Pedley,12,row1290,bicyclo[1.1.0]butane-1-carbonitrile,N#CC12CC1C2,72.8011,,True
Nc1ncnc2nc[nH]c12,GFFGJBXGBJISGV-UHFFFAOYSA-N,C5H5N5,10,bains:Pedley,12,row1291,adenine,NC1=C2C(N=CN2)=NC=N1,48.9484,,True
O=C1C=CN=CC1,MPOYBFYHRQBZPM-UHFFFAOYSA-N,C5H5NO,7,bains:Pedley,12,row1292,4-pyridone,O=C1C=CN=CC1,-9.7514,,True
Oc1cccnc1,GRFNBEZIAWKNCO-UHFFFAOYSA-N,C5H5NO,7,bains:Pedley,12,row1293,3-hydroxypyridine,OC1=CC=CN=C1,-10.4446,,True
Oc1ccccn1,UBQKCCHYAOITMY-UHFFFAOYSA-N,C5H5NO,7,bains:Pedley,12,row1294,2-pyridinol,OC1=NC=CC=C1,-19.0488,,True
[O-][n+]1ccccc1,ILVXOBCQQYKLDS-UHFFFAOYSA-N,C5H5NO,7,bains:Cioslowski,11,row1295,pyridine 1-oxide,[O-][N+]1=CC=CC=C1,21.0000,,True
C1=CCC=C1,ZSWFCLXCOIISFI-UHFFFAOYSA-N,C5H6,5,bains:Pedley,12,row1296,"cyclopenta-1,3-diene",C1C=CC=C1,32.0985,,True
C1=CCC=C1,ZSWFCLXCOIISFI-UHFFFAOYSA-N,C5H6,5,bains:Cox-1,13,row1296,"cyclopenta-1,3-diene",C1C=CC=C1,31.9400,,True
C1=CCC=C1,ZSWFCLXCOIISFI-UHFFFAOYSA-N,C5H6,5,bains:Winget,18,row1296,"cyclopenta-1,3-diene",C1C=CC=C1,32.0847,,True
C1=CCC=C1,ZSWFCLXCOIISFI-UHFFFAOYSA-N,C5H6,5,bains:Stewart,91,row1296,"cyclopenta-1,3-diene",C1C=CC=C1,32.0847,,True
C1=CCC=C1,ZSWFCLXCOIISFI-UHFFFAOYSA-N,C5H6,5,bains:ATcT,10,row1296,"cyclopenta-1,3-diene",C1C=CC=C1,31.7232,,True
C1=CCC=C1,ZSWFCLXCOIISFI-UHFFFAOYSA-N,C5H6,5,bains:Cioslowski,11,row1296,"cyclopenta-1,3-diene",C1C=CC=C1,32.1000,,True
C1=CCC=C1,ZSWFCLXCOIISFI-UHFFFAOYSA-N,C5H6,5,bains:Yaws,90,row1296,"cyclopenta-1,3-diene",C1C=CC=C1,32.0985,,True
C1=CCC=C1,ZSWFCLXCOIISFI-UHFFFAOYSA-N,C5H6,5,bains:NIST-1,14,row1296,"cyclopenta-1,3-diene",C1C=CC=C1,33.2218,,True
C1=CCC=C1,ZSWFCLXCOIISFI-UHFFFAOYSA-N,C5H6,5,bains:NIST-2,14,row1296,"cyclopenta-1,3-diene",C1C=CC=C1,31.8834,,True
C1=CC2CC12,CGKPQMCLTLUAOW-UHFFFAOYSA-N,C5H6,5,bains:Cioslowski,11,row1297,bicyclo[2.1.0]pent-2-ene,C12C=CC1C2,79.8000,,True
C#CC1CC1,NPTDXPDGUHAFKC-UHFFFAOYSA-N,C5H6,5,bains:NIST-1,14,row1298,ethynylcyclopropane,C#CC1CC1,69.7897,,True
C#CC(=C)C,BOFLDKIFLIFLJA-UHFFFAOYSA-N,C5H6,5,bains:NIST-1,14,row1299,2-methylbut-1-en-3-yne,C=C(C#C)C,61.9025,,True
Cc1c[nH]c(=O)[nH]c1=O,RWQNBRDOKXIBIV-UHFFFAOYSA-N,C5H6N2O2,9,bains:Pedley,12,row1300,thymine,O=C(N1)NC=C(C)C1=O,-78.5612,,True
C=CC(=C)C(=O)O,GJIIAJVOYIPUPY-UHFFFAOYSA-N,C5H6O2,7,bains:Pedley,12,row1301,2-methylene-3-butenoic acid,C=CC(C(O)=O)=C,-69.2400,,True
OCc1ccco1,XPFVYQJUAUNWIW-UHFFFAOYSA-N,C5H6O2,7,bains:Pedley,12,row1302,furfuryl alcohol,OCC1=CC=CO1,-50.6214,,True
OCc1ccco1,XPFVYQJUAUNWIW-UHFFFAOYSA-N,C5H6O2,7,bains:Cox-1,13,row1302,furfuryl alcohol,OCC1=CC=CO1,-50.6200,,True
OCc1ccco1,XPFVYQJUAUNWIW-UHFFFAOYSA-N,C5H6O2,7,bains:Cox-2,13,row1302,furfuryl alcohol,OCC1=CC=CO1,-52.8000,,True
C/C(=C/C(=O)O)C(=O)O,HNEGQIOMVPPMNR-IHWYPQMZSA-N,C5H6O4,9,bains:Yaws,90,row1303,citraconic acid,C/C(C(O)=O)=C/C(O)=O,-176.8642,,True
C/C=C/CC#N,UVKXJAUUKPDDNW-NSCUHMNNSA-N,C5H7N,6,bains:Pedley,12,row1308,(E)-3-pentenenitrile,C/C=C/CC#N,30.0191,,True
CC/C=C/C#N,ISBHMJZRKAFTGE-ONEGZZNKSA-N,C5H7N,6,bains:Pedley,12,row1309,(E)-2-pentenenitrile,CC/C=C/C#N,28.6329,,True
Cn1cccc1,OXHNLMTVIGZXSG-UHFFFAOYSA-N,C5H7N,6,bains:Pedley,12,row1310,1-methyl-1H-pyrrole,CN1C=CC=C1,24.6415,,True
Cn1cccc1,OXHNLMTVIGZXSG-UHFFFAOYSA-N,C5H7N,6,bains:Winget,18,row1310,1-methyl-1H-pyrrole,CN1C=CC=C1,24.5882,,True
Cn1cccc1,OXHNLMTVIGZXSG-UHFFFAOYSA-N,C5H7N,6,bains:NIST-1,14,row1310,1-methyl-1H-pyrrole,CN1C=CC=C1,24.6415,,True
N#CC1CCC1,GFBLFDSCAKHHGX-UHFFFAOYSA-N,C5H7N,6,bains:Pedley,12,row1311,cyclobutanecarbonitrile,N#CC1CCC1,34.2017,,True
N#CC1CCC1,GFBLFDSCAKHHGX-UHFFFAOYSA-N,C5H7N,6,bains:NIST-1,14,row1311,cyclobutanecarbonitrile,N#CC1CCC1,35.2055,,True
N#CC1CCC1,GFBLFDSCAKHHGX-UHFFFAOYSA-N,C5H7N,6,bains:NIST-2,14,row1311,cyclobutanecarbonitrile,N#CC1CCC1,34.1778,,True
Cc1cc(C)on1,FICAQKBMCKEFDI-UHFFFAOYSA-N,C5H7NO,7,bains:Pedley,12,row1312,"3,5-dimethylisoxazole",Cc1onc(C)c1,-4.2782,,True
Cc1cc(C)on1,FICAQKBMCKEFDI-UHFFFAOYSA-N,C5H7NO,7,bains:Cox-1,13,row1312,"3,5-dimethylisoxazole",Cc1onc(C)c1,-4.3000,,True
CCOC(=O)CC#N,ZIUSEGSNTOUIPT-UHFFFAOYSA-N,C5H7NO2,8,bains:Yaws,90,row1313,ethyl cyanoacetate,O=C(OCC)CC#N,-75.5593,,True
C1=CCCC1,LPIQUOYDBNQMRZ-UHFFFAOYSA-N,C5H8,5,bains:Pedley,12,row1314,cyclopentene,C1CCC=C1,8.1023,,True
C1=CCCC1,LPIQUOYDBNQMRZ-UHFFFAOYSA-N,C5H8,5,bains:Cox-1,13,row1314,cyclopentene,C1CCC=C1,7.7400,,True
C1=CCCC1,LPIQUOYDBNQMRZ-UHFFFAOYSA-N,C5H8,5,bains:Cox-2,13,row1314,cyclopentene,C1CCC=C1,7.6500,,True
C1=CCCC1,LPIQUOYDBNQMRZ-UHFFFAOYSA-N,C5H8,5,bains:Cox-3,13,row1314,cyclopentene,C1CCC=C1,8.2300,,True
C1=CCCC1,LPIQUOYDBNQMRZ-UHFFFAOYSA-N,C5H8,5,bains:Cox-4,13,row1314,cyclopentene,C1CCC=C1,8.2300,,True
C1=CCCC1,LPIQUOYDBNQMRZ-UHFFFAOYSA-N,C5H8,5,bains:Winget,18,row1314,cyclopentene,C1CCC=C1,8.2960,,True
C1=CCCC1,LPIQUOYDBNQMRZ-UHFFFAOYSA-N,C5H8,5,bains:Stewart,91,row1314,cyclopentene,C1CCC=C1,8.2960,,True
C1=CCCC1,LPIQUOYDBNQMRZ-UHFFFAOYSA-N,C5H8,5,bains:ATcT,10,row1314,cyclopentene,C1CCC=C1,8.0832,,True
C1=CCCC1,LPIQUOYDBNQMRZ-UHFFFAOYSA-N,C5H8,5,bains:Cioslowski,11,row1314,cyclopentene,C1CCC=C1,8.1000,,True
C1=CCCC1,LPIQUOYDBNQMRZ-UHFFFAOYSA-N,C5H8,5,bains:Yaws,90,row1314,cyclopentene,C1CCC=C1,8.1023,,True
C1=CCCC1,LPIQUOYDBNQMRZ-UHFFFAOYSA-N,C5H8,5,bains:NIST-1,14,row1314,cyclopentene,C1CCC=C1,8.6042,,True
C1=CCCC1,LPIQUOYDBNQMRZ-UHFFFAOYSA-N,C5H8,5,bains:NIST-2,14,row1314,cyclopentene,C1CCC=C1,8.1262,,True
C1=CCCC1,LPIQUOYDBNQMRZ-UHFFFAOYSA-N,C5H8,5,bains:NIST-3,14,row1314,cyclopentene,C1CCC=C1,7.7916,,True
C1=CCCC1,LPIQUOYDBNQMRZ-UHFFFAOYSA-N,C5H8,5,bains:NIST-4,14,row1314,cyclopentene,C1CCC=C1,7.9350,,True
C1CC12CC2,OGNAOIGAPPSUMG-UHFFFAOYSA-N,C5H8,5,bains:Pedley,12,row1315,spiro[2.2]pentane,C12(CC2)CC1,44.2639,,True
C1CC12CC2,OGNAOIGAPPSUMG-UHFFFAOYSA-N,C5H8,5,bains:Cox-1,13,row1315,spiro[2.2]pentane,C12(CC2)CC1,44.2500,,True
C1CC12CC2,OGNAOIGAPPSUMG-UHFFFAOYSA-N,C5H8,5,bains:Cox-2,13,row1315,spiro[2.2]pentane,C12(CC2)CC1,41.8400,,True
C1CC12CC2,OGNAOIGAPPSUMG-UHFFFAOYSA-N,C5H8,5,bains:Cox-3,13,row1315,spiro[2.2]pentane,C12(CC2)CC1,44.2500,,True
C1CC12CC2,OGNAOIGAPPSUMG-UHFFFAOYSA-N,C5H8,5,bains:Winget,18,row1315,spiro[2.2]pentane,C12(CC2)CC1,44.2788,,True
C1CC12CC2,OGNAOIGAPPSUMG-UHFFFAOYSA-N,C5H8,5,bains:Stewart,91,row1315,spiro[2.2]pentane,C12(CC2)CC1,44.2788,,True
C1CC12CC2,OGNAOIGAPPSUMG-UHFFFAOYSA-N,C5H8,5,bains:Cioslowski,11,row1315,spiro[2.2]pentane,C12(CC2)CC1,44.3000,,True
C1CC12CC2,OGNAOIGAPPSUMG-UHFFFAOYSA-N,C5H8,5,bains:NIST-1,14,row1315,spiro[2.2]pentane,C12(CC2)CC1,44.2400,,True
C1CC2CC12,MHLPKAGDPWUOOT-UHFFFAOYSA-N,C5H8,5,bains:Winget,18,row1316,bicyclo[2.1.0]pentane,C12CC1CC2,37.2822,,True
C1CC2CC12,MHLPKAGDPWUOOT-UHFFFAOYSA-N,C5H8,5,bains:Stewart,91,row1316,bicyclo[2.1.0]pentane,C12CC1CC2,37.2822,,True
C1CC2CC12,MHLPKAGDPWUOOT-UHFFFAOYSA-N,C5H8,5,bains:Cioslowski,11,row1316,bicyclo[2.1.0]pentane,C12CC1CC2,37.8000,,True
C1CC2CC12,MHLPKAGDPWUOOT-UHFFFAOYSA-N,C5H8,5,bains:NIST-1,14,row1316,bicyclo[2.1.0]pentane,C12CC1CC2,37.7629,,True
C=CC1CC1,YIWFBNMYFYINAD-UHFFFAOYSA-N,C5H8,5,bains:NIST-1,14,row1317,vinylcyclopropane,C=CC1CC1,30.3537,,True
C=CC1CC1,YIWFBNMYFYINAD-UHFFFAOYSA-N,C5H8,5,bains:NIST-2,14,row1317,vinylcyclopropane,C=CC1CC1,31.3576,,True
C#CCCC,IBXNCJKFFQIKKY-UHFFFAOYSA-N,C5H8,5,bains:NIST-1,14,row1318,pent-1-yne,CCCC#C,34.4885,,True
C=CCC=C,QYZLKGVUSQXAMU-UHFFFAOYSA-N,C5H8,5,bains:Pedley,12,row1319,"penta-1,4-diene",C=CCC=C,25.2390,,True
C=CCC=C,QYZLKGVUSQXAMU-UHFFFAOYSA-N,C5H8,5,bains:Cox-1,13,row1319,"penta-1,4-diene",C=CCC=C,25.4200,,True
C=CCC=C,QYZLKGVUSQXAMU-UHFFFAOYSA-N,C5H8,5,bains:Cox-2,13,row1319,"penta-1,4-diene",C=CCC=C,25.0800,,True
C=CCC=C,QYZLKGVUSQXAMU-UHFFFAOYSA-N,C5H8,5,bains:Cox-3,13,row1319,"penta-1,4-diene",C=CCC=C,25.2500,,True
C=CCC=C,QYZLKGVUSQXAMU-UHFFFAOYSA-N,C5H8,5,bains:Winget,18,row1319,"penta-1,4-diene",C=CCC=C,25.2879,,True
C=CCC=C,QYZLKGVUSQXAMU-UHFFFAOYSA-N,C5H8,5,bains:Stewart,91,row1319,"penta-1,4-diene",C=CCC=C,25.2879,,True
C=CCC=C,QYZLKGVUSQXAMU-UHFFFAOYSA-N,C5H8,5,bains:Cioslowski,11,row1319,"penta-1,4-diene",C=CCC=C,25.2000,,True
C=CCC=C,QYZLKGVUSQXAMU-UHFFFAOYSA-N,C5H8,5,bains:NIST-1,14,row1319,"penta-1,4-diene",C=CCC=C,25.4063,,True
CC=C=CC,PODAMDNJNMAKAZ-UHFFFAOYSA-N,C5H8,5,bains:Pedley,12,row1320,"penta-2,3-diene",CC=C=CC,31.8117,,True
CC=C=CC,PODAMDNJNMAKAZ-UHFFFAOYSA-N,C5H8,5,bains:Cox-1,13,row1320,"penta-2,3-diene",CC=C=CC,31.8000,,True
CC=C=CC,PODAMDNJNMAKAZ-UHFFFAOYSA-N,C5H8,5,bains:NIST-1,14,row1320,"penta-2,3-diene",CC=C=CC,31.7878,,True
C=CC=CC,PMJHHCWVYXUKFD-UHFFFAOYSA-N,C5H8,5,bains:Pedley,12,row1321,"penta-1,3-diene",CC=CC=C,18.1883,,True
C=CC=CC,PMJHHCWVYXUKFD-UHFFFAOYSA-N,C5H8,5,bains:Cox-1,13,row1321,"penta-1,3-diene",CC=CC=C,18.1200,,True
C=CC=CC,PMJHHCWVYXUKFD-UHFFFAOYSA-N,C5H8,5,bains:Cox-2,13,row1321,"penta-1,3-diene",CC=CC=C,19.1300,,True
C=CC=CC,PMJHHCWVYXUKFD-UHFFFAOYSA-N,C5H8,5,bains:Cox-3,13,row1321,"penta-1,3-diene",CC=CC=C,19.1300,,True
C=CC=CC,PMJHHCWVYXUKFD-UHFFFAOYSA-N,C5H8,5,bains:Winget,18,row1321,"penta-1,3-diene",CC=CC=C,19.0909,,True
C=CC=CC,PMJHHCWVYXUKFD-UHFFFAOYSA-N,C5H8,5,bains:Stewart,91,row1321,"penta-1,3-diene",CC=CC=C,18.0913,,True
C=CC=CC,PMJHHCWVYXUKFD-UHFFFAOYSA-N,C5H8,5,bains:Cioslowski,11,row1321,"penta-1,3-diene",CC=CC=C,18.2000,,True
CC#CCC,NKTDTMONXHODTI-UHFFFAOYSA-N,C5H8,5,bains:NIST-1,14,row1322,pent-2-yne,CC#CCC,30.8078,,True
C=C=CCC,LVMTVPFRTKXRPH-UHFFFAOYSA-N,C5H8,5,bains:Pedley,12,row1323,"penta-1,2-diene",C=C=CCC,33.6281,,True
C=C=CCC,LVMTVPFRTKXRPH-UHFFFAOYSA-N,C5H8,5,bains:Cox-1,13,row1323,"penta-1,2-diene",C=C=CCC,33.6200,,True
C=C=CCC,LVMTVPFRTKXRPH-UHFFFAOYSA-N,C5H8,5,bains:NIST-1,14,row1323,"penta-1,2-diene",C=C=CCC,33.6042,,True
CC1=C(C)C1,QWKHRBFLFYXNDY-UHFFFAOYSA-N,C5H8,5,bains:Winget,18,row1324,"1,2-Dimethylcyclopropene",CC1=C(C)C1,46.3778,,True
CC1=C(C)C1,QWKHRBFLFYXNDY-UHFFFAOYSA-N,C5H8,5,bains:Stewart,91,row1324,"1,2-Dimethylcyclopropene",CC1=C(C)C1,46.3778,,True
C#CC(C)C,USCSRAJGJYMJFZ-UHFFFAOYSA-N,C5H8,5,bains:NIST-1,14,row1325,3-methylbut-1-yne,CC(C#C)C,32.6004,,True
C=C=C(C)C,PAKGDPSCXSUALC-UHFFFAOYSA-N,C5H8,5,bains:NIST-1,14,row1326,"3-methylbuta-1,2-diene",C=C=C(C)C,30.8485,,True
C=C=C(C)C,PAKGDPSCXSUALC-UHFFFAOYSA-N,C5H8,5,bains:NIST-2,14,row1326,"3-methylbuta-1,2-diene",C=C=C(C)C,30.8556,,True
C=CC(=C)C,RRHGJUQNOFWUDK-UHFFFAOYSA-N,C5H8,5,bains:Pedley,12,row1327,isoprene,C=C(C=C)C,18.0449,,True
C=CC(=C)C,RRHGJUQNOFWUDK-UHFFFAOYSA-N,C5H8,5,bains:Cox-1,13,row1327,isoprene,C=C(C=C)C,18.1000,,True
C=CC(=C)C,RRHGJUQNOFWUDK-UHFFFAOYSA-N,C5H8,5,bains:Cox-2,13,row1327,isoprene,C=C(C=C)C,17.7200,,True
C=CC(=C)C,RRHGJUQNOFWUDK-UHFFFAOYSA-N,C5H8,5,bains:Cox-3,13,row1327,isoprene,C=C(C=C)C,18.0600,,True
C=CC(=C)C,RRHGJUQNOFWUDK-UHFFFAOYSA-N,C5H8,5,bains:Winget,18,row1327,isoprene,C=C(C=C)C,17.9914,,True
C=CC(=C)C,RRHGJUQNOFWUDK-UHFFFAOYSA-N,C5H8,5,bains:ATcT,10,row1327,isoprene,C=C(C=C)C,18.0306,,True
C=CC(=C)C,RRHGJUQNOFWUDK-UHFFFAOYSA-N,C5H8,5,bains:NIST-1,14,row1327,isoprene,C=C(C=C)C,18.0927,,True
C=C1CCC1,QIRVGKYPAOQVNP-UHFFFAOYSA-N,C5H8,5,bains:Pedley,12,row1328,methylenecyclobutane,C=C1CCC1,29.0392,,True
C=C1CCC1,QIRVGKYPAOQVNP-UHFFFAOYSA-N,C5H8,5,bains:Winget,18,row1328,methylenecyclobutane,C=C1CCC1,29.0861,,True
C=C1CCC1,QIRVGKYPAOQVNP-UHFFFAOYSA-N,C5H8,5,bains:Stewart,91,row1328,methylenecyclobutane,C=C1CCC1,29.0861,,True
C=C1CCC1,QIRVGKYPAOQVNP-UHFFFAOYSA-N,C5H8,5,bains:NIST-1,14,row1328,methylenecyclobutane,C=C1CCC1,25.3346,,True
C=C1CCC1,QIRVGKYPAOQVNP-UHFFFAOYSA-N,C5H8,5,bains:NIST-2,14,row1328,methylenecyclobutane,C=C1CCC1,29.0392,,True
C1CC2CC1N=N2,IJDUBDHNOXAHCQ-UHFFFAOYSA-N,C5H8N2,7,bains:Pedley,12,row1331,"2,3-diazabicyclo[2.2.1]hept-2-ene",C1(C2)N=NC2CC1,49.5459,,True
Cc1noc(N)c1C,PYNDWPFZDQONDV-UHFFFAOYSA-N,C5H8N2O,8,bains:Pedley,12,row1332,"5-amino-3,4-dimethyl-isoxazole",CC1=C(N)ON=C1C,1.2428,,True
O=[N+]([O-])OCC(CO[N+](=O)[O-])(CO[N+](=O)[O-])CO[N+](=O)[O-],TZRXHJWUDPFEEY-UHFFFAOYSA-N,C5H8N4O12,21,bains:Winget,18,row1333,pentaerythritoltetranitrate,O=[N+]([O-])OCC(CO[N+]([O-])=O)(CO[N+]([O-])=O)CO[N+]([O-])=O,-92.4558,,True
C1CC2OC2C1,GJEZBVHHZQAEDB-UHFFFAOYSA-N,C5H8O,6,bains:NIST-1,14,row1334,6-oxabicyclo[3.1.0]hexane,C1(CCC2)C2O1,-23.2075,,True
C1=COCCC1,BUDQDWGNQVEFAC-UHFFFAOYSA-N,C5H8O,6,bains:Pedley,12,row1335,dihydropyran,C1COC=CC1,-29.8996,,True
C1=COCCC1,BUDQDWGNQVEFAC-UHFFFAOYSA-N,C5H8O,6,bains:Cox-1,13,row1335,dihydropyran,C1COC=CC1,-29.9000,,True
CC=CC(C)=O,LABTWGUMFABVFG-UHFFFAOYSA-N,C5H8O,6,bains:NIST-1,14,row1336,pent-3-en-2-one,CC=CC(C)=O,-32.5048,,True
C=C(C=O)CC,GMLDCZYTIPCVMO-UHFFFAOYSA-N,C5H8O,6,bains:NIST-1,14,row1337,2-methylenebutanal,O=CC(CC)=C,-31.3576,,True
CC(=O)C1CC1,HVCFCNAITDHQFX-UHFFFAOYSA-N,C5H8O,6,bains:NIST-1,14,row1338,1-cyclopropylethan-1-one,CC(C1CC1)=O,-27.5574,,True
CC1=CCCO1,BGCWDXXJMUHZHE-UHFFFAOYSA-N,C5H8O,6,bains:NIST-1,14,row1339,"5-methyl-2,3-dihydrofuran",CC1=CCCO1,-29.3021,,True
CC1=CCCO1,BGCWDXXJMUHZHE-UHFFFAOYSA-N,C5H8O,6,bains:NIST-2,14,row1339,"5-methyl-2,3-dihydrofuran",CC1=CCCO1,-31.1185,,True
O=C1CCCC1,BGTOWKSIORTVQH-UHFFFAOYSA-N,C5H8O,6,bains:Pedley,12,row1340,cyclopentanone,C(C1)C(=O)C(C1),-45.9130,,True
O=C1CCCC1,BGTOWKSIORTVQH-UHFFFAOYSA-N,C5H8O,6,bains:Cox-1,13,row1340,cyclopentanone,C(C1)C(=O)C(C1),-46.3400,,True
O=C1CCCC1,BGTOWKSIORTVQH-UHFFFAOYSA-N,C5H8O,6,bains:Cox-2,13,row1340,cyclopentanone,C(C1)C(=O)C(C1),-45.7200,,True
O=C1CCCC1,BGTOWKSIORTVQH-UHFFFAOYSA-N,C5H8O,6,bains:Cox-3,13,row1340,cyclopentanone,C(C1)C(=O)C(C1),-46.0300,,True
O=C1CCCC1,BGTOWKSIORTVQH-UHFFFAOYSA-N,C5H8O,6,bains:Winget,18,row1340,cyclopentanone,C(C1)C(=O)C(C1),-45.9780,,True
O=C1CCCC1,BGTOWKSIORTVQH-UHFFFAOYSA-N,C5H8O,6,bains:Yaws,90,row1340,cyclopentanone,C(C1)C(=O)C(C1),-45.9130,,True
O=C1CCCC1,BGTOWKSIORTVQH-UHFFFAOYSA-N,C5H8O,6,bains:NIST-1,14,row1340,cyclopentanone,C(C1)C(=O)C(C1),-47.1797,,True
O=C1CCCC1,BGTOWKSIORTVQH-UHFFFAOYSA-N,C5H8O,6,bains:NIST-2,14,row1340,cyclopentanone,C(C1)C(=O)C(C1),-46.5583,,True
O=C1CCCC1,BGTOWKSIORTVQH-UHFFFAOYSA-N,C5H8O,6,bains:NIST-3,14,row1340,cyclopentanone,C(C1)C(=O)C(C1),-46.1281,,True
C/C=C/C(=O)OC,MCVVUJPXSBQTRZ-ONEGZZNKSA-N,C5H8O2,7,bains:Pedley,12,row1341,methyl crotonate,C/C=C/C(OC)=O,-81.7161,,True
C/C=C/C(=O)OC,MCVVUJPXSBQTRZ-ONEGZZNKSA-N,C5H8O2,7,bains:Cox-1,13,row1341,methyl crotonate,C/C=C/C(OC)=O,-81.7000,,True
C=CCOC(C)=O,FWZUNOYOVVKUNF-UHFFFAOYSA-N,C5H8O2,7,bains:Yaws,90,row1342,allyl acetate,CC(OCC=C)=O,-79.8279,,True
C=CC(=O)OCC,JIGUQPWFLRLWPJ-UHFFFAOYSA-N,C5H8O2,7,bains:Yaws,90,row1343,ethyl acrylate,C=CC(OCC)=O,-83.5397,,True
CC(=O)CC(C)=O,YRKCREAYFQTBPV-UHFFFAOYSA-N,C5H8O2,7,bains:Pedley,12,row1344,acetylacetone,CC(CC(C)=O)=O,-90.9656,,True
CC(=O)CC(C)=O,YRKCREAYFQTBPV-UHFFFAOYSA-N,C5H8O2,7,bains:Cox-1,13,row1344,acetylacetone,CC(CC(C)=O)=O,-90.4700,,True
CC(=O)CC(C)=O,YRKCREAYFQTBPV-UHFFFAOYSA-N,C5H8O2,7,bains:Winget,18,row1344,acetylacetone,CC(CC(C)=O)=O,-90.4567,,True
CC(=O)CC(C)=O,YRKCREAYFQTBPV-UHFFFAOYSA-N,C5H8O2,7,bains:Stewart,91,row1344,acetylacetone,CC(CC(C)=O)=O,-90.4567,,True
CC(=O)CC(C)=O,YRKCREAYFQTBPV-UHFFFAOYSA-N,C5H8O2,7,bains:Yaws,90,row1344,acetylacetone,CC(CC(C)=O)=O,-90.8222,,True
CCCCC#N,RFFFKMOABOFIDF-UHFFFAOYSA-N,C5H9N,6,bains:NIST-1,14,row1418,pentanenitrile,CCCCC#N,2.6530,,True
C1=CCNCC1,FTAHXMZRJCZXDL-UHFFFAOYSA-N,C5H9N,6,bains:NIST-1,14,row1419,"1,2,3,6-tetrahydropyridine",C1CC=CCN1,7.1702,,True
[C-]#[N+]CCCC,FSBLVBBRXSCOKU-UHFFFAOYSA-N,C5H9N,6,bains:Yaws,90,row1420,butyl isocyanide,CCCC[N+]#[C-],9.5602,,True
CCC(C)C#N,RCEJCSULJQNRQQ-UHFFFAOYSA-N,C5H9N,6,bains:NIST-1,14,row1421,2-methylbutanenitrile,CCC(C)C#N,0.5736,,True
[C-]#[N+]C(C)CC,WMMGIBWFZLSMHE-UHFFFAOYSA-N,C5H9N,6,bains:Yaws,90,row1422,sec-butyl isocyanide,CCC([N+]#[C-])C,9.5602,,True
CC(C)(C)C#N,JAMNHZBIQDNHMM-UHFFFAOYSA-N,C5H9N,6,bains:Pedley,12,row1423,pivalonitrile,CC(C)(C)C#N,2.5096,,True
CC(C)(C)C#N,JAMNHZBIQDNHMM-UHFFFAOYSA-N,C5H9N,6,bains:Yaws,90,row1423,pivalonitrile,CC(C)(C)C#N,-0.5975,,True
CC(C)(C)C#N,JAMNHZBIQDNHMM-UHFFFAOYSA-N,C5H9N,6,bains:NIST-1,14,row1423,pivalonitrile,CC(C)(C)C#N,-0.7887,,True
[C-]#[N+]C(C)(C)C,FAGLEPBREOXSAC-UHFFFAOYSA-N,C5H9N,6,bains:Yaws,90,row1424,tert-butyl isocyanide,CC(C)([N+]#[C-])C,9.5602,,True
[N-]=[N+]=NC1CCCC1,SSJIACUDWJVGLB-UHFFFAOYSA-N,C5H9N3,8,bains:Pedley,12,row1425,cyclopentyl azide,[N-]=[N+]=NC1CCCC1,52.7964,,True
[N-]=[N+]=NC1CCCC1,SSJIACUDWJVGLB-UHFFFAOYSA-N,C5H9N3,8,bains:Cox-1,13,row1425,cyclopentyl azide,[N-]=[N+]=NC1CCCC1,52.8000,,True
CCCCN=C=O,HNHVTXYLRVGMHD-UHFFFAOYSA-N,C5H9NO,7,bains:Yaws,90,row1426,butyl isocyanate,CCCCN=C=O,-30.3537,,True
CCC1=NCCO1,NYEZZYQZRQDLEH-UHFFFAOYSA-N,C5H9NO,7,bains:Pedley,12,row1427,2-ethyl-2-oxazoline,CCC1=NCCO1,-35.5880,,True
O=C(O)[C@@H]1CCCN1,ONIBWKKTOPOVIA-BYPYZUCNSA-N,C5H9NO2,8,bains:Pedley,12,row1428,proline,O=C(O)[C@H]1NCCC1,-87.5239,,True
N[C@@H](CCC(=O)O)C(=O)O,WHUUTDBJXJRKMK-VKHMYHEASA-N,C5H9NO4,10,bains:Yaws,90,row1429,l-glutamic acid,N[C@@H](CCC(O)=O)C(O)=O,-196.9407,,True
N#CC=C(C#N)C#N,ZRSVHSCCNNSGKM-UHFFFAOYSA-N,C5HN3,8,bains:Pedley,12,row1430,tricyanoethylene,N#CC=C(C#N)C#N,124.3786,,True
N#CC=C(C#N)C#N,ZRSVHSCCNNSGKM-UHFFFAOYSA-N,C5HN3,8,bains:Cox-1,13,row1430,tricyanoethylene,N#CC=C(C#N)C#N,124.4000,,True
N#CC(C#N)(C#N)C#N,XKGUKYPCHPHAJL-UHFFFAOYSA-N,C5N4,9,bains:Pedley,12,row1431,methanetetracarbonitrile,N#CC(C#N)(C#N)C#N,160.7792,,True
N#CC(C#N)(C#N)C#N,XKGUKYPCHPHAJL-UHFFFAOYSA-N,C5N4,9,bains:Cioslowski,11,row1431,methanetetracarbonitrile,N#CC(C#N)(C#N)C#N,160.8000,,True
C1=CCCCC1,HGCIXCUEYOPUTN-UHFFFAOYSA-N,C6H10,6,bains:Pedley,12,row1439,cyclohexene,C1CCC=CC1,-1.1950,,True
C1=CCCCC1,HGCIXCUEYOPUTN-UHFFFAOYSA-N,C6H10,6,bains:Cox-1,13,row1439,cyclohexene,C1CCC=CC1,-1.2600,,True
C1=CCCCC1,HGCIXCUEYOPUTN-UHFFFAOYSA-N,C6H10,6,bains:Cox-2,13,row1439,cyclohexene,C1CCC=CC1,-1.0800,,True
C1=CCCCC1,HGCIXCUEYOPUTN-UHFFFAOYSA-N,C6H10,6,bains:Cox-3,13,row1439,cyclohexene,C1CCC=CC1,-1.1500,,True
C1=CCCCC1,HGCIXCUEYOPUTN-UHFFFAOYSA-N,C6H10,6,bains:Cox-4,13,row1439,cyclohexene,C1CCC=CC1,-0.4600,,True
C1=CCCCC1,HGCIXCUEYOPUTN-UHFFFAOYSA-N,C6H10,6,bains:Cox-5,13,row1439,cyclohexene,C1CCC=CC1,-1.0800,,True
C1=CCCCC1,HGCIXCUEYOPUTN-UHFFFAOYSA-N,C6H10,6,bains:Winget,18,row1439,cyclohexene,C1CCC=CC1,-1.0995,,True
C1=CCCCC1,HGCIXCUEYOPUTN-UHFFFAOYSA-N,C6H10,6,bains:Stewart,91,row1439,cyclohexene,C1CCC=CC1,-1.0995,,True
C1=CCCCC1,HGCIXCUEYOPUTN-UHFFFAOYSA-N,C6H10,6,bains:Yaws,90,row1439,cyclohexene,C1CCC=CC1,-1.1950,,True
C1=CCCCC1,HGCIXCUEYOPUTN-UHFFFAOYSA-N,C6H10,6,bains:NIST-1,14,row1439,cyclohexene,C1CCC=CC1,-1.0325,,True
C1=CCCCC1,HGCIXCUEYOPUTN-UHFFFAOYSA-N,C6H10,6,bains:NIST-2,14,row1439,cyclohexene,C1CCC=CC1,-1.1233,,True
C1=CCCCC1,HGCIXCUEYOPUTN-UHFFFAOYSA-N,C6H10,6,bains:NIST-3,14,row1439,cyclohexene,C1CCC=CC1,-1.2667,,True
C1=CCCCC1,HGCIXCUEYOPUTN-UHFFFAOYSA-N,C6H10,6,bains:NIST-4,14,row1439,cyclohexene,C1CCC=CC1,-1.6969,,True
C1CC1C1CC1,PGPFRBIKUWKSTJ-UHFFFAOYSA-N,C6H10,6,bains:Pedley,12,row1440,"1,1'-bi(cyclopropane)",C1(C2CC2)CC1,30.9273,,True
C1CC1C1CC1,PGPFRBIKUWKSTJ-UHFFFAOYSA-N,C6H10,6,bains:Cox-1,13,row1440,"1,1'-bi(cyclopropane)",C1(C2CC2)CC1,30.9000,,True
C1CC1C1CC1,PGPFRBIKUWKSTJ-UHFFFAOYSA-N,C6H10,6,bains:Winget,18,row1440,"1,1'-bi(cyclopropane)",C1(C2CC2)CC1,30.8852,,True
C1CC1C1CC1,PGPFRBIKUWKSTJ-UHFFFAOYSA-N,C6H10,6,bains:Cioslowski,11,row1440,"1,1'-bi(cyclopropane)",C1(C2CC2)CC1,30.9000,,True
C1CC1C1CC1,PGPFRBIKUWKSTJ-UHFFFAOYSA-N,C6H10,6,bains:NIST-1,14,row1440,"1,1'-bi(cyclopropane)",C1(C2CC2)CC1,31.0707,,True
C1CC2CC2C1,JAPMJSVZDUYFKL-UHFFFAOYSA-N,C6H10,6,bains:Add Lit 1,17,row1441,bicyclo[3.1.0]hexane,C12CC1CCC2,9.2956,,True
C1CC2CC2C1,JAPMJSVZDUYFKL-UHFFFAOYSA-N,C6H10,6,bains:Pedley,12,row1441,bicyclo[3.1.0]hexane,C12CC1CCC2,9.1539,,True
C1CC2CC2C1,JAPMJSVZDUYFKL-UHFFFAOYSA-N,C6H10,6,bains:Cox-1,13,row1441,bicyclo[3.1.0]hexane,C12CC1CCC2,9.0900,,True
C1CC2CC2C1,JAPMJSVZDUYFKL-UHFFFAOYSA-N,C6H10,6,bains:NIST-1,14,row1441,bicyclo[3.1.0]hexane,C12CC1CCC2,9.3212,,True
C1CC2CCC12,YZLCEXRVQZNGEK-UHFFFAOYSA-N,C6H10,6,bains:Cioslowski,11,row1442,bicyclo[2.2.0]hexane,C12CCC1CC2,29.8000,,True
C#CCCCC,CGHIBGNXEGJPQZ-UHFFFAOYSA-N,C6H10,6,bains:NIST-1,14,row1443,hex-1-yne,CCCCC#C,29.2304,,True
CC#CCCC,MELUCTCJOARQQG-UHFFFAOYSA-N,C6H10,6,bains:NIST-1,14,row1444,hex-2-yne,CC#CCCC,25.7409,,True
C=CCCC=C,PYGSKMBEVAICCR-UHFFFAOYSA-N,C6H10,6,bains:Pedley,12,row1445,"hexa-1,5-diene",C=CCCC=C,20.1004,,True
C=CCCC=C,PYGSKMBEVAICCR-UHFFFAOYSA-N,C6H10,6,bains:Cox-1,13,row1445,"hexa-1,5-diene",C=CCCC=C,20.1100,,True
C=CCCC=C,PYGSKMBEVAICCR-UHFFFAOYSA-N,C6H10,6,bains:Winget,18,row1445,"hexa-1,5-diene",C=CCCC=C,20.0904,,True
C=CCCC=C,PYGSKMBEVAICCR-UHFFFAOYSA-N,C6H10,6,bains:Stewart,91,row1445,"hexa-1,5-diene",C=CCCC=C,20.0904,,True
C=CCCC=C,PYGSKMBEVAICCR-UHFFFAOYSA-N,C6H10,6,bains:ATcT,10,row1445,"hexa-1,5-diene",C=CCCC=C,20.0167,,True
C=CCCC=C,PYGSKMBEVAICCR-UHFFFAOYSA-N,C6H10,6,bains:NIST-1,14,row1445,"hexa-1,5-diene",C=CCCC=C,20.3155,,True
CCC#CCC,DQQNMIPXXNPGCV-UHFFFAOYSA-N,C6H10,6,bains:NIST-1,14,row1446,hex-3-yne,CCC#CCC,25.1912,,True
C=CC1CC1C,JVVPJIPOOZHNTM-UHFFFAOYSA-N,C6H10,6,bains:NIST-1,14,row1447,1-methyl-2-vinylcyclopropane,CC1CC1C=C,24.6176,,True
C=CC(=C)CC,IGLWCQMNTGCUBB-UHFFFAOYSA-N,C6H10,6,bains:Yaws,90,row1448,3-methylenepent-1-ene,C=C(C=C)CC,17.6625,,True
C=CC(=C)CC,IGLWCQMNTGCUBB-UHFFFAOYSA-N,C6H10,6,bains:NIST-1,14,row1448,3-methylenepent-1-ene,C=C(C=C)CC,15.2008,,True
C=C(C)C(=C)C,SDJHPPZKZZWAKF-UHFFFAOYSA-N,C6H10,6,bains:Pedley,12,row1449,"2,3-dimethyl-1,3-butadiene",C=C(C)C(C)=C,10.7792,,True
C=C(C)C(=C)C,SDJHPPZKZZWAKF-UHFFFAOYSA-N,C6H10,6,bains:Cox-1,13,row1449,"2,3-dimethyl-1,3-butadiene",C=C(C)C(C)=C,10.7800,,True
C=C(C)C(=C)C,SDJHPPZKZZWAKF-UHFFFAOYSA-N,C6H10,6,bains:Winget,18,row1449,"2,3-dimethyl-1,3-butadiene",C=C(C)C(C)=C,10.7948,,True
C=C(C)C(=C)C,SDJHPPZKZZWAKF-UHFFFAOYSA-N,C6H10,6,bains:Stewart,91,row1449,"2,3-dimethyl-1,3-butadiene",C=C(C)C(C)=C,10.7948,,True
C=C(C)C(=C)C,SDJHPPZKZZWAKF-UHFFFAOYSA-N,C6H10,6,bains:Yaws,90,row1449,"2,3-dimethyl-1,3-butadiene",C=C(C)C(C)=C,10.7792,,True
CC1=C(C)CC1,PUAKTHBSHFXVAG-UHFFFAOYSA-N,C6H10,6,bains:Winget,18,row1450,"1,2- Dimethylcyclobutene",CC1=C(C)CC1,19.7905,,True
CC1=C(C)CC1,PUAKTHBSHFXVAG-UHFFFAOYSA-N,C6H10,6,bains:Stewart,91,row1450,"1,2- Dimethylcyclobutene",CC1=C(C)CC1,19.7905,,True
C#CC(C)(C)C,PPWNCLVNXGCGAF-UHFFFAOYSA-N,C6H10,6,bains:Yaws,90,row1451,"3,3-dimethylbut-1-yne",CC(C)(C#C)C,24.6176,,True
C#CC(C)(C)C,PPWNCLVNXGCGAF-UHFFFAOYSA-N,C6H10,6,bains:NIST-1,14,row1451,"3,3-dimethylbut-1-yne",CC(C)(C#C)C,25.3585,,True
C#CC(C)(C)C,PPWNCLVNXGCGAF-UHFFFAOYSA-N,C6H10,6,bains:NIST-2,14,row1451,"3,3-dimethylbut-1-yne",CC(C)(C#C)C,25.5736,,True
C#CC(C)(C)C,PPWNCLVNXGCGAF-UHFFFAOYSA-N,C6H10,6,bains:NIST-3,14,row1451,"3,3-dimethylbut-1-yne",CC(C)(C#C)C,25.5019,,True
C=C1CCCC1,NFJPEKRRHIYYES-UHFFFAOYSA-N,C6H10,6,bains:Pedley,12,row1452,methylenecyclopentane,C=C1CCCC1,2.8681,,True
C=C1CCCC1,NFJPEKRRHIYYES-UHFFFAOYSA-N,C6H10,6,bains:NIST-1,14,row1452,methylenecyclopentane,C=C1CCCC1,2.4379,,True
CC1C=CCC1,CXOZQHPXKPDQGT-UHFFFAOYSA-N,C6H10,6,bains:Pedley,12,row1453,3-methylcyclopent-1-ene,CC1CCC=C1,1.7686,,True
CC1C=CCC1,CXOZQHPXKPDQGT-UHFFFAOYSA-N,C6H10,6,bains:Cox-1,13,row1453,3-methylcyclopent-1-ene,CC1CCC=C1,2.0000,,True
CC1C=CCC1,CXOZQHPXKPDQGT-UHFFFAOYSA-N,C6H10,6,bains:NIST-1,14,row1453,3-methylcyclopent-1-ene,CC1CCC=C1,2.3112,,True
CC1C=CCC1,CXOZQHPXKPDQGT-UHFFFAOYSA-N,C6H10,6,bains:NIST-2,14,row1453,3-methylcyclopent-1-ene,CC1CCC=C1,1.7591,,True
CC1C=CCC1,CXOZQHPXKPDQGT-UHFFFAOYSA-N,C6H10,6,bains:NIST-3,14,row1453,3-methylcyclopent-1-ene,CC1CCC=C1,1.9120,,True
CC1CC=CC1,FWMRUAODTCVEQK-UHFFFAOYSA-N,C6H10,6,bains:Pedley,12,row1454,4-methylcyclopent-1-ene,CC1CC=CC1,3.4895,,True
CC1CC=CC1,FWMRUAODTCVEQK-UHFFFAOYSA-N,C6H10,6,bains:Cox-1,13,row1454,4-methylcyclopent-1-ene,CC1CC=CC1,3.5000,,True
CC1CC=CC1,FWMRUAODTCVEQK-UHFFFAOYSA-N,C6H10,6,bains:NIST-1,14,row1454,4-methylcyclopent-1-ene,CC1CC=CC1,3.5851,,True
CC1=CCCC1,ATQUFXWBVZUTKO-UHFFFAOYSA-N,C6H10,6,bains:Pedley,12,row1455,1-methylcyclopent-1-ene,CC1=CCCC1,-0.9082,,True
CC1=CCCC1,ATQUFXWBVZUTKO-UHFFFAOYSA-N,C6H10,6,bains:Cox-1,13,row1455,1-methylcyclopent-1-ene,CC1=CCCC1,-0.9000,,True
CC1=CCCC1,ATQUFXWBVZUTKO-UHFFFAOYSA-N,C6H10,6,bains:Cox-2,13,row1455,1-methylcyclopent-1-ene,CC1=CCCC1,-0.6000,,True
CC1=CCCC1,ATQUFXWBVZUTKO-UHFFFAOYSA-N,C6H10,6,bains:Cox-3,13,row1455,1-methylcyclopent-1-ene,CC1=CCCC1,-0.6000,,True
CC1=CCCC1,ATQUFXWBVZUTKO-UHFFFAOYSA-N,C6H10,6,bains:NIST-1,14,row1455,1-methylcyclopent-1-ene,CC1=CCCC1,-1.0492,,True
CC1=CCCC1,ATQUFXWBVZUTKO-UHFFFAOYSA-N,C6H10,6,bains:NIST-2,14,row1455,1-methylcyclopent-1-ene,CC1=CCCC1,-0.8604,,True
CC1=CCCC1,ATQUFXWBVZUTKO-UHFFFAOYSA-N,C6H10,6,bains:NIST-3,14,row1455,1-methylcyclopent-1-ene,CC1=CCCC1,-0.5975,,True
CC1=CCCC1,ATQUFXWBVZUTKO-UHFFFAOYSA-N,C6H10,6,bains:NIST-4,14,row1455,1-methylcyclopent-1-ene,CC1=CCCC1,-0.9560,,True
O=C1CCCCC1,JHIVVAPYMSGYDF-UHFFFAOYSA-N,C6H10O,7,bains:Pedley,12,row1460,cyclohexanone,O=C1CCCCC1,-54.0392,,True
O=C1CCCCC1,JHIVVAPYMSGYDF-UHFFFAOYSA-N,C6H10O,7,bains:Cox-1,13,row1460,cyclohexanone,O=C1CCCCC1,-54.0400,,True
O=C1CCCCC1,JHIVVAPYMSGYDF-UHFFFAOYSA-N,C6H10O,7,bains:Cox-2,13,row1460,cyclohexanone,O=C1CCCCC1,-49.9000,,True
O=C1CCCCC1,JHIVVAPYMSGYDF-UHFFFAOYSA-N,C6H10O,7,bains:Cox-3,13,row1460,cyclohexanone,O=C1CCCCC1,-53.2000,,True
O=C1CCCCC1,JHIVVAPYMSGYDF-UHFFFAOYSA-N,C6H10O,7,bains:Winget,18,row1460,cyclohexanone,O=C1CCCCC1,-53.9742,,True
O=C1CCCCC1,JHIVVAPYMSGYDF-UHFFFAOYSA-N,C6H10O,7,bains:Yaws,90,row1460,cyclohexanone,O=C1CCCCC1,-53.9436,,True
C/C=C/C(=O)OCC,ZFDIRQKJPRINOQ-HWKANZROSA-N,C6H10O2,8,bains:Pedley,12,row1461,ethyl crotonate,C/C=C/C(OCC)=O,-89.7706,,True
C/C=C/C(=O)OCC,ZFDIRQKJPRINOQ-HWKANZROSA-N,C6H10O2,8,bains:Cox-1,13,row1461,ethyl crotonate,C/C=C/C(OCC)=O,-89.8000,,True
C=C(C)C(=O)OCC,SUPCQIBBMFXVTL-UHFFFAOYSA-N,C6H10O2,8,bains:Yaws,90,row1462,ethyl methacrylate,CC(C(OCC)=O)=C,-91.0612,,True
COC(=O)C1CCC1,CBTGNLZUIZHUHY-UHFFFAOYSA-N,C6H10O2,8,bains:Pedley,12,row1463,cyclobutanecarboxylic acid methyl ester,O=C(C1CCC1)OC,-84.9187,,True
O=C1CCCCCO1,PAPBSGBWRJIAAV-UHFFFAOYSA-N,C6H10O2,8,bains:Yaws,90,row1464,epsilon-caprolactone,O=C1CCCCCO1,-101.7997,,True
CCC(=O)OC(=O)CC,WYVAMUWZEOHJOQ-UHFFFAOYSA-N,C6H10O3,9,bains:Pedley,12,row1465,propionic anhydride,CCC(OC(CC)=O)=O,-149.7371,,True
CCC(=O)OC(=O)CC,WYVAMUWZEOHJOQ-UHFFFAOYSA-N,C6H10O3,9,bains:Cox-1,13,row1465,propionic anhydride,CCC(OC(CC)=O)=O,-149.7400,,True
CCOC(=O)C(=O)OCC,WYACBZDAHNBPPB-UHFFFAOYSA-N,C6H10O4,10,bains:Pedley,12,row1466,diethyl oxalate,O=C(OCC)C(OCC)=O,-177.3423,,True
CCOC(=O)C(=O)OCC,WYACBZDAHNBPPB-UHFFFAOYSA-N,C6H10O4,10,bains:Cox-1,13,row1466,diethyl oxalate,O=C(OCC)C(OCC)=O,-177.3400,,True
CCOC(=O)C(=O)OCC,WYACBZDAHNBPPB-UHFFFAOYSA-N,C6H10O4,10,bains:Yaws,90,row1466,diethyl oxalate,O=C(OCC)C(OCC)=O,-176.8164,,True
CC(=O)OC(C)OC(C)=O,ACKALUBLCWJVNB-UHFFFAOYSA-N,C6H10O4,10,bains:Yaws,90,row1467,ethylidene diacetate,CC(OC(C)=O)OC(C)=O,-194.0727,,True
CC(=O)OCCOC(C)=O,JTXMVXSTHSMVQF-UHFFFAOYSA-N,C6H10O4,10,bains:Yaws,90,row1468,ethylene glycol diacetate,CC(OCCOC(C)=O)=O,-192.8776,,True
O=C(O)CCCCC(=O)O,WNLRTRBMVRJNCN-UHFFFAOYSA-N,C6H10O4,10,bains:Pedley,12,row1469,adipic acid,O=C(O)CCCCC(O)=O,-206.7400,,True
O=C(O)CCCCC(=O)O,WNLRTRBMVRJNCN-UHFFFAOYSA-N,C6H10O4,10,bains:Cox-1,13,row1469,adipic acid,O=C(O)CCCCC(O)=O,-206.7500,,True
O=C(O)CCCCC(=O)O,WNLRTRBMVRJNCN-UHFFFAOYSA-N,C6H10O4,10,bains:Yaws,90,row1469,adipic acid,O=C(O)CCCCC(O)=O,-206.7495,,True
CCC(C)(C)C#N,OSEGNECCBMDWRB-UHFFFAOYSA-N,C6H11N,7,bains:Yaws,90,row1482,"2,2-dimethylbutanenitrile",CCC(C)(C)C#N,-6.2620,,True
CC(C)C(C)C#N,ZMRCOHMOBLASFC-UHFFFAOYSA-N,C6H11N,7,bains:Yaws,90,row1483,"2,3-dimethylbutanenitrile",CC(C)C(C)C#N,-4.7323,,True
CC(C)(C)CC#N,XFOWYEKVIRMOBI-UHFFFAOYSA-N,C6H11N,7,bains:Yaws,90,row1484,"3,3-dimethylbutanenitrile",CC(C)(C)CC#N,-6.3098,,True
[N-]=[N+]=NC1CCCCC1,ODSNIGPBQIINLA-UHFFFAOYSA-N,C6H11N3,9,bains:Pedley,12,row1485,cyclohexyl azide,[N-]=[N+]=NC1CCCCC1,36.9025,,True
[N-]=[N+]=NC1CCCCC1,ODSNIGPBQIINLA-UHFFFAOYSA-N,C6H11N3,9,bains:Cox-1,13,row1485,cyclohexyl azide,[N-]=[N+]=NC1CCCCC1,36.9000,,True
O=C1CCCCCN1,JBKVHLHDHHXQEQ-UHFFFAOYSA-N,C6H11NO,8,bains:Pedley,12,row1486,epsilon-caprolactam,O=C1CCCCCN1,-58.8432,,True
O=C1CCCCCN1,JBKVHLHDHHXQEQ-UHFFFAOYSA-N,C6H11NO,8,bains:Cox-1,13,row1486,epsilon-caprolactam,O=C1CCCCCN1,-58.8000,,True
O=C1CCCCCN1,JBKVHLHDHHXQEQ-UHFFFAOYSA-N,C6H11NO,8,bains:Yaws,90,row1486,epsilon-caprolactam,O=C1CCCCCN1,-58.8432,,True
ON=C1CCCCC1,VEZUQRBDRNJBJY-UHFFFAOYSA-N,C6H11NO,8,bains:Yaws,90,row1487,cyclohexanone oxime,O/N=C1CCCCC/1,-46.3671,,True
C1CCCCC1,XDTMQSROBMDMFD-UHFFFAOYSA-N,C6H12,6,bains:Pedley,12,row1488,cyclohexane,C1CCCCC1,-29.4933,,True
C1CCCCC1,XDTMQSROBMDMFD-UHFFFAOYSA-N,C6H12,6,bains:Cox-1,13,row1488,cyclohexane,C1CCCCC1,-29.4200,,True
C1CCCCC1,XDTMQSROBMDMFD-UHFFFAOYSA-N,C6H12,6,bains:Cox-2,13,row1488,cyclohexane,C1CCCCC1,-29.5000,,True
C1CCCCC1,XDTMQSROBMDMFD-UHFFFAOYSA-N,C6H12,6,bains:Cox-3,13,row1488,cyclohexane,C1CCCCC1,-29.7700,,True
C1CCCCC1,XDTMQSROBMDMFD-UHFFFAOYSA-N,C6H12,6,bains:Cox-4,13,row1488,cyclohexane,C1CCCCC1,-29.4900,,True
C1CCCCC1,XDTMQSROBMDMFD-UHFFFAOYSA-N,C6H12,6,bains:Cox-5,13,row1488,cyclohexane,C1CCCCC1,-29.4100,,True
C1CCCCC1,XDTMQSROBMDMFD-UHFFFAOYSA-N,C6H12,6,bains:Winget,18,row1488,cyclohexane,C1CCCCC1,-29.4859,,True
C1CCCCC1,XDTMQSROBMDMFD-UHFFFAOYSA-N,C6H12,6,bains:Stewart,91,row1488,cyclohexane,C1CCCCC1,-29.4859,,True
C1CCCCC1,XDTMQSROBMDMFD-UHFFFAOYSA-N,C6H12,6,bains:ATcT,10,row1488,cyclohexane,C1CCCCC1,-29.4455,,True
C1CCCCC1,XDTMQSROBMDMFD-UHFFFAOYSA-N,C6H12,6,bains:Cioslowski,11,row1488,cyclohexane,C1CCCCC1,-29.5000,,True
C1CCCCC1,XDTMQSROBMDMFD-UHFFFAOYSA-N,C6H12,6,bains:Yaws,90,row1488,cyclohexane,C1CCCCC1,-29.4933,,True
C1CCCCC1,XDTMQSROBMDMFD-UHFFFAOYSA-N,C6H12,6,bains:NIST-1,14,row1488,cyclohexane,C1CCCCC1,-29.7801,,True
C1CCCCC1,XDTMQSROBMDMFD-UHFFFAOYSA-N,C6H12,6,bains:NIST-2,14,row1488,cyclohexane,C1CCCCC1,-29.4216,,True
C1CCCCC1,XDTMQSROBMDMFD-UHFFFAOYSA-N,C6H12,6,bains:NIST-3,14,row1488,cyclohexane,C1CCCCC1,-29.4694,,True
CCC1CCC1,NEZRFXZYPAIZAD-UHFFFAOYSA-N,C6H12,6,bains:Pedley,12,row1489,ethylcyclobutane,CCC1CCC1,-6.2859,,True
CCC1CCC1,NEZRFXZYPAIZAD-UHFFFAOYSA-N,C6H12,6,bains:NIST-1,14,row1489,ethylcyclobutane,CCC1CCC1,-6.6205,,True
CCC1CCC1,NEZRFXZYPAIZAD-UHFFFAOYSA-N,C6H12,6,bains:NIST-2,14,row1489,ethylcyclobutane,CCC1CCC1,-6.2859,,True
C/C=C/CCC,RYPKRALMXUUNKS-HWKANZROSA-N,C6H12,6,bains:Pedley,12,row1490,trans-2-hexene,CCC/C=C/C,-12.8824,,True
C/C=C/CCC,RYPKRALMXUUNKS-HWKANZROSA-N,C6H12,6,bains:Cox-1,13,row1490,trans-2-hexene,CCC/C=C/C,-12.8800,,True
C=CCCCC,LIKMAJRDDDTEIG-UHFFFAOYSA-N,C6H12,6,bains:Pedley,12,row1491,hex-1-ene,CCCCC=C,-10.3967,,True
C=CCCCC,LIKMAJRDDDTEIG-UHFFFAOYSA-N,C6H12,6,bains:Cox-1,13,row1491,hex-1-ene,CCCCC=C,-10.0200,,True
C=CCCCC,LIKMAJRDDDTEIG-UHFFFAOYSA-N,C6H12,6,bains:Cox-2,13,row1491,hex-1-ene,CCCCC=C,-9.9200,,True
C=CCCCC,LIKMAJRDDDTEIG-UHFFFAOYSA-N,C6H12,6,bains:Cox-3,13,row1491,hex-1-ene,CCCCC=C,-9.9500,,True
C=CCCCC,LIKMAJRDDDTEIG-UHFFFAOYSA-N,C6H12,6,bains:NIST-1,14,row1491,hex-1-ene,CCCCC=C,-10.0382,,True
CC/C=C/CC,ZQDPJFUHLCOCRG-AATRIKPKSA-N,C6H12,6,bains:Pedley,12,row1492,trans-3-hexene,CC/C=C/CC,-13.0019,,True
CC/C=C/CC,ZQDPJFUHLCOCRG-AATRIKPKSA-N,C6H12,6,bains:Cox-1,13,row1492,trans-3-hexene,CC/C=C/CC,-13.0100,,True
C=C(C)CCC,WWUVJRULCWHUSA-UHFFFAOYSA-N,C6H12,6,bains:Pedley,12,row1493,2-methyl-1-pentene,CCCC(C)=C,-14.1969,,True
C=C(C)CCC,WWUVJRULCWHUSA-UHFFFAOYSA-N,C6H12,6,bains:Cox-1,13,row1493,2-methyl-1-pentene,CCCC(C)=C,-14.1900,,True
C=CCC(C)C,WSSSPWUEQFSQQG-UHFFFAOYSA-N,C6H12,6,bains:Pedley,12,row1494,4-methylpent-1-ene,CC(CC=C)C,-12.2610,,True
C=CCC(C)C,WSSSPWUEQFSQQG-UHFFFAOYSA-N,C6H12,6,bains:Cox-1,13,row1494,4-methylpent-1-ene,CC(CC=C)C,-12.2500,,True
C=CCC(C)C,WSSSPWUEQFSQQG-UHFFFAOYSA-N,C6H12,6,bains:NIST-1,14,row1494,4-methylpent-1-ene,CC(CC=C)C,-11.8164,,True
C/C=C/C(C)C,LGAQJENWWYGFSN-SNAWJCMRSA-N,C6H12,6,bains:Pedley,12,row1495,4-methyl-trans-2-pentene,C/C=C/C(C)C,-14.6989,,True
C/C=C/C(C)C,LGAQJENWWYGFSN-SNAWJCMRSA-N,C6H12,6,bains:Cox-1,13,row1495,4-methyl-trans-2-pentene,C/C=C/C(C)C,-14.7000,,True
CCC=C(C)C,JMMZCWZIJXAGKW-UHFFFAOYSA-N,C6H12,6,bains:Pedley,12,row1496,2-methyl-2-pentene,CCC=C(C)C,-15.9895,,True
CCC=C(C)C,JMMZCWZIJXAGKW-UHFFFAOYSA-N,C6H12,6,bains:Cox-1,13,row1496,2-methyl-2-pentene,CCC=C(C)C,-15.9800,,True
C=C(CC)CC,RYKZRKKEYSRDNF-UHFFFAOYSA-N,C6H12,6,bains:Pedley,12,row1497,3-methylenepentane,C=C(CC)CC,-13.3843,,True
C=C(CC)CC,RYKZRKKEYSRDNF-UHFFFAOYSA-N,C6H12,6,bains:Cox-1,13,row1497,3-methylenepentane,C=C(CC)CC,-13.3900,,True
C=C(CC)CC,RYKZRKKEYSRDNF-UHFFFAOYSA-N,C6H12,6,bains:Yaws,90,row1497,3-methylenepentane,C=C(CC)CC,-13.3843,,True
C=C(CC)CC,RYKZRKKEYSRDNF-UHFFFAOYSA-N,C6H12,6,bains:NIST-1,14,row1497,3-methylenepentane,C=C(CC)CC,-13.4011,,True
C=CC(C)CC,LDTAOIUHUHHCMU-UHFFFAOYSA-N,C6H12,6,bains:Pedley,12,row1498,3-methyl-1-pentene,CCC(C)C=C,-11.8308,,True
C=CC(C)CC,LDTAOIUHUHHCMU-UHFFFAOYSA-N,C6H12,6,bains:Cox-1,13,row1498,3-methyl-1-pentene,CCC(C)C=C,-11.8300,,True
C/C=C(\C)CC,BEQGRRJLJLVQAQ-GQCTYLIASA-N,C6H12,6,bains:Pedley,12,row1499,3-methyl-trans-2-pentene,CC\C(C)=C\C,-15.0813,,True
C/C=C(\C)CC,BEQGRRJLJLVQAQ-GQCTYLIASA-N,C6H12,6,bains:Cox-1,13,row1499,3-methyl-trans-2-pentene,CC\C(C)=C\C,-15.0900,,True
CC(C)=C(C)C,WGLLSSPDPJPLOR-UHFFFAOYSA-N,C6H12,6,bains:Pedley,12,row1500,"2,3-dimethylbut-2-ene",CC(C)=C(C)C,-16.3002,,True
CC(C)=C(C)C,WGLLSSPDPJPLOR-UHFFFAOYSA-N,C6H12,6,bains:Cox-1,13,row1500,"2,3-dimethylbut-2-ene",CC(C)=C(C)C,-16.6800,,True
CC(C)=C(C)C,WGLLSSPDPJPLOR-UHFFFAOYSA-N,C6H12,6,bains:Cox-2,13,row1500,"2,3-dimethylbut-2-ene",CC(C)=C(C)C,-16.2200,,True
CC(C)=C(C)C,WGLLSSPDPJPLOR-UHFFFAOYSA-N,C6H12,6,bains:Cox-3,13,row1500,"2,3-dimethylbut-2-ene",CC(C)=C(C)C,-16.4200,,True
CC(C)=C(C)C,WGLLSSPDPJPLOR-UHFFFAOYSA-N,C6H12,6,bains:Yaws,90,row1500,"2,3-dimethylbut-2-ene",CC(C)=C(C)C,-16.7304,,True
CC(C)=C(C)C,WGLLSSPDPJPLOR-UHFFFAOYSA-N,C6H12,6,bains:NIST-1,14,row1500,"2,3-dimethylbut-2-ene",CC(C)=C(C)C,-16.8021,,True
CC(C)=C(C)C,WGLLSSPDPJPLOR-UHFFFAOYSA-N,C6H12,6,bains:NIST-2,14,row1500,"2,3-dimethylbut-2-ene",CC(C)=C(C)C,-16.3480,,True
C=C(C)C(C)C,OWWIWYDDISJUMY-UHFFFAOYSA-N,C6H12,6,bains:Pedley,12,row1501,"2,3-dimethylbut-1-ene",CC(C(C)=C)C,-14.9618,,True
C=C(C)C(C)C,OWWIWYDDISJUMY-UHFFFAOYSA-N,C6H12,6,bains:Cox-1,13,row1501,"2,3-dimethylbut-1-ene",CC(C(C)=C)C,-15.8600,,True
C=C(C)C(C)C,OWWIWYDDISJUMY-UHFFFAOYSA-N,C6H12,6,bains:Cox-2,13,row1501,"2,3-dimethylbut-1-ene",CC(C(C)=C)C,-14.8600,,True
C=C(C)C(C)C,OWWIWYDDISJUMY-UHFFFAOYSA-N,C6H12,6,bains:Cox-3,13,row1501,"2,3-dimethylbut-1-ene",CC(C(C)=C)C,-15.1900,,True
C=C(C)C(C)C,OWWIWYDDISJUMY-UHFFFAOYSA-N,C6H12,6,bains:Yaws,90,row1501,"2,3-dimethylbut-1-ene",CC(C(C)=C)C,-14.6989,,True
C=C(C)C(C)C,OWWIWYDDISJUMY-UHFFFAOYSA-N,C6H12,6,bains:NIST-1,14,row1501,"2,3-dimethylbut-1-ene",CC(C(C)=C)C,-15.7505,,True
C=C(C)C(C)C,OWWIWYDDISJUMY-UHFFFAOYSA-N,C6H12,6,bains:NIST-2,14,row1501,"2,3-dimethylbut-1-ene",CC(C(C)=C)C,-14.5793,,True
C[C@@H]1CC[C@H]1C,IVAGOJQDJFWIRT-PHDIDXHHSA-N,C6H12,6,bains:Yaws,90,row1502,"1,trans-2-dimethylcyclobutane",C[C@H]1[C@H](C)CC1,-3.7046,,True
C[C@H]1C[C@@H](C)C1,WKHRDGKOKYBNDZ-OLQVQODUSA-N,C6H12,6,bains:Yaws,90,row1503,"1,cis-3-dimethylcyclobutane",C[C@@H]1C[C@H](C)C1,-8.6520,,True
C=CC(C)(C)C,PKXHXOTZMFCXSH-UHFFFAOYSA-N,C6H12,6,bains:Pedley,12,row1504,"3,3-dimethyl-1-butene",C=CC(C)(C)C,-14.4598,,True
C=CC(C)(C)C,PKXHXOTZMFCXSH-UHFFFAOYSA-N,C6H12,6,bains:Cox-1,13,row1504,"3,3-dimethyl-1-butene",C=CC(C)(C)C,-14.7200,,True
C=CC(C)(C)C,PKXHXOTZMFCXSH-UHFFFAOYSA-N,C6H12,6,bains:Cox-2,13,row1504,"3,3-dimethyl-1-butene",C=CC(C)(C)C,-14.3800,,True
C=CC(C)(C)C,PKXHXOTZMFCXSH-UHFFFAOYSA-N,C6H12,6,bains:Cox-3,13,row1504,"3,3-dimethyl-1-butene",C=CC(C)(C)C,-14.5100,,True
C=CC(C)(C)C,PKXHXOTZMFCXSH-UHFFFAOYSA-N,C6H12,6,bains:Yaws,90,row1504,"3,3-dimethyl-1-butene",C=CC(C)(C)C,-14.4359,,True
CC1(C)CCC1,OFZYBEBWCZBCPM-UHFFFAOYSA-N,C6H12,6,bains:Yaws,90,row1505,"1,1-dimethylcyclobutane",CC1(C)CCC1,-9.7036,,True
CC1CCCC1,GDOPTJXRTPNYNR-UHFFFAOYSA-N,C6H12,6,bains:Pedley,12,row1506,methylcyclopentane,CC1CCCC1,-25.3824,,True
CC1CCCC1,GDOPTJXRTPNYNR-UHFFFAOYSA-N,C6H12,6,bains:Cox-1,13,row1506,methylcyclopentane,CC1CCCC1,-25.4800,,True
CC1CCCC1,GDOPTJXRTPNYNR-UHFFFAOYSA-N,C6H12,6,bains:Cox-2,13,row1506,methylcyclopentane,CC1CCCC1,-25.8400,,True
CC1CCCC1,GDOPTJXRTPNYNR-UHFFFAOYSA-N,C6H12,6,bains:Cox-3,13,row1506,methylcyclopentane,CC1CCCC1,-25.2700,,True
CC1CCCC1,GDOPTJXRTPNYNR-UHFFFAOYSA-N,C6H12,6,bains:Cox-4,13,row1506,methylcyclopentane,CC1CCCC1,-26.3100,,True
CC1CCCC1,GDOPTJXRTPNYNR-UHFFFAOYSA-N,C6H12,6,bains:Cox-5,13,row1506,methylcyclopentane,CC1CCCC1,-25.2700,,True
CC1CCCC1,GDOPTJXRTPNYNR-UHFFFAOYSA-N,C6H12,6,bains:NIST-1,14,row1506,methylcyclopentane,CC1CCCC1,-25.3346,,True
CC1CCCC1,GDOPTJXRTPNYNR-UHFFFAOYSA-N,C6H12,6,bains:NIST-2,14,row1506,methylcyclopentane,CC1CCCC1,-25.5019,,True
CC1CCCC1,GDOPTJXRTPNYNR-UHFFFAOYSA-N,C6H12,6,bains:NIST-3,14,row1506,methylcyclopentane,CC1CCCC1,-25.8365,,True
C1CN2CCN1CC2,IMNIMPAHZVJRPE-UHFFFAOYSA-N,C6H12N2,8,bains:Pedley,12,row1512,triethylenediamine,C1CN2CCN1CC2,21.5583,,True
C1CN2CCN1CC2,IMNIMPAHZVJRPE-UHFFFAOYSA-N,C6H12N2,8,bains:Cox-1,13,row1512,triethylenediamine,C1CN2CCN1CC2,11.4000,,True
C1N2CN3CN1CN(C2)C3,VKYKSIONXSXAKP-UHFFFAOYSA-N,C6H12N4,10,bains:Pedley,12,row1513,"1,3,5,7-tetraazaadamantane",N12CN3CN(C2)CN(C3)C1,47.5382,,True
C1N2CN3CN1CN(C2)C3,VKYKSIONXSXAKP-UHFFFAOYSA-N,C6H12N4,10,bains:Cioslowski,11,row1513,"1,3,5,7-tetraazaadamantane",N12CN3CN(C2)CN(C3)C1,47.6000,,True
CCCCC(C)=O,QQZOPKMRPOGIEB-UHFFFAOYSA-N,C6H12O,7,bains:Pedley,12,row1514,methyl n-butyl ketone,CC(=O)CCCC,-66.8738,,True
CCCCC(C)=O,QQZOPKMRPOGIEB-UHFFFAOYSA-N,C6H12O,7,bains:Cox-1,13,row1514,methyl n-butyl ketone,CC(=O)CCCC,-66.8700,,True
CCCC(=O)CC,PFCHFHIRKBAQGU-UHFFFAOYSA-N,C6H12O,7,bains:Pedley,12,row1515,ethyl n-propyl ketone,CCC(=O)CCC,-66.5153,,True
CCCC(=O)CC,PFCHFHIRKBAQGU-UHFFFAOYSA-N,C6H12O,7,bains:Cox-1,13,row1515,ethyl n-propyl ketone,CCC(=O)CCC,-66.5100,,True
C=COCCCC,UZKWTJUDCOPSNM-UHFFFAOYSA-N,C6H12O,7,bains:Pedley,12,row1516,butyl vinyl ether,C=COCCCC,-44.0966,,True
C=COCCCC,UZKWTJUDCOPSNM-UHFFFAOYSA-N,C6H12O,7,bains:Yaws,90,row1516,butyl vinyl ether,C=COCCCC,-43.7380,,True
CCC(C)(C)C=O,QYPLKDUOPJZROX-UHFFFAOYSA-N,C6H12O,7,bains:Yaws,90,row1517,"2,2-dimethylbutanal",CCC(C)(C)C=O,-62.6434,,True
CCC(=O)C(C)C,HYTRYEXINDDXJK-UHFFFAOYSA-N,C6H12O,7,bains:Pedley,12,row1518,ethyl isopropyl ketone,O=C(CC)C(C)C,-68.3795,,True
CCC(=O)C(C)C,HYTRYEXINDDXJK-UHFFFAOYSA-N,C6H12O,7,bains:Cox-1,13,row1518,ethyl isopropyl ketone,O=C(CC)C(C)C,-68.3800,,True
CCC(=O)C(C)C,HYTRYEXINDDXJK-UHFFFAOYSA-N,C6H12O,7,bains:Yaws,90,row1518,ethyl isopropyl ketone,O=C(CC)C(C)C,-68.3795,,True
CC(C)C(C)C=O,AKUUEDVRXOZTBF-UHFFFAOYSA-N,C6H12O,7,bains:Yaws,90,row1519,"2,3-dimethylbutanal",CC(C)C(C)C=O,-64.1013,,True
CC(=O)C(C)(C)C,PJGSXYOJTGTZAV-UHFFFAOYSA-N,C6H12O,7,bains:Pedley,12,row1520,"3,3-dimethyl-2-butanone",CC(C(C)(C)C)=O,-69.4790,,True
CC(=O)C(C)(C)C,PJGSXYOJTGTZAV-UHFFFAOYSA-N,C6H12O,7,bains:Cox-1,13,row1520,"3,3-dimethyl-2-butanone",CC(C(C)(C)C)=O,-69.2800,,True
CC(=O)C(C)(C)C,PJGSXYOJTGTZAV-UHFFFAOYSA-N,C6H12O,7,bains:Yaws,90,row1520,"3,3-dimethyl-2-butanone",CC(C(C)(C)C)=O,-69.4312,,True
CC1CCC(C)O1,OXMIDRBAFOEOQT-UHFFFAOYSA-N,C6H12O,7,bains:Yaws,90,row1521,"2,5-dimethyltetrahydrofuran",CC1CCC(C)O1,-61.9097,,True
CC1CCOC1C,HIPLXTICEUKKIT-UHFFFAOYSA-N,C6H12O,7,bains:Yaws,90,row1522,"2,3-dimethyltetrahydrofuran",CC1C(C)OCC1,-61.9097,,True
CC1COC(C)C1,QMGLMRPHOITLSN-UHFFFAOYSA-N,C6H12O,7,bains:Yaws,90,row1523,"2,4-dimethyltetrahydrofuran",CC1CC(C)OC1,-61.9097,,True
CC1COCC1C,FVAHHPPJYLVIIC-UHFFFAOYSA-N,C6H12O,7,bains:Yaws,90,row1524,"3,4-dimethyltetrahydrofuran",CC1C(C)COC1,-61.9097,,True
CC1(C)CCOC1,WDKUXUZYKCXAHC-UHFFFAOYSA-N,C6H12O,7,bains:Yaws,90,row1525,"3,3-dimethyltetrahydrofuran",CC1(C)COCC1,-53.4058,,True
CC1(C)CCCO1,ZPDIRKNRUWXYLJ-UHFFFAOYSA-N,C6H12O,7,bains:Yaws,90,row1526,"2,2-dimethyltetrahydrofuran",CC1(C)OCCC1,-53.4058,,True
CC(C)(C)CC=O,LTNUSYNQZJZUSY-UHFFFAOYSA-N,C6H12O,7,bains:Yaws,90,row1527,"3,3-dimethylbutanal",CC(C)(C)CC=O,-60.8748,,True
OC1CCCCC1,HPXRVTGHNJAIIH-UHFFFAOYSA-N,C6H12O,7,bains:Pedley,12,row1528,cyclohexanol,OC1CCCCC1,-68.4034,,True
OC1CCCCC1,HPXRVTGHNJAIIH-UHFFFAOYSA-N,C6H12O,7,bains:Cox-1,13,row1528,cyclohexanol,OC1CCCCC1,-68.2100,,True
OC1CCCCC1,HPXRVTGHNJAIIH-UHFFFAOYSA-N,C6H12O,7,bains:Cox-2,13,row1528,cyclohexanol,OC1CCCCC1,-68.5600,,True
OC1CCCCC1,HPXRVTGHNJAIIH-UHFFFAOYSA-N,C6H12O,7,bains:Cox-3,13,row1528,cyclohexanol,OC1CCCCC1,-68.8000,,True
OC1CCCCC1,HPXRVTGHNJAIIH-UHFFFAOYSA-N,C6H12O,7,bains:Cox-4,13,row1528,cyclohexanol,OC1CCCCC1,-68.3800,,True
OC1CCCCC1,HPXRVTGHNJAIIH-UHFFFAOYSA-N,C6H12O,7,bains:Yaws,90,row1528,cyclohexanol,OC1CCCCC1,-68.5468,,True
CCCCCC(=O)O,FUZZWVXGSFPDMH-UHFFFAOYSA-N,C6H12O2,8,bains:Pedley,12,row1529,hexanoic acid,CCCCCC(O)=O,-122.3470,,True
CCCCCC(=O)O,FUZZWVXGSFPDMH-UHFFFAOYSA-N,C6H12O2,8,bains:Cox-1,13,row1529,hexanoic acid,CCCCCC(O)=O,-122.5000,,True
CCCCCC(=O)O,FUZZWVXGSFPDMH-UHFFFAOYSA-N,C6H12O2,8,bains:Cox-2,13,row1529,hexanoic acid,CCCCCC(O)=O,-123.0000,,True
CCCCCC(=O)O,FUZZWVXGSFPDMH-UHFFFAOYSA-N,C6H12O2,8,bains:Cox-3,13,row1529,hexanoic acid,CCCCCC(O)=O,-122.7000,,True
C1CCOCOCC1,CJSITSBWCLTCAP-UHFFFAOYSA-N,C6H12O2,8,bains:Pedley,12,row1530,pentamethylene formal,C1CCCCOCO1,-80.4971,,True
C1CCOCOCC1,CJSITSBWCLTCAP-UHFFFAOYSA-N,C6H12O2,8,bains:Cox-1,13,row1530,pentamethylene formal,C1CCCCOCO1,-80.5000,,True
CCCCC(=O)OC,HNBDRPTVWVGKBR-UHFFFAOYSA-N,C6H12O2,8,bains:Pedley,12,row1531,methyl pentanoate,CCCCC(OC)=O,-112.6195,,True
CCCCC(=O)OC,HNBDRPTVWVGKBR-UHFFFAOYSA-N,C6H12O2,8,bains:Cox-1,13,row1531,methyl pentanoate,CCCCC(OC)=O,-112.7000,,True
CCCCC(=O)OC,HNBDRPTVWVGKBR-UHFFFAOYSA-N,C6H12O2,8,bains:Cox-2,13,row1531,methyl pentanoate,CCCCC(OC)=O,-116.0000,,True
CCCCOC(C)=O,DKPFZGUDAPQIHT-UHFFFAOYSA-N,C6H12O2,8,bains:Pedley,12,row1532,butyl acetate,CC(OCCCC)=O,-116.0612,,True
CCCCOC(C)=O,DKPFZGUDAPQIHT-UHFFFAOYSA-N,C6H12O2,8,bains:Cox-1,13,row1532,butyl acetate,CC(OCCCC)=O,-116.1000,,True
CCCCOC(C)=O,DKPFZGUDAPQIHT-UHFFFAOYSA-N,C6H12O2,8,bains:Yaws,90,row1532,butyl acetate,CC(OCCCC)=O,-115.9895,,True
CCC(CC)C(=O)O,OXQGTIUCKGYOAA-UHFFFAOYSA-N,C6H12O2,8,bains:Yaws,90,row1533,2-ethyl butyric acid,CCC(CC)C(O)=O,-123.5660,,True
CCCC(=O)OCC,OBNCKNCVKJNDBV-UHFFFAOYSA-N,C6H12O2,8,bains:Yaws,90,row1534,ethyl butanoate,CCCC(OCC)=O,-116.0373,,True
CCC(C)C(=O)OC,OCWLYWIFNDCWRZ-UHFFFAOYSA-N,C6H12O2,8,bains:Pedley,12,row1535,methyl 2-methylbutyrate,CCC(C)C(OC)=O,-117.7103,,True
CCC(C)C(=O)OC,OCWLYWIFNDCWRZ-UHFFFAOYSA-N,C6H12O2,8,bains:Cox-1,13,row1535,methyl 2-methylbutyrate,CCC(C)C(OC)=O,-117.7000,,True
CCC(C)OC(C)=O,DCKVNWZUADLDEH-UHFFFAOYSA-N,C6H12O2,8,bains:Yaws,90,row1536,sec-butyl acetate,CC(OC(C)CC)=O,-120.4111,,True
CCC(C)(C)OC=O,SVZIJXUUTNJSEJ-UHFFFAOYSA-N,C6H12O2,8,bains:Yaws,90,row1537,"1,1-dimethylpropyl formate",O=COC(C)(C)CC,-115.5115,,True
CCOC(=O)C(C)C,WDAXFOBOLVPGLV-UHFFFAOYSA-N,C6H12O2,8,bains:Yaws,90,row1538,ethyl isobutanoate,CC(C)C(OCC)=O,-119.4073,,True
COC(=O)CC(C)C,OQAGVSWESNCJJT-UHFFFAOYSA-N,C6H12O2,8,bains:Pedley,12,row1539,methyl isovalerate,CC(C)CC(OC)=O,-119.0010,,True
COC(=O)CC(C)C,OQAGVSWESNCJJT-UHFFFAOYSA-N,C6H12O2,8,bains:Cox-1,13,row1539,methyl isovalerate,CC(C)CC(OC)=O,-119.0000,,True
CC(C)C(C)OC=O,XEQSPMCNFJQDHU-UHFFFAOYSA-N,C6H12O2,8,bains:Yaws,90,row1540,"1,2-dimethylpropyl formate",O=COC(C)C(C)C,-111.9025,,True
CC(=O)CC(C)(C)O,SWXVUIWOUIDPGS-UHFFFAOYSA-N,C6H12O2,8,bains:Yaws,90,row1541,diacetone alcohol,CC(CC(C)(O)C)=O,-130.4493,,True
CC(=O)OC(C)(C)C,WMOVHXAZOJBABW-UHFFFAOYSA-N,C6H12O2,8,bains:Yaws,90,row1542,tert-butyl acetate,CC(OC(C)(C)C)=O,-125.0000,,True
C[C@@H]1OCC[C@H](C)O1,VREPYGYMOSZTKJ-NTSWFWBYSA-N,C6H12O2,8,bains:Pedley,12,row1543,"cis-2,4-dimethyl-1,3-dioxan",C[C@H]1CCO[C@@H](C)O1,-101.6491,,True
C[C@@H]1OCC[C@H](C)O1,VREPYGYMOSZTKJ-NTSWFWBYSA-N,C6H12O2,8,bains:Cox-1,13,row1543,"cis-2,4-dimethyl-1,3-dioxan",C[C@H]1CCO[C@@H](C)O1,-102.2600,,True
CC1COCOC1C,YMXZGCMNTIZHDC-UHFFFAOYSA-N,C6H12O2,8,bains:Pedley,12,row1544,"4,5-dimethyl-1,3-dioxan",CC1COCOC1C,-97.7772,,True
CC1COCOC1C,YMXZGCMNTIZHDC-UHFFFAOYSA-N,C6H12O2,8,bains:Cox-1,13,row1544,"4,5-dimethyl-1,3-dioxan",CC1COCOC1C,-98.1600,,True
CC1(C)COCOC1,QDCJIPFNVBDLRH-UHFFFAOYSA-N,C6H12O2,8,bains:Pedley,12,row1545,"5,5-dimethyl-1,3-dioxan",CC1(C)COCOC1,-100.4063,,True
CC1(C)COCOC1,QDCJIPFNVBDLRH-UHFFFAOYSA-N,C6H12O2,8,bains:Cox-1,13,row1545,"5,5-dimethyl-1,3-dioxan",CC1(C)COCOC1,-100.6700,,True
CC(C)(C)COC=O,DGMIPKNXUDSQGI-UHFFFAOYSA-N,C6H12O2,8,bains:Yaws,90,row1546,"2,2-dimethylpropyl formate",O=COCC(C)(C)C,-111.1377,,True
COC(=O)C(C)(C)C,CNMFHDIDIMZHKY-UHFFFAOYSA-N,C6H12O2,8,bains:Pedley,12,row1547,methyl pivalate,CC(C)(C)C(OC)=O,-118.1405,,True
COC(=O)C(C)(C)C,CNMFHDIDIMZHKY-UHFFFAOYSA-N,C6H12O2,8,bains:Cox-1,13,row1547,methyl pivalate,CC(C)(C)C(OC)=O,-122.8000,,True
COC1CCCCO1,XTDKZSUYCXHXJM-UHFFFAOYSA-N,C6H12O2,8,bains:Pedley,12,row1548,2-methoxytetrahydropyran,COC1CCCCO1,-95.5067,,True
COC1CCCCO1,XTDKZSUYCXHXJM-UHFFFAOYSA-N,C6H12O2,8,bains:Cox-1,13,row1548,2-methoxytetrahydropyran,COC1CCCCO1,-95.5000,,True
CCOCOC(=O)CC,GIXDJNPUPVJXBG-UHFFFAOYSA-N,C6H12O3,9,bains:Pedley,12,row1549,ethoxymethyl propionate,CCC(OCOCC)=O,-147.5382,,True
CCOCCOC(C)=O,SVONRAPFKPVNKG-UHFFFAOYSA-N,C6H12O3,9,bains:Yaws,90,row1550,2-ethoxyethyl acetate,CC(OCCOCC)=O,-146.0325,,True
CC1OC(C)OC(C)O1,SQYNKIJPMDEDEG-UHFFFAOYSA-N,C6H12O3,9,bains:Pedley,12,row1551,paraldehyde,CC1OC(C)OC(C)O1,-151.0038,,True
CC1OC(C)OC(C)O1,SQYNKIJPMDEDEG-UHFFFAOYSA-N,C6H12O3,9,bains:Cox-1,13,row1551,paraldehyde,CC1OC(C)OC(C)O1,-154.3000,,True
CC1OC(C)OC(C)O1,SQYNKIJPMDEDEG-UHFFFAOYSA-N,C6H12O3,9,bains:Cox-2,13,row1551,paraldehyde,CC1OC(C)OC(C)O1,-154.1000,,True
CC1OC(C)OC(C)O1,SQYNKIJPMDEDEG-UHFFFAOYSA-N,C6H12O3,9,bains:Cox-3,13,row1551,paraldehyde,CC1OC(C)OC(C)O1,-154.2000,,True
CC1CCCCN1,NNWUEBIEOFQMSS-UHFFFAOYSA-N,C6H13N,7,bains:Pedley,12,row1615,2-methylpiperidine,CC1NCCCC1,-20.1721,,True
NC1CCCCC1,PAFZNILMFXTMIY-UHFFFAOYSA-N,C6H13N,7,bains:Pedley,12,row1616,cyclohexylamine,NC1CCCCC1,-25.0717,,True
NC1CCCCC1,PAFZNILMFXTMIY-UHFFFAOYSA-N,C6H13N,7,bains:Yaws,90,row1616,cyclohexylamine,NC1CCCCC1,-25.0717,,True
CCCCCC(N)=O,ALBYIUDWACNRRB-UHFFFAOYSA-N,C6H13NO,8,bains:Pedley,12,row1617,hexanamide,CCCCCC(N)=O,-77.4857,,True
CCCCCC(N)=O,ALBYIUDWACNRRB-UHFFFAOYSA-N,C6H13NO,8,bains:Cox-1,13,row1617,hexanamide,CCCCCC(N)=O,-78.7600,,True
CCCCNC(C)=O,GYLDXXLJMRTVSS-UHFFFAOYSA-N,C6H13NO,8,bains:Pedley,12,row1618,N-butylacetamide,CCCCNC(C)=O,-72.8489,,True
CCCCNC(C)=O,GYLDXXLJMRTVSS-UHFFFAOYSA-N,C6H13NO,8,bains:Cox-1,13,row1618,N-butylacetamide,CCCCNC(C)=O,-72.8200,,True
CC(C)C[C@H](N)C(=O)O,ROHFNLRQFUQHCH-YFKPBYRVSA-N,C6H13NO2,9,bains:Pedley,12,row1619,leucine,CC(C)C[C@H](N)C(O)=O,-116.3480,,True
CC(C)C[C@H](N)C(=O)O,ROHFNLRQFUQHCH-YFKPBYRVSA-N,C6H13NO2,9,bains:Cox-1,13,row1619,leucine,CC(C)C[C@H](N)C(O)=O,-116.3400,,True
CC(C)C[C@H](N)C(=O)O,ROHFNLRQFUQHCH-YFKPBYRVSA-N,C6H13NO2,9,bains:Cox-2,13,row1619,leucine,CC(C)C[C@H](N)C(O)=O,-118.6300,,True
CCCCCC,VLKZOEOYAKHREP-UHFFFAOYSA-N,C6H14,6,bains:Pedley,12,row1620,hexane,CCCCCC,-39.9379,,True
CCCCCC,VLKZOEOYAKHREP-UHFFFAOYSA-N,C6H14,6,bains:Cox-1,13,row1620,hexane,CCCCCC,-39.9800,,True
CCCCCC,VLKZOEOYAKHREP-UHFFFAOYSA-N,C6H14,6,bains:Cox-2,13,row1620,hexane,CCCCCC,-39.8100,,True
CCCCCC,VLKZOEOYAKHREP-UHFFFAOYSA-N,C6H14,6,bains:Cox-3,13,row1620,hexane,CCCCCC,-39.9200,,True
CCCCCC,VLKZOEOYAKHREP-UHFFFAOYSA-N,C6H14,6,bains:Cox-4,13,row1620,hexane,CCCCCC,-39.9200,,True
CCCCCC,VLKZOEOYAKHREP-UHFFFAOYSA-N,C6H14,6,bains:Winget,18,row1620,hexane,CCCCCC,-39.8809,,True
CCCCCC,VLKZOEOYAKHREP-UHFFFAOYSA-N,C6H14,6,bains:Stewart,91,row1620,hexane,CCCCCC,-39.8809,,True
CCCCCC,VLKZOEOYAKHREP-UHFFFAOYSA-N,C6H14,6,bains:ATcT,10,row1620,hexane,CCCCCC,-39.9092,,True
CCCCCC,VLKZOEOYAKHREP-UHFFFAOYSA-N,C6H14,6,bains:Cioslowski,11,row1620,hexane,CCCCCC,-39.9000,,True
CCCCCC,VLKZOEOYAKHREP-UHFFFAOYSA-N,C6H14,6,bains:NIST-1,14,row1620,hexane,CCCCCC,-39.9379,,True
CCCCCC,VLKZOEOYAKHREP-UHFFFAOYSA-N,C6H14,6,bains:NIST-2,14,row1620,hexane,CCCCCC,-39.9618,,True
CCCC(C)C,AFABGHUZZDYHJO-UHFFFAOYSA-N,C6H14,6,bains:Pedley,12,row1621,2-methylpentane,CC(CCC)C,-41.7782,,True
CCCC(C)C,AFABGHUZZDYHJO-UHFFFAOYSA-N,C6H14,6,bains:Cox-1,13,row1621,2-methylpentane,CC(CCC)C,-41.7700,,True
CCCC(C)C,AFABGHUZZDYHJO-UHFFFAOYSA-N,C6H14,6,bains:NIST-1,14,row1621,2-methylpentane,CC(CCC)C,-41.6587,,True
CCC(C)CC,PFEOZHBOMNWTJB-UHFFFAOYSA-N,C6H14,6,bains:Pedley,12,row1622,3-methylpentane,CC(CC)CC,-41.1329,,True
CCC(C)CC,PFEOZHBOMNWTJB-UHFFFAOYSA-N,C6H14,6,bains:Cox-1,13,row1622,3-methylpentane,CC(CC)CC,-41.1300,,True
CCC(C)CC,PFEOZHBOMNWTJB-UHFFFAOYSA-N,C6H14,6,bains:Winget,18,row1622,3-methylpentane,CC(CC)CC,-41.0804,,True
CCC(C)CC,PFEOZHBOMNWTJB-UHFFFAOYSA-N,C6H14,6,bains:NIST-1,14,row1622,3-methylpentane,CC(CC)CC,-41.0134,,True
CC(C)C(C)C,ZFFMLCVRJBZUDZ-UHFFFAOYSA-N,C6H14,6,bains:Pedley,12,row1623,"2,3-dimethylbutane",CC(C(C)C)C,-42.6147,,True
CC(C)C(C)C,ZFFMLCVRJBZUDZ-UHFFFAOYSA-N,C6H14,6,bains:Cox-1,13,row1623,"2,3-dimethylbutane",CC(C(C)C)C,-42.6100,,True
CC(C)C(C)C,ZFFMLCVRJBZUDZ-UHFFFAOYSA-N,C6H14,6,bains:Yaws,90,row1623,"2,3-dimethylbutane",CC(C(C)C)C,-42.0411,,True
CC(C)C(C)C,ZFFMLCVRJBZUDZ-UHFFFAOYSA-N,C6H14,6,bains:NIST-1,14,row1623,"2,3-dimethylbutane",CC(C(C)C)C,-42.4952,,True
CCC(C)(C)C,HNRMPXKDFBEGFZ-UHFFFAOYSA-N,C6H14,6,bains:Pedley,12,row1624,"2,2-dimethylbutane",CC(C)(CC)C,-44.4790,,True
CCC(C)(C)C,HNRMPXKDFBEGFZ-UHFFFAOYSA-N,C6H14,6,bains:Cox-1,13,row1624,"2,2-dimethylbutane",CC(C)(CC)C,-44.4800,,True
CCC(C)(C)C,HNRMPXKDFBEGFZ-UHFFFAOYSA-N,C6H14,6,bains:Yaws,90,row1624,"2,2-dimethylbutane",CC(C)(CC)C,-43.9771,,True
CCC(C)(C)C,HNRMPXKDFBEGFZ-UHFFFAOYSA-N,C6H14,6,bains:NIST-1,14,row1624,"2,2-dimethylbutane",CC(C)(CC)C,-44.3595,,True
CCC/N=N/CCC,LQCYZZANGSLXDJ-BQYQJAHWSA-N,C6H14N2,8,bains:Pedley,12,row1626,azo-n-Propane,CCC/N=N/CCC,12.3088,,True
CCC/N=N/CCC,LQCYZZANGSLXDJ-BQYQJAHWSA-N,C6H14N2,8,bains:Winget,18,row1626,azo-n-Propane,CCC/N=N/CCC,8.5959,,True
CCC/N=N/CCC,LQCYZZANGSLXDJ-BQYQJAHWSA-N,C6H14N2,8,bains:Stewart,91,row1626,azo-n-Propane,CCC/N=N/CCC,8.5959,,True
CC(C)/N=N/C(C)C,BXCOOPLIKAAONJ-BQYQJAHWSA-N,C6H14N2,8,bains:Pedley,12,row1627,azoisopropane,CC(/N=N/C(C)C)C,8.5564,,True
CC(C)/N=N/C(C)C,BXCOOPLIKAAONJ-BQYQJAHWSA-N,C6H14N2,8,bains:Cox-1,13,row1627,azoisopropane,CC(/N=N/C(C)C)C,19.1000,,True
CN1CC(C)(C)N1C,SUDOHQCGIBSNFQ-UHFFFAOYSA-N,C6H14N2,8,bains:Pedley,12,row1628,tetramethyldiazetane,CN1N(C)C(C)(C)C1,35.8987,,True
NCCCC[C@H](N)C(=O)O,KDXKERNSBIXSRK-YFKPBYRVSA-N,C6H14N2O2,10,bains:Yaws,90,row1629,lysine,N[C@@H](CCCCN)C(O)=O,-110.1816,,True
CCCCCCO,ZSIAUFGUXNUGDI-UHFFFAOYSA-N,C6H14O,7,bains:Pedley,12,row1630,1-hexanol,CCCCCCO,-75.4780,,True
CCCCCCO,ZSIAUFGUXNUGDI-UHFFFAOYSA-N,C6H14O,7,bains:Cox-1,13,row1630,1-hexanol,CCCCCCO,-75.6500,,True
CCCCOCC,PZHIWRCQKBBTOW-UHFFFAOYSA-N,C6H14O,7,bains:Yaws,90,row1631,ethyl butyl ether,CCCCOCC,-69.8853,,True
CCCOCCC,POLCUAVZOMRGSN-UHFFFAOYSA-N,C6H14O,7,bains:Pedley,12,row1632,dipropyl ether,CCCOCCC,-70.0048,,True
CCCOCCC,POLCUAVZOMRGSN-UHFFFAOYSA-N,C6H14O,7,bains:Cox-1,13,row1632,dipropyl ether,CCCOCCC,-69.8500,,True
CCCOCCC,POLCUAVZOMRGSN-UHFFFAOYSA-N,C6H14O,7,bains:Yaws,90,row1632,dipropyl ether,CCCOCCC,-70.0526,,True
CCC(CC)CO,TZYRSLHNPKPEFV-UHFFFAOYSA-N,C6H14O,7,bains:Yaws,90,row1633,2-ethyl-1-butanol,CCC(CC)CO,-76.6969,,True
CCC(C)(C)CO,XRMVWAKMXZNZIL-UHFFFAOYSA-N,C6H14O,7,bains:Yaws,90,row1634,"2,2-dimethyl-1-butanol",CCC(C)(C)CO,-78.8719,,True
CCOC(C)CC,VSCUCHUDCLERMY-UHFFFAOYSA-N,C6H14O,7,bains:Yaws,90,row1635,ethyl sec-butyl ether,CCC(OCC)C,-72.8011,,True
CCOCC(C)C,RQUBQBFVDOLUKC-UHFFFAOYSA-N,C6H14O,7,bains:Yaws,90,row1636,ethyl isobutyl ether,CC(C)COCC,-71.4149,,True
CC(C)C(C)CO,SXSWMAUXEHKFGX-UHFFFAOYSA-N,C6H14O,7,bains:Yaws,90,row1637,"2,3-dimethyl-1-butanol",CC(C)C(C)CO,-78.0593,,True
CC(C)C(C)(C)O,IKECULIHBUCAKR-UHFFFAOYSA-N,C6H14O,7,bains:Yaws,90,row1638,"2,3-dimethyl-2-butanol",CC(O)(C)C(C)C,-83.2218,,True
CC(C)OC(C)C,ZAFNJMIOTHYJRJ-UHFFFAOYSA-N,C6H14O,7,bains:Pedley,12,row1639,diisopropyl ether,CC(OC(C)C)C,-76.2906,,True
CC(C)OC(C)C,ZAFNJMIOTHYJRJ-UHFFFAOYSA-N,C6H14O,7,bains:Cox-1,13,row1639,diisopropyl ether,CC(OC(C)C)C,-76.2000,,True
CC(C)OC(C)C,ZAFNJMIOTHYJRJ-UHFFFAOYSA-N,C6H14O,7,bains:Winget,18,row1639,diisopropyl ether,CC(OC(C)C)C,-76.2635,,True
CC(C)OC(C)C,ZAFNJMIOTHYJRJ-UHFFFAOYSA-N,C6H14O,7,bains:Yaws,90,row1639,diisopropyl ether,CC(OC(C)C)C,-76.3384,,True
CC(O)C(C)(C)C,DFOXKPDFWGNLJU-UHFFFAOYSA-N,C6H14O,7,bains:Yaws,90,row1640,"3,3-dimethyl-2-butanol",CC(O)C(C)(C)C,-81.9312,,True
CCOC(C)(C)C,NUMQCACRALPSHD-UHFFFAOYSA-N,C6H14O,7,bains:Yaws,90,row1641,ethyl tert-butyl ether,CC(OCC)(C)C,-75.6453,,True
CC(C)(C)CCO,DUXCSEISVMREAX-UHFFFAOYSA-N,C6H14O,7,bains:Yaws,90,row1642,"3,3-dimethyl-1-butanol",CC(C)(C)CCO,-80.0669,,True
CCCCCCOO,RZICEOJUAFHYFO-UHFFFAOYSA-N,C6H14O2,8,bains:Cox-1,13,row1643,1-hydroperoxyhexane,CCCCCCOO,-80.5000,,True
CCCCOCCO,POAOYUHQDCAZBD-UHFFFAOYSA-N,C6H14O2,8,bains:Yaws,90,row1644,2-butoxyethanol,CCCCOCCO,-105.4015,,True
CCC(CO)CCO,CYVMBANVYOZFIG-UHFFFAOYSA-N,C6H14O2,8,bains:Yaws,90,row1645,"2-ethyl-1,4-butanediol",OCC(CC)CCO,-112.8346,,True
CCC(CO)C(C)O,JULNEFHJBRHDSM-UHFFFAOYSA-N,C6H14O2,8,bains:Yaws,90,row1646,"2-ethyl-1,3-butanediol",CC(O)C(CC)CO,-115.7744,,True
CCC(O)(CC)CO,RMEZNLDVMHNLHR-UHFFFAOYSA-N,C6H14O2,8,bains:Yaws,90,row1647,"2-ethyl-1,2-butanediol",CCC(O)(CC)CO,-117.1606,,True
CCOCCOCC,LZDKZFUFMNSQCJ-UHFFFAOYSA-N,C6H14O2,8,bains:Pedley,12,row1648,"1,2-diethoxyethane",CCOCCOCC,-97.5621,,True
CC(C)C(O)C(C)O,RNKURRDNOYXATR-UHFFFAOYSA-N,C6H14O2,8,bains:Yaws,90,row1649,"dl-erythro-4-methyl-2,3-pentanediol",CC(O)C(O)C(C)C,-118.9532,,True
CCOC(C)OCC,DHKHKXVYLBGOIT-UHFFFAOYSA-N,C6H14O2,8,bains:Pedley,12,row1650,acetal,CC(OCC)OCC,-108.3891,,True
CCOC(C)OCC,DHKHKXVYLBGOIT-UHFFFAOYSA-N,C6H14O2,8,bains:Yaws,90,row1650,acetal,CC(OCC)OCC,-108.3891,,True
CC(C)C(C)(O)CO,SQLSBTNINKQQPG-UHFFFAOYSA-N,C6H14O2,8,bains:Yaws,90,row1651,"2,3-dimethyl-1,2-butanediol",CC(C)C(O)(C)CO,-118.1644,,True
CC(C)(O)C(C)(C)O,IVDFJHOHABJVEH-UHFFFAOYSA-N,C6H14O2,8,bains:Yaws,90,row1652,"2,3-dimethyl-2,3-butanediol",CC(O)(C)C(O)(C)C,-122.6099,,True
CC(CO)C(C)CO,SKQUTIPQJKQFRA-UHFFFAOYSA-N,C6H14O2,8,bains:Yaws,90,row1653,"dl-2,3 -dimethyl-1,4-butanediol",OCC(C)C(C)CO,-113.7189,,True
CC(CO)C(C)(C)O,ITZWYSUTSDPWAQ-UHFFFAOYSA-N,C6H14O2,8,bains:Yaws,90,row1654,"2,3-dimethyl-1,3-butanediol",CC(O)(C)C(C)CO,-118.8815,,True
CC(O)C(C)(C)CO,QXKKYNIWAYERHT-UHFFFAOYSA-N,C6H14O2,8,bains:Yaws,90,row1655,"2,2-dimethyl-1,3-butanediol",CC(O)C(C)(C)CO,-116.8738,,True
CC(C)(C)C(O)CO,YVHAOWGRHCPODY-UHFFFAOYSA-N,C6H14O2,8,bains:Yaws,90,row1656,"3,3-dimethyl-1,2-butanediol",CC(C)(C)C(O)CO,-117.5908,,True
CC(C)(CO)CCO,GQSZUUPRBBBHRI-UHFFFAOYSA-N,C6H14O2,8,bains:Yaws,90,row1657,"2,2-dimethyl-1,4-butanediol",OCC(C)(C)CCO,-115.0096,,True
OCCCCCCO,XXMIOPMDWAUFGU-UHFFFAOYSA-N,C6H14O2,8,bains:Pedley,12,row1658,"1,6-hexanediol",OCCCCCCO,-110.2294,,True
CCOCCOCCO,XXJWXESWEXIICW-UHFFFAOYSA-N,C6H14O3,9,bains:Yaws,90,row1662,2-(2-ethoxyethoxy)ethanol,CCOCCOCCO,-135.0382,,True
CCOCOCOCC,ANPYLYUCGAFKNQ-UHFFFAOYSA-N,C6H14O3,9,bains:Pedley,12,row1663,"3,5,7-trioxa nonane",CCOCOCOCC,-138.8862,,True
CC(O)COC(C)CO,DUFKCOQISQKSAV-UHFFFAOYSA-N,C6H14O3,9,bains:Yaws,90,row1664,dipropylene glycol,CC(OCC(O)C)CO,-150.0956,,True
COCCOCCOC,SBZXBUIDTXKZTM-UHFFFAOYSA-N,C6H14O3,9,bains:Yaws,90,row1665,diethylene glycol dimethyl ether,COCCOCCOC,-122.1319,,True
OCCOCCOCCO,ZIBGPFATKBEMQZ-UHFFFAOYSA-N,C6H14O4,10,bains:Pedley,12,row1668,triethylene glycol,OCCOCCOCCO,-173.2792,,True
OCCOCCOCCO,ZIBGPFATKBEMQZ-UHFFFAOYSA-N,C6H14O4,10,bains:Cox-1,13,row1668,triethylene glycol,OCCOCCOCCO,-173.3000,,True
OCCOCCOCCO,ZIBGPFATKBEMQZ-UHFFFAOYSA-N,C6H14O4,10,bains:Yaws,90,row1668,triethylene glycol,OCCOCCOCCO,-173.3007,,True
CCCCC(C)N,WGBBUURBHXLGFM-UHFFFAOYSA-N,C6H15N,7,bains:Yaws,90,row1691,2-aminohexane,CC(N)CCCC,-34.3690,,True
CCCC(C)CN,WNDXRJBYZOSNQO-UHFFFAOYSA-N,C6H15N,7,bains:Yaws,90,row1692,1-amino-2-methylpentane,CCCC(C)CN,-32.9111,,True
CCCC(N)CC,HQLZFBUAULNEGP-UHFFFAOYSA-N,C6H15N,7,bains:Yaws,90,row1693,3-aminohexane,CCC(N)CCC,-33.8910,,True
CCCNCCC,WEHWNAOGRSTTBQ-UHFFFAOYSA-N,C6H15N,7,bains:Pedley,12,row1694,di-propylamine,CCCNCCC,-27.7486,,True
CCCNCCC,WEHWNAOGRSTTBQ-UHFFFAOYSA-N,C6H15N,7,bains:Yaws,90,row1694,di-propylamine,CCCNCCC,-27.7247,,True
CCC(C)CCN,JLAUIBFZZUVOBB-UHFFFAOYSA-N,C6H15N,7,bains:Yaws,90,row1695,1-amino-3-methylpentane,CCC(C)CCN,-32.9111,,True
CCC(CC)CN,MGWAGIQQTULHGU-UHFFFAOYSA-N,C6H15N,7,bains:Yaws,90,row1696,1-amino-2-ethylbutane,CCC(CC)CN,-32.4331,,True
CCC(C)C(C)N,ZFAGOADKDXXTSV-UHFFFAOYSA-N,C6H15N,7,bains:Yaws,90,row1697,2-amino-3-methylpentane,CC(N)C(C)CC,-34.7753,,True
CCCC(C)(C)N,KPNJYXKRHWAPHP-UHFFFAOYSA-N,C6H15N,7,bains:Yaws,90,row1698,2-amino-2-methylpentane,CC(C)(N)CCC,-37.5478,,True
CCCCN(C)C,DJEQZVQFEPKLOY-UHFFFAOYSA-N,C6H15N,7,bains:Yaws,90,row1699,dimethylbutylamine,CCCCN(C)C,-21.8929,,True
CCC(C)(C)CN,PZVPOYBHOPRJNP-UHFFFAOYSA-N,C6H15N,7,bains:Yaws,90,row1700,"1-amino-2,2-dimethylbutane",CCC(C)(C)CN,-34.6080,,True
CCC(C)(N)CC,VQMPTVQCADWACQ-UHFFFAOYSA-N,C6H15N,7,bains:Yaws,90,row1701,3-amino-3-methylpentane,CCC(C)(N)CC,-36.3528,,True
CCC(N)C(C)C,JYNQKCFJPQEXSL-UHFFFAOYSA-N,C6H15N,7,bains:Yaws,90,row1702,3-amino-2-methylpentane,CC(C)C(N)CC,-34.7753,,True
CCN(CC)CC,ZMANZCXQSJIPKH-UHFFFAOYSA-N,C6H15N,7,bains:Pedley,12,row1703,triethylamine,CCN(CC)CC,-22.1797,,True
CCN(CC)CC,ZMANZCXQSJIPKH-UHFFFAOYSA-N,C6H15N,7,bains:Cox-1,13,row1703,triethylamine,CCN(CC)CC,-23.5900,,True
CCN(CC)CC,ZMANZCXQSJIPKH-UHFFFAOYSA-N,C6H15N,7,bains:Cox-2,13,row1703,triethylamine,CCN(CC)CC,-22.0600,,True
CC(C)CC(C)N,UNBMPKNTYKDYCG-UHFFFAOYSA-N,C6H15N,7,bains:Yaws,90,row1704,2-amino-4-methylpentane,CC(N)CC(C)C,-35.7314,,True
CC(C)C(C)CN,GBMSZXWHMSSBGP-UHFFFAOYSA-N,C6H15N,7,bains:Yaws,90,row1705,"1-amino-2,3-dimethylbutane",CC(C)C(C)CN,-33.7954,,True
CC(C)C(C)(C)N,YQNVPNRHJFZONU-UHFFFAOYSA-N,C6H15N,7,bains:Yaws,90,row1706,"2-amino-2,3-dimethylbutane",CC(C)(N)C(C)C,-37.3566,,True
CC(C)NC(C)C,UAOMVDZJSHZZME-UHFFFAOYSA-N,C6H15N,7,bains:Pedley,12,row1707,diisopropylamine,CC(NC(C)C)C,-34.4168,,True
CC(C)NC(C)C,UAOMVDZJSHZZME-UHFFFAOYSA-N,C6H15N,7,bains:Yaws,90,row1707,diisopropylamine,CC(NC(C)C)C,-33.1740,,True
CC(N)C(C)(C)C,DXSUORGKJZADET-UHFFFAOYSA-N,C6H15N,7,bains:Yaws,90,row1708,"2-amino-3,3-dimethyl butane",CC(N)C(C)(C)C,-36.5918,,True
CCC(C)N(C)C,USSPHSVODLAWSA-UHFFFAOYSA-N,C6H15N,7,bains:Yaws,90,row1709,dimethyl-sec-butylamine,CCC(N(C)C)C,-24.4742,,True
CC(C)CCCN,QVIAMKXOQGCYCV-UHFFFAOYSA-N,C6H15N,7,bains:Yaws,90,row1710,1-amino-4-methylpentane,CC(C)CCCN,-33.3891,,True
CC(C)CN(C)C,GDHRQDYGUDOEIZ-UHFFFAOYSA-N,C6H15N,7,bains:Yaws,90,row1711,dimethylisobutylamine,CC(C)CN(C)C,-23.4943,,True
CC(C)(C)CCN,GPWHFPWZAPOYNO-UHFFFAOYSA-N,C6H15N,7,bains:Yaws,90,row1712,"1-amino-3,3-dimethylbutane",CC(C)(C)CCN,-35.8031,,True
CN(C)C(C)(C)C,OXQMIXBVXHWDPX-UHFFFAOYSA-N,C6H15N,7,bains:Yaws,90,row1713,dimethyl-tert-butylamine,CC(N(C)C)(C)C,-25.2151,,True
NCCN1CCNCC1,IMUDHTPIFIBORV-UHFFFAOYSA-N,C6H15N3,9,bains:Yaws,90,row1714,N-aminoethyl piperazine,NCCN1CCNCC1,5.9990,,True
CC(O)CNCC(C)O,LVTYICIALWPMFW-UHFFFAOYSA-N,C6H15NO2,9,bains:Yaws,90,row1715,diisopropanolamine,CC(O)CNCC(O)C,-108.5086,,True
OCCN(CCO)CCO,GSEJCLTVZPLZKY-UHFFFAOYSA-N,C6H15NO3,10,bains:Yaws,90,row1716,triethanolamine,OCCN(CCO)CCO,-134.3403,,True
NCCNCCNCCN,VILCJCGEZXAXTO-UHFFFAOYSA-N,C6H18N4,10,bains:Yaws,90,row1730,triethylene tetramine,NCCNCCNCCN,0.8007,,True
c1ccc2onnc2c1,SLLFVLKNXABYGI-UHFFFAOYSA-N,C6H4N2O,9,bains:Pedley,12,row1759,"1,2,3-benzoxadiazole",C12=CC=CC=C1ON=N2,71.8690,,True
O=[N+]([O-])c1cccc([N+](=O)[O-])c1,WDCYWAQPCXBPJA-UHFFFAOYSA-N,C6H4N2O4,12,bains:Pedley,12,row1760,m-Dinitrobenzene,O=[N+](C1=CC([N+]([O-])=O)=CC=C1)[O-],12.8585,,True
O=[N+]([O-])c1cccc([N+](=O)[O-])c1,WDCYWAQPCXBPJA-UHFFFAOYSA-N,C6H4N2O4,12,bains:Cox-1,13,row1760,m-Dinitrobenzene,O=[N+](C1=CC([N+]([O-])=O)=CC=C1)[O-],10.7000,,True
O=[N+]([O-])c1cccc([N+](=O)[O-])c1,WDCYWAQPCXBPJA-UHFFFAOYSA-N,C6H4N2O4,12,bains:Cox-2,13,row1760,m-Dinitrobenzene,O=[N+](C1=CC([N+]([O-])=O)=CC=C1)[O-],11.7000,,True
O=[N+]([O-])c1cccc([N+](=O)[O-])c1,WDCYWAQPCXBPJA-UHFFFAOYSA-N,C6H4N2O4,12,bains:Cox-3,13,row1760,m-Dinitrobenzene,O=[N+](C1=CC([N+]([O-])=O)=CC=C1)[O-],10.3000,,True
O=[N+]([O-])c1cccc([N+](=O)[O-])c1,WDCYWAQPCXBPJA-UHFFFAOYSA-N,C6H4N2O4,12,bains:Winget,18,row1760,m-Dinitrobenzene,O=[N+](C1=CC([N+]([O-])=O)=CC=C1)[O-],11.2946,,True
O=[N+]([O-])c1cccc([N+](=O)[O-])c1,WDCYWAQPCXBPJA-UHFFFAOYSA-N,C6H4N2O4,12,bains:Stewart,91,row1760,m-Dinitrobenzene,O=[N+](C1=CC([N+]([O-])=O)=CC=C1)[O-],11.2946,,True
O=C1C=CC(=O)C=C1,AZQWKYJCGOJGHM-UHFFFAOYSA-N,C6H4O2,8,bains:Pedley,12,row1761,benzoquinone,O=C(C=C1)C=CC1=O,-29.3738,,True
O=C1C=CC(=O)C=C1,AZQWKYJCGOJGHM-UHFFFAOYSA-N,C6H4O2,8,bains:Cox-1,13,row1761,benzoquinone,O=C(C=C1)C=CC1=O,-29.6100,,True
O=C1C=CC(=O)C=C1,AZQWKYJCGOJGHM-UHFFFAOYSA-N,C6H4O2,8,bains:Cox-2,13,row1761,benzoquinone,O=C(C=C1)C=CC1=O,-29.0600,,True
O=C1C=CC(=O)C=C1,AZQWKYJCGOJGHM-UHFFFAOYSA-N,C6H4O2,8,bains:Cox-3,13,row1761,benzoquinone,O=C(C=C1)C=CC1=O,-34.4300,,True
O=C1C=CC(=O)C=C1,AZQWKYJCGOJGHM-UHFFFAOYSA-N,C6H4O2,8,bains:Cox-4,13,row1761,benzoquinone,O=C(C=C1)C=CC1=O,-29.3300,,True
O=C1C=CC(=O)C=C1,AZQWKYJCGOJGHM-UHFFFAOYSA-N,C6H4O2,8,bains:Winget,18,row1761,benzoquinone,O=C(C=C1)C=CC1=O,-29.2860,,True
O=C1C=CC(=O)C=C1,AZQWKYJCGOJGHM-UHFFFAOYSA-N,C6H4O2,8,bains:Stewart,91,row1761,benzoquinone,O=C(C=C1)C=CC1=O,-29.2860,,True
O=C1C=CC(=O)C=C1,AZQWKYJCGOJGHM-UHFFFAOYSA-N,C6H4O2,8,bains:Cioslowski,11,row1761,benzoquinone,O=C(C=C1)C=CC1=O,-29.3000,,True
c1ccc2[nH]nnc2c1,QRUDEWIWKLJBPS-UHFFFAOYSA-N,C6H5N3,9,bains:Cioslowski,11,row1776,"1H-benzo[d][1,2,3]triazole",C12=CC=CC=C1NN=N2,80.2000,,True
O=[N+]([O-])c1ccccc1,LQNUZADURLCDLV-UHFFFAOYSA-N,C6H5NO2,9,bains:Pedley,12,row1777,Nitrobenzene,c1ccc(cc1)[N+](=O)[O-],16.1329,,True
O=[N+]([O-])c1ccccc1,LQNUZADURLCDLV-UHFFFAOYSA-N,C6H5NO2,9,bains:Winget,18,row1777,Nitrobenzene,c1ccc(cc1)[N+](=O)[O-],15.3926,,True
O=[N+]([O-])c1ccccc1,LQNUZADURLCDLV-UHFFFAOYSA-N,C6H5NO2,9,bains:Stewart,91,row1777,Nitrobenzene,c1ccc(cc1)[N+](=O)[O-],15.3926,,True
O=[N+]([O-])c1ccccc1,LQNUZADURLCDLV-UHFFFAOYSA-N,C6H5NO2,9,bains:ATcT,10,row1777,Nitrobenzene,c1ccc(cc1)[N+](=O)[O-],14.6989,,True
c1ccccc1,UHOVQNZJYSORNB-UHFFFAOYSA-N,C6H6,6,bains:Pedley,12,row1778,benzene,C1=CC=CC=C1,19.7419,,True
c1ccccc1,UHOVQNZJYSORNB-UHFFFAOYSA-N,C6H6,6,bains:Cox-1,13,row1778,benzene,C1=CC=CC=C1,19.8200,,True
c1ccccc1,UHOVQNZJYSORNB-UHFFFAOYSA-N,C6H6,6,bains:Cox-2,13,row1778,benzene,C1=CC=CC=C1,19.6600,,True
c1ccccc1,UHOVQNZJYSORNB-UHFFFAOYSA-N,C6H6,6,bains:Cox-3,13,row1778,benzene,C1=CC=CC=C1,19.8100,,True
c1ccccc1,UHOVQNZJYSORNB-UHFFFAOYSA-N,C6H6,6,bains:Cox-4,13,row1778,benzene,C1=CC=CC=C1,19.5600,,True
c1ccccc1,UHOVQNZJYSORNB-UHFFFAOYSA-N,C6H6,6,bains:Cox-5,13,row1778,benzene,C1=CC=CC=C1,19.8100,,True
c1ccccc1,UHOVQNZJYSORNB-UHFFFAOYSA-N,C6H6,6,bains:Winget,18,row1778,benzene,C1=CC=CC=C1,19.6906,,True
c1ccccc1,UHOVQNZJYSORNB-UHFFFAOYSA-N,C6H6,6,bains:Stewart,91,row1778,benzene,C1=CC=CC=C1,19.7905,,True
c1ccccc1,UHOVQNZJYSORNB-UHFFFAOYSA-N,C6H6,6,bains:ATcT,10,row1778,benzene,C1=CC=CC=C1,19.8542,,True
c1ccccc1,UHOVQNZJYSORNB-UHFFFAOYSA-N,C6H6,6,bains:Cioslowski,11,row1778,benzene,C1=CC=CC=C1,19.7000,,True
c1ccccc1,UHOVQNZJYSORNB-UHFFFAOYSA-N,C6H6,6,bains:Yaws,90,row1778,benzene,C1=CC=CC=C1,19.8136,,True
c1ccccc1,UHOVQNZJYSORNB-UHFFFAOYSA-N,C6H6,6,bains:NIST-1,14,row1778,benzene,C1=CC=CC=C1,19.8136,,True
c1ccccc1,UHOVQNZJYSORNB-UHFFFAOYSA-N,C6H6,6,bains:NIST-2,14,row1778,benzene,C1=CC=CC=C1,19.7897,,True
c1ccccc1,UHOVQNZJYSORNB-UHFFFAOYSA-N,C6H6,6,bains:NIST-3,14,row1778,benzene,C1=CC=CC=C1,19.8207,,True
c1ccccc1,UHOVQNZJYSORNB-UHFFFAOYSA-N,C6H6,6,bains:NIST-4,14,row1778,benzene,C1=CC=CC=C1,19.0966,,True
CC#CC#CC,PCTCNWZFDASPLA-UHFFFAOYSA-N,C6H6,6,bains:NIST-1,14,row1779,"hexa-2,4-diyne",CC#CC#CC,90.2008,,True
C=C1C=CC=C1,PGTKVMVZBBZCKQ-UHFFFAOYSA-N,C6H6,6,bains:Winget,18,row1780,fulvene,C=C1C=CC=C1,47.4773,,True
C=C1C=CC=C1,PGTKVMVZBBZCKQ-UHFFFAOYSA-N,C6H6,6,bains:Stewart,91,row1780,fulvene,C=C1C=CC=C1,47.4773,,True
C=C1C=CC=C1,PGTKVMVZBBZCKQ-UHFFFAOYSA-N,C6H6,6,bains:Cioslowski,11,row1780,fulvene,C=C1C=CC=C1,53.6000,,True
CCC=C(C#N)C#N,JKBPBRLDGFKIIA-UHFFFAOYSA-N,C6H6N2,8,bains:Yaws,90,row1785,cis-dicyano-1-butene,CC/C=C(C#N)/C#N,64.7706,,True
N#CC/C=C/CC#N,BSVZXPLUMFUWHW-OWOJBTEDSA-N,C6H6N2,8,bains:Yaws,90,row1786,"1,4-dicyano-2-butene",N#CC/C=C/CC#N,62.3805,,True
Nc1ccc([N+](=O)[O-])cc1,TYMLOMAKGOJONV-UHFFFAOYSA-N,C6H6N2O2,10,bains:Pedley,12,row1787,4-nitroaniline,NC1=CC=C([N+]([O-])=O)C=C1,14.0535,,True
Nc1ccc([N+](=O)[O-])cc1,TYMLOMAKGOJONV-UHFFFAOYSA-N,C6H6N2O2,10,bains:Cox-1,13,row1787,4-nitroaniline,NC1=CC=C([N+]([O-])=O)C=C1,16.2000,,True
Nc1ccc([N+](=O)[O-])cc1,TYMLOMAKGOJONV-UHFFFAOYSA-N,C6H6N2O2,10,bains:Cox-2,13,row1787,4-nitroaniline,NC1=CC=C([N+]([O-])=O)C=C1,16.9000,,True
Nc1ccc([N+](=O)[O-])cc1,TYMLOMAKGOJONV-UHFFFAOYSA-N,C6H6N2O2,10,bains:Winget,18,row1787,4-nitroaniline,NC1=CC=C([N+]([O-])=O)C=C1,16.1923,,True
Nc1ccc([N+](=O)[O-])cc1,TYMLOMAKGOJONV-UHFFFAOYSA-N,C6H6N2O2,10,bains:Cioslowski,11,row1787,4-nitroaniline,NC1=CC=C([N+]([O-])=O)C=C1,13.2000,,True
Nc1cccc([N+](=O)[O-])c1,XJCVRTZCHMZPBD-UHFFFAOYSA-N,C6H6N2O2,10,bains:Pedley,12,row1788,m-nitroaniline,Nc1cccc(c1)[N+]([O-])=O,13.9579,,True
Nc1cccc([N+](=O)[O-])c1,XJCVRTZCHMZPBD-UHFFFAOYSA-N,C6H6N2O2,10,bains:Cox-1,13,row1788,m-nitroaniline,Nc1cccc(c1)[N+]([O-])=O,16.5000,,True
Nc1ccccc1[N+](=O)[O-],DPJCXCZTLWNFOH-UHFFFAOYSA-N,C6H6N2O2,10,bains:Pedley,12,row1789,o-nitroaniline,NC1=CC=CC=C1[N+]([O-])=O,15.2486,,True
Nc1ccccc1[N+](=O)[O-],DPJCXCZTLWNFOH-UHFFFAOYSA-N,C6H6N2O2,10,bains:Cox-1,13,row1789,o-nitroaniline,NC1=CC=CC=C1[N+]([O-])=O,15.2000,,True
C=Cc1ccco1,QQBUHYQVKJQAOB-UHFFFAOYSA-N,C6H6O,7,bains:Pedley,12,row1790,furylethylene,C=Cc1occc1,6.6444,,True
C=Cc1ccco1,QQBUHYQVKJQAOB-UHFFFAOYSA-N,C6H6O,7,bains:Cox-1,13,row1790,furylethylene,C=Cc1occc1,6.6000,,True
Oc1ccccc1,ISWSIDIOOBJBQZ-UHFFFAOYSA-N,C6H6O,7,bains:Pedley,12,row1791,phenol,OC1=CC=CC=C1,-23.0402,,True
Oc1ccccc1,ISWSIDIOOBJBQZ-UHFFFAOYSA-N,C6H6O,7,bains:Cox-1,13,row1791,phenol,OC1=CC=CC=C1,-23.0400,,True
Oc1ccccc1,ISWSIDIOOBJBQZ-UHFFFAOYSA-N,C6H6O,7,bains:Cox-2,13,row1791,phenol,OC1=CC=CC=C1,-22.4300,,True
Oc1ccccc1,ISWSIDIOOBJBQZ-UHFFFAOYSA-N,C6H6O,7,bains:Cox-3,13,row1791,phenol,OC1=CC=CC=C1,-22.9400,,True
Oc1ccccc1,ISWSIDIOOBJBQZ-UHFFFAOYSA-N,C6H6O,7,bains:Cox-4,13,row1791,phenol,OC1=CC=CC=C1,-23.0400,,True
Oc1ccccc1,ISWSIDIOOBJBQZ-UHFFFAOYSA-N,C6H6O,7,bains:Winget,18,row1791,phenol,OC1=CC=CC=C1,-22.9890,,True
Oc1ccccc1,ISWSIDIOOBJBQZ-UHFFFAOYSA-N,C6H6O,7,bains:ATcT,10,row1791,phenol,OC1=CC=CC=C1,-22.2562,,True
Oc1ccccc1,ISWSIDIOOBJBQZ-UHFFFAOYSA-N,C6H6O,7,bains:Cioslowski,11,row1791,phenol,OC1=CC=CC=C1,-23.0000,,True
Oc1ccc(O)cc1,QIGBRXMKCJKVMJ-UHFFFAOYSA-N,C6H6O2,8,bains:Pedley,12,row1792,hydroquinone,Oc1ccc(O)cc1,-63.4082,,True
Oc1ccc(O)cc1,QIGBRXMKCJKVMJ-UHFFFAOYSA-N,C6H6O2,8,bains:Cox-1,13,row1792,hydroquinone,Oc1ccc(O)cc1,-63.7600,,True
Oc1ccc(O)cc1,QIGBRXMKCJKVMJ-UHFFFAOYSA-N,C6H6O2,8,bains:Cox-2,13,row1792,hydroquinone,Oc1ccc(O)cc1,-63.0000,,True
Oc1ccc(O)cc1,QIGBRXMKCJKVMJ-UHFFFAOYSA-N,C6H6O2,8,bains:Cox-3,13,row1792,hydroquinone,Oc1ccc(O)cc1,-70.3900,,True
Oc1ccc(O)cc1,QIGBRXMKCJKVMJ-UHFFFAOYSA-N,C6H6O2,8,bains:Cox-4,13,row1792,hydroquinone,Oc1ccc(O)cc1,-63.3800,,True
Oc1cccc(O)c1,GHMLBKRAJCXXBS-UHFFFAOYSA-N,C6H6O2,8,bains:Pedley,12,row1793,"1,3-benzenediol",OC1=CC=CC(O)=C1,-65.6549,,True
COC(=O)c1ccco1,HDJLSECJEQSPKW-UHFFFAOYSA-N,C6H6O3,9,bains:Pedley,12,row1794,2-furancarboxylic acid methyl ester,O=C(C1=CC=CO1)OC,-96.7495,,True
Oc1cccc(O)c1O,WQGWDDDVZFFDIG-UHFFFAOYSA-N,C6H6O3,9,bains:Yaws,90,row1795,"1,2,3-benzenetriol",OC1=CC=CC(O)=C1O,-106.5966,,True
C=C1CC(C#N)C1,ZRWMAMOBIQQJSA-UHFFFAOYSA-N,C6H7N,7,bains:Pedley,12,row1798,3-methylenecyclobutanecarbonitrile,N#CC1CC(C1)=C,60.3489,,True
Cc1ccncc1,FKNQCJSGGFJEIZ-UHFFFAOYSA-N,C6H7N,7,bains:Pedley,12,row1799,4-methylpyridine,Cc1ccncc1,24.8805,,True
Cc1ccncc1,FKNQCJSGGFJEIZ-UHFFFAOYSA-N,C6H7N,7,bains:Cox-1,13,row1799,4-methylpyridine,Cc1ccncc1,24.4100,,True
Cc1cccnc1,ITQTTZVARXURQS-UHFFFAOYSA-N,C6H7N,7,bains:Pedley,12,row1800,3-methylpyridine,Cc1cccnc1,25.4302,,True
Cc1cccnc1,ITQTTZVARXURQS-UHFFFAOYSA-N,C6H7N,7,bains:Cox-1,13,row1800,3-methylpyridine,Cc1cccnc1,26.9500,,True
Cc1cccnc1,ITQTTZVARXURQS-UHFFFAOYSA-N,C6H7N,7,bains:Cox-2,13,row1800,3-methylpyridine,Cc1cccnc1,25.4200,,True
Cc1ccccn1,BSKHPKMHTQYZBB-UHFFFAOYSA-N,C6H7N,7,bains:Pedley,12,row1801,2-methylpyridine,Cc1ccccn1,23.7094,,True
Cc1ccccn1,BSKHPKMHTQYZBB-UHFFFAOYSA-N,C6H7N,7,bains:Cox-1,13,row1801,2-methylpyridine,Cc1ccccn1,24.2600,,True
Cc1ccccn1,BSKHPKMHTQYZBB-UHFFFAOYSA-N,C6H7N,7,bains:Cox-2,13,row1801,2-methylpyridine,Cc1ccccn1,23.7000,,True
N#CC12CCC1C2,WHGLFTRKCCWYES-UHFFFAOYSA-N,C6H7N,7,bains:Pedley,12,row1802,bicyclo[2.1.0]pentane-1-carbonitrile,N#CC12CCC1C2,65.0335,,True
N#CC1C=CCC1,JYPNFPDSJNLMFC-UHFFFAOYSA-N,C6H7N,7,bains:Pedley,12,row1803,2-cyclopentene-1-carbonitrile,N#CC1C=CCC1,33.9627,,True
N#CC1=CCCC1,XBVZRFXCDCYXAX-UHFFFAOYSA-N,C6H7N,7,bains:Pedley,12,row1804,1-cyclopenteme-1-carbonitrile,N#CC1=CCCC1,37.4044,,True
Nc1ccccc1,PAYRUJLWNCNPSJ-UHFFFAOYSA-N,C6H7N,7,bains:Pedley,12,row1805,aniline,NC1=CC=CC=C1,20.8174,,True
Nc1ccccc1,PAYRUJLWNCNPSJ-UHFFFAOYSA-N,C6H7N,7,bains:Cox-1,13,row1805,aniline,NC1=CC=CC=C1,20.7500,,True
Nc1ccccc1,PAYRUJLWNCNPSJ-UHFFFAOYSA-N,C6H7N,7,bains:Cox-2,13,row1805,aniline,NC1=CC=CC=C1,20.8700,,True
Nc1ccccc1,PAYRUJLWNCNPSJ-UHFFFAOYSA-N,C6H7N,7,bains:Cox-3,13,row1805,aniline,NC1=CC=CC=C1,20.8100,,True
Nc1ccccc1,PAYRUJLWNCNPSJ-UHFFFAOYSA-N,C6H7N,7,bains:Winget,18,row1805,aniline,NC1=CC=CC=C1,20.7901,,True
Nc1ccccc1,PAYRUJLWNCNPSJ-UHFFFAOYSA-N,C6H7N,7,bains:Stewart,91,row1805,aniline,NC1=CC=CC=C1,20.7901,,True
Nc1ccccc1,PAYRUJLWNCNPSJ-UHFFFAOYSA-N,C6H7N,7,bains:Cioslowski,11,row1805,aniline,NC1=CC=CC=C1,20.8000,,True
Nc1ccccc1,PAYRUJLWNCNPSJ-UHFFFAOYSA-N,C6H7N,7,bains:Yaws,90,row1805,aniline,NC1=CC=CC=C1,20.7600,,True
Cc1ccc(O)cn1,DHLUJPLHLZJUBW-UHFFFAOYSA-N,C6H7NO,8,bains:Pedley,12,row1806,2-methyl-5-hydroxypyridine,OC1=CN=C(C)C=C1,-16.6826,,True
Cc1cccc(O)n1,JEAVIRYCMBDJIU-UHFFFAOYSA-N,C6H7NO,8,bains:Pedley,12,row1807,2-methyl-6-hydroxypyridine,OC1=CC=CC(C)=N1,-28.7285,,True
Cc1cc(O)ccn1,KZDSIZCJICMHJW-UHFFFAOYSA-N,C6H7NO,8,bains:Pedley,12,row1808,2-methyl-4-hydroxypyridine,OC1=CC(C)=NC=C1,-17.1367,,True
Cc1ncccc1O,AQSRRZGQRFFFGS-UHFFFAOYSA-N,C6H7NO,8,bains:Pedley,12,row1809,2-methyl-3-hydroxypyridine,OC1=CC=CN=C1C,-20.1721,,True
C1=CCC=CC1,UVJHQYIOXKWHFD-UHFFFAOYSA-N,C6H8,6,bains:Winget,18,row1810,"cyclohexa-1,4-diene",C1C=CCC=C1,24.9880,,True
C1=CCC=CC1,UVJHQYIOXKWHFD-UHFFFAOYSA-N,C6H8,6,bains:NIST-1,14,row1810,"cyclohexa-1,4-diene",C1C=CCC=C1,23.9962,,True
C1=CCC=CC1,UVJHQYIOXKWHFD-UHFFFAOYSA-N,C6H8,6,bains:NIST-2,14,row1810,"cyclohexa-1,4-diene",C1C=CCC=C1,26.0516,,True
C1=CCC=CC1,UVJHQYIOXKWHFD-UHFFFAOYSA-N,C6H8,6,bains:NIST-3,14,row1810,"cyclohexa-1,4-diene",C1C=CCC=C1,25.0359,,True
C1=CCCC=C1,MGNZXYYWBUKAII-UHFFFAOYSA-N,C6H8,6,bains:Pedley,12,row1811,"cyclohexa-1,3-diene",C1C=CC=CC1,25.3824,,True
C1=CCCC=C1,MGNZXYYWBUKAII-UHFFFAOYSA-N,C6H8,6,bains:Cox-1,13,row1811,"cyclohexa-1,3-diene",C1C=CC=CC1,25.3800,,True
C1=CCCC=C1,MGNZXYYWBUKAII-UHFFFAOYSA-N,C6H8,6,bains:Winget,18,row1811,"cyclohexa-1,3-diene",C1C=CC=CC1,25.3879,,True
C1=CCCC=C1,MGNZXYYWBUKAII-UHFFFAOYSA-N,C6H8,6,bains:Stewart,91,row1811,"cyclohexa-1,3-diene",C1C=CC=CC1,25.3879,,True
C1=CCCC=C1,MGNZXYYWBUKAII-UHFFFAOYSA-N,C6H8,6,bains:Yaws,90,row1811,"cyclohexa-1,3-diene",C1C=CC=CC1,25.3824,,True
C1=CCCC=C1,MGNZXYYWBUKAII-UHFFFAOYSA-N,C6H8,6,bains:NIST-1,14,row1811,"cyclohexa-1,3-diene",C1C=CC=CC1,24.9952,,True
C1=CC2CCC12,WLDBDXRXMDBHHW-UHFFFAOYSA-N,C6H8,6,bains:Cioslowski,11,row1812,bicyclo[2.2.0]hex-2-ene,C12C=CC1CC2,62.4000,,True
C=C1CCC1=C,QOFLWDYWJZBWHM-UHFFFAOYSA-N,C6H8,6,bains:NIST-1,14,row1813,"1,2-dimethylenecyclobutane",C=C1CCC1=C,48.7572,,True
C=C1C=CCC1,YWQLRBQGXHZJCF-UHFFFAOYSA-N,C6H8,6,bains:NIST-1,14,row1814,3-methylenecyclopent-1-ene,C=C1CCC=C1,27.4857,,True
N#CCCCCC#N,BTGRAWJCKBQKAO-UHFFFAOYSA-N,C6H8N2,8,bains:Pedley,12,row1816,adiponitrile,N#CCCCCC#N,35.7314,,True
N#CCCCCC#N,BTGRAWJCKBQKAO-UHFFFAOYSA-N,C6H8N2,8,bains:Yaws,90,row1816,adiponitrile,N#CCCCCC#N,35.7314,,True
NNc1ccccc1,HKOOXMFOFWEVGF-UHFFFAOYSA-N,C6H8N2,8,bains:Pedley,12,row1817,phenylhydrazine,NNc1ccccc1,48.4943,,True
NNc1ccccc1,HKOOXMFOFWEVGF-UHFFFAOYSA-N,C6H8N2,8,bains:Cox-1,13,row1817,phenylhydrazine,NNc1ccccc1,48.7200,,True
N#CCCOCCC#N,BCGCCTGNWPKXJL-UHFFFAOYSA-N,C6H8N2O,9,bains:Yaws,90,row1818,bis(cyanoethyl) ether,N#CCCOCCC#N,4.8757,,True
Cc1ccc(C)o1,GSNUFIFRDBKVIE-UHFFFAOYSA-N,C6H8O,7,bains:Yaws,90,row1819,"2,5-dimethylfuran",CC1=CC=C(C)O1,-23.3987,,True
Cc1ccoc1C,FJSKXQVRKZTKSI-UHFFFAOYSA-N,C6H8O,7,bains:Yaws,90,row1820,"2,3-dimethylfuran",CC1=C(C)OC=C1,-23.3987,,True
Cc1coc(C)c1,AABTWRKUKUPMJG-UHFFFAOYSA-N,C6H8O,7,bains:Yaws,90,row1821,"2,4-dimethylfuran",CC1=COC(C)=C1,-23.3987,,True
Cc1cocc1C,IVHPMIPYSOTYNM-UHFFFAOYSA-N,C6H8O,7,bains:Yaws,90,row1822,"3,4-dimethylfuran",CC1=COC=C1C,-23.3987,,True
COC(=O)C12CC1C2,YMPZUSVGLNAWPU-UHFFFAOYSA-N,C6H8O2,8,bains:Pedley,12,row1823,methyl bicyclo[1.1.0]-butane-1-carboxylate,O=C(C12CC1C2)OC,-39.3403,,True
CC1(C)CC(=O)OC1=O,ACJPFLIEHGFXGP-UHFFFAOYSA-N,C6H8O3,9,bains:Pedley,12,row1824,"1,1-dimethylsuccinic anhydride",O=C(C(C)(C)C1)OC1=O,-139.0296,,True
CC1(C)CC(=O)OC1=O,ACJPFLIEHGFXGP-UHFFFAOYSA-N,C6H8O3,9,bains:Cox-1,13,row1824,"1,1-dimethylsuccinic anhydride",O=C(C(C)(C)C1)OC1=O,-139.0300,,True
COC(=O)/C=C\C(=O)OC,LDCRTTXIJACKKU-ARJAWSKDSA-N,C6H8O4,10,bains:Yaws,90,row1825,dimethyl maleate,O=C(OC)/C=C\C(OC)=O,-148.3748,,True
Cc1ccc(C)[nH]1,PAPNRQCYSFBWDI-UHFFFAOYSA-N,C6H9N,7,bains:Pedley,12,row1832,"2,5-dimethyl-1H-pyrrole",CC1=CC=C(C)N1,9.5124,,True
N#CC1CCCC1,SVPZJHKVRMRREG-UHFFFAOYSA-N,C6H9N,7,bains:Pedley,12,row1833,cyclopentanecarbonitrile,N#CC1CCCC1,10.2772,,True
Cc1noc(C)c1C,MGHKWBQZEBMFOH-UHFFFAOYSA-N,C6H9NO,8,bains:Pedley,12,row1834,"3,4,5-trimethylisoxazole",Cc1onc(C)c1C,-4.7801,,True
Cc1noc(C)c1C,MGHKWBQZEBMFOH-UHFFFAOYSA-N,C6H9NO,8,bains:Cox-1,13,row1834,"3,4,5-trimethylisoxazole",Cc1onc(C)c1C,-4.8000,,True
CC(=O)N(C(C)=O)C(C)=O,FQTCUKQMGGJRCU-UHFFFAOYSA-N,C6H9NO3,10,bains:Pedley,12,row1835,"N,N-diacetylacetamide",CC(N(C(C)=O)C(C)=O)=O,-131.4771,,True
N#CC(C#N)=C(C#N)C#N,NLDYACGHTUPAQU-UHFFFAOYSA-N,C6N4,10,bains:Pedley,12,row1840,tetracyanoethylene,N#CC(C#N)=C(C#N)C#N,168.4990,,True
N#CC(C#N)=C(C#N)C#N,NLDYACGHTUPAQU-UHFFFAOYSA-N,C6N4,10,bains:Cox-1,13,row1840,tetracyanoethylene,N#CC(C#N)=C(C#N)C#N,168.9000,,True
N#CC(C#N)=C(C#N)C#N,NLDYACGHTUPAQU-UHFFFAOYSA-N,C6N4,10,bains:Cox-2,13,row1840,tetracyanoethylene,N#CC(C#N)=C(C#N)C#N,168.5000,,True
C1=CCCCC=C1,GWYPDXLJACEENP-UHFFFAOYSA-N,C7H10,7,bains:Pedley,12,row1844,"1,3-cycloheptadiene",C1CC=CC=CC1,22.5382,,True
C1=CCCCC=C1,GWYPDXLJACEENP-UHFFFAOYSA-N,C7H10,7,bains:Cox-1,13,row1844,"1,3-cycloheptadiene",C1CC=CC=CC1,22.5600,,True
C1=CC2CCC1C2,JFNLZVQOOSMTJK-UHFFFAOYSA-N,C7H10,7,bains:Pedley,12,row1845,norbornene,C12C=CC(C2)CC1,21.5105,,True
C1C2CC2C2CC12,XIIJQOYMVIJNEP-UHFFFAOYSA-N,C7H10,7,bains:Pedley,12,row1846,"tricyclo[4,1,0,0 2,4]heptane",C12C3CC3CC1C2,35.6597,,True
C1C2CC3C1C3C2,BYBGSCXPMGPLFP-UHFFFAOYSA-N,C7H10,7,bains:Pedley,12,row1847,"tricyclo[2,2,1,0 2,6]heptane",C1(C2)C3CC2CC13,19.6224,,True
C1CC23CCC2(C1)O3,JEHXSFWQQRMPGZ-UHFFFAOYSA-N,C7H10O,8,bains:Pedley,12,row1848,"8-oxatricyclo[3.2.1.0 1,5]octane",C12(O3)CCCC31CC2,6.4293,,True
O=C1CC2CCC1C2,KPMKEVXVVHNIEY-UHFFFAOYSA-N,C7H10O,8,bains:Pedley,12,row1849,norcamphor,O=C1C2CCC(C2)C1,-40.7744,,True
C#CCCC(=O)OCC,WXFVBLCWAIVAFN-UHFFFAOYSA-N,C7H10O2,9,bains:Pedley,12,row1850,ethyl pent-4-ynoate,C#CCCC(OCC)=O,-55.7361,,True
C#CCCC(=O)OCC,WXFVBLCWAIVAFN-UHFFFAOYSA-N,C7H10O2,9,bains:Cox-1,13,row1850,ethyl pent-4-ynoate,C#CCCC(OCC)=O,-55.7000,,True
C=C/C=C/C(=O)OCC,MOJNQUDSDVIYEO-AATRIKPKSA-N,C7H10O2,9,bains:Cox-1,13,row1851,ethyl-b-vinylacrylate,O=C(OCC)/C=C/C=C,-69.2000,,True
CCC#CC(=O)OCC,XDPRPKSTFBPPHU-UHFFFAOYSA-N,C7H10O2,9,bains:Pedley,12,row1852,ethyl pent-2-ynoate,CCC#CC(OCC)=O,-59.8231,,True
CCC#CC(=O)OCC,XDPRPKSTFBPPHU-UHFFFAOYSA-N,C7H10O2,9,bains:Cox-1,13,row1852,ethyl pent-2-ynoate,CCC#CC(OCC)=O,-59.8000,,True
CC#CCC(=O)OCC,PEWKPKXRKGIKDO-UHFFFAOYSA-N,C7H10O2,9,bains:Pedley,12,row1853,ethyl pent-3-ynoate,CC#CCC(OCC)=O,-56.8356,,True
CC#CCC(=O)OCC,PEWKPKXRKGIKDO-UHFFFAOYSA-N,C7H10O2,9,bains:Cox-1,13,row1853,ethyl pent-3-ynoate,CC#CCC(OCC)=O,-56.8000,,True
C1C2CC3CC1OC(O2)O3,VUIDKQHXAUDXKD-UHFFFAOYSA-N,C7H10O3,10,bains:Pedley,12,row1854,"2,4,10-trioxaadamantane",C12OC3OC(C2)CC(O3)C1,-119.3117,,True
C1C2CC3CC1OC(O2)O3,VUIDKQHXAUDXKD-UHFFFAOYSA-N,C7H10O3,10,bains:Cioslowski,11,row1854,"2,4,10-trioxaadamantane",C12OC3OC(C2)CC(O3)C1,-119.3000,,True
CC1C(=O)OC(=O)C1(C)C,KVUMRRVTCYRBGG-UHFFFAOYSA-N,C7H10O3,10,bains:Pedley,12,row1855,trimethylsuccinic anhydride,O=C(O1)C(C)(C)C(C)C1=O,-146.8212,,True
CC1C(=O)OC(=O)C1(C)C,KVUMRRVTCYRBGG-UHFFFAOYSA-N,C7H10O3,10,bains:Cox-1,13,row1855,trimethylsuccinic anhydride,O=C(O1)C(C)(C)C(C)C1=O,-146.8000,,True
N#CC1CCCCC1,VBWIZSYFQSOUFQ-UHFFFAOYSA-N,C7H11N,8,bains:Pedley,12,row1858,cyclohexanecarbonitrile,N#CC1CCCCC1,1.1472,,True
O=C=NC1CCCCC1,KQWGXHWJMSMDJJ-UHFFFAOYSA-N,C7H11NO,9,bains:Yaws,90,row1859,cyclohexyl isocyanate,O=C=NC1CCCCC1,-33.4608,,True
C1=CCCCCC1,ZXIJMRYMVAMXQP-UHFFFAOYSA-N,C7H12,7,bains:Pedley,12,row1860,cycloheptene,C1CCC=CCC1,-2.1989,,True
C1=CCCCCC1,ZXIJMRYMVAMXQP-UHFFFAOYSA-N,C7H12,7,bains:Cox-1,13,row1860,cycloheptene,C1CCC=CCC1,-2.1900,,True
C1CCC2CC2C1,WPHGSKGZRAQSGP-UHFFFAOYSA-N,C7H12,7,bains:Add Lit 1,17,row1861,"bicyclo[4,1,0]heptane",C1CCC2CC2C1,0.3998,,True
C1CCC2CC2C1,WPHGSKGZRAQSGP-UHFFFAOYSA-N,C7H12,7,bains:Add Lit 2,17,row1861,"bicyclo[4,1,0]heptane",C1CCC2CC2C1,2.6487,,True
C1CCC2CC2C1,WPHGSKGZRAQSGP-UHFFFAOYSA-N,C7H12,7,bains:Pedley,12,row1861,"bicyclo[4,1,0]heptane",C1CCC2CC2C1,0.3585,,True
C1CCC2CC2C1,WPHGSKGZRAQSGP-UHFFFAOYSA-N,C7H12,7,bains:Cox-1,13,row1861,"bicyclo[4,1,0]heptane",C1CCC2CC2C1,0.3400,,True
C1CC2CCC1C2,UMRZSTCPUPJPOJ-UHFFFAOYSA-N,C7H12,7,bains:Add Lit 1,17,row1862,bicyclo[2.2.1]heptane,C1(C2)CCC2CC1,-12.4141,,True
C1CC2CCC1C2,UMRZSTCPUPJPOJ-UHFFFAOYSA-N,C7H12,7,bains:Pedley,12,row1862,bicyclo[2.2.1]heptane,C1(C2)CCC2CC1,-13.1214,,True
C1CC2CCC1C2,UMRZSTCPUPJPOJ-UHFFFAOYSA-N,C7H12,7,bains:Winget,18,row1862,bicyclo[2.2.1]heptane,C1(C2)CCC2CC1,-12.3941,,True
C1CC2CCC1C2,UMRZSTCPUPJPOJ-UHFFFAOYSA-N,C7H12,7,bains:Cioslowski,11,row1862,bicyclo[2.2.1]heptane,C1(C2)CCC2CC1,-13.1000,,True
CC=C1CCCC1,VONKRKBGTZDZNV-UHFFFAOYSA-N,C7H12,7,bains:Pedley,12,row1863,ethylidenecyclopentane,C/C=C1CCCC/1,-4.3260,,True
CCC1=CCCC1,QYYQTLLGVAPKPN-UHFFFAOYSA-N,C7H12,7,bains:Pedley,12,row1864,1-ethylcyclopentene,CCC1=CCCC1,-4.7084,,True
CC#CC(C)(C)C,FOALCTWKQSWRST-UHFFFAOYSA-N,C7H12,7,bains:Yaws,90,row1865,"4,4-dimethyl-2-pentyne",CC#CC(C)(C)C,15.2008,,True
C#CCC(C)(C)C,KHBYKPSFBHWBJQ-UHFFFAOYSA-N,C7H12,7,bains:Yaws,90,row1866,"4,4-dimethyl-1-pentyne",C#CCC(C)(C)C,19.5268,,True
C#CC(C)(C)CC,KQIIKSQUHGGYCU-UHFFFAOYSA-N,C7H12,7,bains:Yaws,90,row1867,"3,3-dimethyl-1-pentyne",C#CC(C)(C)CC,19.9092,,True
C#CC(C)C(C)C,JDQKSTIAVKXRSK-UHFFFAOYSA-N,C7H12,7,bains:Yaws,90,row1868,"3,4-dimethyl-1-pentyne",C#CC(C)C(C)C,20.5784,,True
CC1=CCC(C)C1,YYDXWNZZLPCQSL-UHFFFAOYSA-N,C7H12,7,bains:Yaws,90,row1869,"1,4-dimethylcyclopentene",CC1CC=C(C)C1,-5.4254,,True
C[C@H]1C=C[C@H](C)C1,PUPAPFTXLYVYPX-BQBZGAKWSA-N,C7H12,7,bains:Yaws,90,row1870,"3,trans-5-dimethylcyclopentene",C[C@@H]1C[C@@H](C)C=C1,-3.9914,,True
CC1=CC(C)CC1,QIIAONVJAUZQQR-UHFFFAOYSA-N,C7H12,7,bains:Yaws,90,row1871,"1,3-dimethylcyclopentene",CC1C=C(C)CC1,-7.0985,,True
C[C@H]1C=CC[C@@H]1C,JOVGLRSLWFSVNB-BQBZGAKWSA-N,C7H12,7,bains:Yaws,90,row1872,"3,trans-4-dimethylcyclopentene",C[C@@H]1[C@@H](C)C=CC1,-2.7964,,True
CC1=C(C)CCC1,SZZWLAZADBEDQP-UHFFFAOYSA-N,C7H12,7,bains:Yaws,90,row1873,"1,2-dimethylcyclopentene",CC1=C(C)CCC1,-9.3690,,True
CC1=CCCC1C,RIICRLQIUAAOOE-UHFFFAOYSA-N,C7H12,7,bains:Yaws,90,row1874,"1,5-dimethylcyclopentene",CC1CCC=C1C,-6.9551,,True
CC1(C)C=CCC1,FONFXXNTLGAHGI-UHFFFAOYSA-N,C7H12,7,bains:Yaws,90,row1875,"3,3-dimethylcyclopentene",CC1(C)C=CCC1,-5.0430,,True
CC1(C)CC=CC1,LKXAUCPURVBMRN-UHFFFAOYSA-N,C7H12,7,bains:Yaws,90,row1876,"4,4-dimethylcyclopentene",CC1(C)CC=CC1,-1.6969,,True
CC12CCCC1C2,GVMYEQUFGUYMTP-UHFFFAOYSA-N,C7H12,7,bains:Add Lit 1,17,row1877,1-methyl-bicyclo[3.1.0]-hexane,CC12CCCC1C2,0.3598,,True
CC12CCCC1C2,GVMYEQUFGUYMTP-UHFFFAOYSA-N,C7H12,7,bains:Pedley,12,row1877,1-methyl-bicyclo[3.1.0]-hexane,CC12CCCC1C2,0.3585,,True
C=C1CCCCC1,YULMNMJFAZWLLN-UHFFFAOYSA-N,C7H12,7,bains:Pedley,12,row1878,methylnenecyclohexane,C=C1CCCCC1,-6.0229,,True
CC1=CCCCC1,CTMHWPIWNRWQEG-UHFFFAOYSA-N,C7H12,7,bains:Pedley,12,row1879,1-methylcyclohexene,CC1=CCCCC1,-10.3489,,True
CC1=CCCCC1,CTMHWPIWNRWQEG-UHFFFAOYSA-N,C7H12,7,bains:Cox-1,13,row1879,1-methylcyclohexene,CC1=CCCCC1,-10.3400,,True
CC1=CCCCC1,CTMHWPIWNRWQEG-UHFFFAOYSA-N,C7H12,7,bains:Cox-2,13,row1879,1-methylcyclohexene,CC1=CCCCC1,-9.2000,,True
CC1=CCCCC1,CTMHWPIWNRWQEG-UHFFFAOYSA-N,C7H12,7,bains:Cox-3,13,row1879,1-methylcyclohexene,CC1=CCCCC1,-10.3400,,True
O=C1CCCCCC1,CGZZMOTZOONQIA-UHFFFAOYSA-N,C7H12O,8,bains:Pedley,12,row1882,cycloheptanone,O=C1CCCCCC1,-59.1539,,True
O=C1CCCCCC1,CGZZMOTZOONQIA-UHFFFAOYSA-N,C7H12O,8,bains:Cox-1,13,row1882,cycloheptanone,O=C1CCCCCC1,-59.1000,,True
C/C=C/CC(=O)OCC,UMLQAWUDAFCGGS-HWKANZROSA-N,C7H12O2,9,bains:Pedley,12,row1883,ethyl-trans-3-pentenoate,CCOC(=O)C\C=C\C,-93.2600,,True
C/C=C/CC(=O)OCC,UMLQAWUDAFCGGS-HWKANZROSA-N,C7H12O2,9,bains:Cox-1,13,row1883,ethyl-trans-3-pentenoate,CCOC(=O)C\C=C\C,-93.2000,,True
C=CCCC(=O)OCC,PTVSRINJXWDIKP-UHFFFAOYSA-N,C7H12O2,9,bains:Pedley,12,row1884,ethyl-4-pentenoate,CCOC(=O)CCC=C,-92.1606,,True
C=CCCC(=O)OCC,PTVSRINJXWDIKP-UHFFFAOYSA-N,C7H12O2,9,bains:Cox-1,13,row1884,ethyl-4-pentenoate,CCOC(=O)CCC=C,-92.1000,,True
CC/C=C/C(=O)OCC,AGMKVZDPATUSMS-AATRIKPKSA-N,C7H12O2,9,bains:Pedley,12,row1885,ethyl-trans-2-pentenoate,CCOC(=O)\C=C\CC,-94.2400,,True
CC/C=C/C(=O)OCC,AGMKVZDPATUSMS-AATRIKPKSA-N,C7H12O2,9,bains:Cox-1,13,row1885,ethyl-trans-2-pentenoate,CCOC(=O)\C=C\CC,-94.2000,,True
C=CC(=O)OCCCC,CQEYYJKEWSMYFG-UHFFFAOYSA-N,C7H12O2,9,bains:Yaws,90,row1886,butyl acrylate,C=CC(OCCCC)=O,-94.4192,,True
C/C=C/C(=O)OCCC,ZHDCHCTZRODSEN-HWKANZROSA-N,C7H12O2,9,bains:Pedley,12,row1887,n-propyl crotonate,C/C=C/C(OCCC)=O,-94.4551,,True
C/C=C/C(=O)OCCC,ZHDCHCTZRODSEN-HWKANZROSA-N,C7H12O2,9,bains:Cox-1,13,row1887,n-propyl crotonate,C/C=C/C(OCCC)=O,-94.4000,,True
C/C=C/C(=O)OC(C)C,AABBHSMFGKYLKE-SNAWJCMRSA-N,C7H12O2,9,bains:Pedley,12,row1888,isopropyl crotonate,C/C=C/C(OC(C)C)=O,-98.2553,,True
C/C=C/C(=O)OC(C)C,AABBHSMFGKYLKE-SNAWJCMRSA-N,C7H12O2,9,bains:Cox-1,13,row1888,isopropyl crotonate,C/C=C/C(OC(C)C)=O,-98.2000,,True
C1OCC2(CO1)COCOC2,BGCSUUSPRCDKBQ-UHFFFAOYSA-N,C7H12O4,11,bains:Pedley,12,row1889,"5,5'-spirobis-1,3-dioxan",O(C1)COCC21COCOC2,-150.4541,,True
C1OCC2(CO1)COCOC2,BGCSUUSPRCDKBQ-UHFFFAOYSA-N,C7H12O4,11,bains:Cox-1,13,row1889,"5,5'-spirobis-1,3-dioxan",O(C1)COCC21COCOC2,-150.4000,,True
CCCCCCC#N,SDAXRHHPNYTELL-UHFFFAOYSA-N,C7H13N,8,bains:Pedley,12,row1905,heptanenitrile,CCCCCCC#N,-7.4092,,True
C1CN2CCC1CC2,SBYHFKPVCBCYGV-UHFFFAOYSA-N,C7H13N,8,bains:Pedley,12,row1906,quinuclidine,N1(CC2)CCC2CC1,-1.0038,,True
C1CN2CCC1CC2,SBYHFKPVCBCYGV-UHFFFAOYSA-N,C7H13N,8,bains:Cioslowski,11,row1906,quinuclidine,N1(CC2)CCC2CC1,-1.0000,,True
C1CCCCCC1,DMEGYFMYUHOHGS-UHFFFAOYSA-N,C7H14,7,bains:Pedley,12,row1907,cycloheptane,C1CCCCCC1,-28.2266,,True
C1CCCCCC1,DMEGYFMYUHOHGS-UHFFFAOYSA-N,C7H14,7,bains:Cox-1,13,row1907,cycloheptane,C1CCCCCC1,-28.2200,,True
C1CCCCCC1,DMEGYFMYUHOHGS-UHFFFAOYSA-N,C7H14,7,bains:Cox-2,13,row1907,cycloheptane,C1CCCCCC1,-28.1800,,True
C1CCCCCC1,DMEGYFMYUHOHGS-UHFFFAOYSA-N,C7H14,7,bains:Cox-3,13,row1907,cycloheptane,C1CCCCCC1,-28.7000,,True
C1CCCCCC1,DMEGYFMYUHOHGS-UHFFFAOYSA-N,C7H14,7,bains:Cox-4,13,row1907,cycloheptane,C1CCCCCC1,-28.2100,,True
C1CCCCCC1,DMEGYFMYUHOHGS-UHFFFAOYSA-N,C7H14,7,bains:Yaws,90,row1907,cycloheptane,C1CCCCCC1,-28.2266,,True
CCC1CCCC1,IFTRQJLVEBNKJK-UHFFFAOYSA-N,C7H14,7,bains:Pedley,12,row1908,ethylcyclopentane,CCC1CCCC1,-30.3298,,True
CCC1CCCC1,IFTRQJLVEBNKJK-UHFFFAOYSA-N,C7H14,7,bains:Cox-1,13,row1908,ethylcyclopentane,CCC1CCCC1,-30.3400,,True
CCC1CCCC1,IFTRQJLVEBNKJK-UHFFFAOYSA-N,C7H14,7,bains:Cox-2,13,row1908,ethylcyclopentane,CCC1CCCC1,-30.9000,,True
CCC1CCCC1,IFTRQJLVEBNKJK-UHFFFAOYSA-N,C7H14,7,bains:Cox-3,13,row1908,ethylcyclopentane,CCC1CCCC1,-30.3400,,True
C=CCCCCC,ZGEGCLOFRBLKSE-UHFFFAOYSA-N,C7H14,7,bains:Pedley,12,row1909,n-heptene,CCCCCC=C,-14.8901,,True
C=CCCCCC,ZGEGCLOFRBLKSE-UHFFFAOYSA-N,C7H14,7,bains:Cox-1,13,row1909,n-heptene,CCCCCC=C,-14.6700,,True
C=CCCCCC,ZGEGCLOFRBLKSE-UHFFFAOYSA-N,C7H14,7,bains:Cox-2,13,row1909,n-heptene,CCCCCC=C,-16.4300,,True
C=CCCCCC,ZGEGCLOFRBLKSE-UHFFFAOYSA-N,C7H14,7,bains:Cox-3,13,row1909,n-heptene,CCCCCC=C,-15.3600,,True
C=CCCCCC,ZGEGCLOFRBLKSE-UHFFFAOYSA-N,C7H14,7,bains:Cox-4,13,row1909,n-heptene,CCCCCC=C,-15.6000,,True
C=CCCCCC,ZGEGCLOFRBLKSE-UHFFFAOYSA-N,C7H14,7,bains:Cox-5,13,row1909,n-heptene,CCCCCC=C,-14.9600,,True
C=CCCC(C)C,JIUFYGIESXPUPL-UHFFFAOYSA-N,C7H14,7,bains:Pedley,12,row1910,5-methyl-1-hexene,CC(C)CCC=C,-15.7027,,True
C=CCCC(C)C,JIUFYGIESXPUPL-UHFFFAOYSA-N,C7H14,7,bains:Cox-1,13,row1910,5-methyl-1-hexene,CC(C)CCC=C,-15.7000,,True
CC/C=C(\C)CC,FHHSSXNRVNXTBG-VOTSOKGWSA-N,C7H14,7,bains:Pedley,12,row1911,3-methyl-trans-3-hexene,CC/C=C(C)/CC,-18.3556,,True
CC/C=C(\C)CC,FHHSSXNRVNXTBG-VOTSOKGWSA-N,C7H14,7,bains:Cox-1,13,row1911,3-methyl-trans-3-hexene,CC/C=C(C)/CC,-18.3600,,True
C/C=C\C(C)(C)C,BIDIHFPLDRSAMB-WAYWQWQTSA-N,C7H14,7,bains:Pedley,12,row1912,"4,4-dimethyl-cis-2-pentene",C/C=C\C(C)(C)C,-21.2237,,True
C/C=C\C(C)(C)C,BIDIHFPLDRSAMB-WAYWQWQTSA-N,C7H14,7,bains:Cox-1,13,row1912,"4,4-dimethyl-cis-2-pentene",C/C=C\C(C)(C)C,-21.2200,,True
C/C=C\C(C)(C)C,BIDIHFPLDRSAMB-WAYWQWQTSA-N,C7H14,7,bains:Yaws,90,row1912,"4,4-dimethyl-cis-2-pentene",C/C=C\C(C)(C)C,-17.7103,,True
C=CCC(C)(C)C,KLCNJIQZXOQYTE-UHFFFAOYSA-N,C7H14,7,bains:Pedley,12,row1913,"4,4-dimethyl-1-pentene",C=CCC(C)(C)C,-19.5029,,True
C=CCC(C)(C)C,KLCNJIQZXOQYTE-UHFFFAOYSA-N,C7H14,7,bains:Cox-1,13,row1913,"4,4-dimethyl-1-pentene",C=CCC(C)(C)C,-18.9600,,True
C=CCC(C)(C)C,KLCNJIQZXOQYTE-UHFFFAOYSA-N,C7H14,7,bains:Cox-2,13,row1913,"4,4-dimethyl-1-pentene",C=CCC(C)(C)C,-19.9100,,True
C=CCC(C)(C)C,KLCNJIQZXOQYTE-UHFFFAOYSA-N,C7H14,7,bains:Cox-3,13,row1913,"4,4-dimethyl-1-pentene",C=CCC(C)(C)C,-19.4400,,True
C=CCC(C)(C)C,KLCNJIQZXOQYTE-UHFFFAOYSA-N,C7H14,7,bains:Yaws,90,row1913,"4,4-dimethyl-1-pentene",C=CCC(C)(C)C,-19.2161,,True
C=CC(C)(C)CC,TXBZITDWMURSEF-UHFFFAOYSA-N,C7H14,7,bains:Yaws,90,row1914,"3,3-dimethyl-1-pentene",C=CC(C)(C)CC,-17.4952,,True
C/C=C(/C)C(C)C,PPBWEVVDSRKEIK-ALCCZGGFSA-N,C7H14,7,bains:Yaws,90,row1915,"3,4-dimethyl-cis-2-pentene",C/C=C(C)\C(C)C,-20.4589,,True
C=CC(C)C(C)C,WFHXQNMTMDKVJG-UHFFFAOYSA-N,C7H14,7,bains:Yaws,90,row1916,"3,4-dimethyl-1-pentene",C=CC(C)C(C)C,-17.8776,,True
CCC(C)=C(C)C,WFHALSLYRWWUGH-UHFFFAOYSA-N,C7H14,7,bains:Yaws,90,row1917,"2,3-dimethyl-2-pentene",C/C(C)=C(C)\CC,-20.9608,,True
C=C(CC)C(C)C,ADHCYQWFCLQBFG-UHFFFAOYSA-N,C7H14,7,bains:Pedley,12,row1918,3-methyl-2-ethyl-1-butene,CCC(=C)C(C)C,-19.0010,,True
C=C(CC)C(C)C,ADHCYQWFCLQBFG-UHFFFAOYSA-N,C7H14,7,bains:Cox-1,13,row1918,3-methyl-2-ethyl-1-butene,CCC(=C)C(C)C,-19.0100,,True
C=C(C)C(C)CC,LIMAEKMEXJTSNI-UHFFFAOYSA-N,C7H14,7,bains:Yaws,90,row1919,"2,3-dimethyl-1-pentene",C=C(C)C(C)CC,-19.6702,,True
CC(C)=CC(C)C,VVCFYASOGFVJFN-UHFFFAOYSA-N,C7H14,7,bains:Pedley,12,row1920,"2,4-dimethyl-2-pentene",C/C(C)=C\C(C)C,-21.1998,,True
CC(C)=CC(C)C,VVCFYASOGFVJFN-UHFFFAOYSA-N,C7H14,7,bains:Cox-1,13,row1920,"2,4-dimethyl-2-pentene",C/C(C)=C\C(C)C,-21.2000,,True
CC(C)=CC(C)C,VVCFYASOGFVJFN-UHFFFAOYSA-N,C7H14,7,bains:Yaws,90,row1920,"2,4-dimethyl-2-pentene",C/C(C)=C\C(C)C,-21.5583,,True
C=C(C)CC(C)C,LXQPBCHJNIOMQU-UHFFFAOYSA-N,C7H14,7,bains:Pedley,12,row1921,"2,4-dimethyl-1-pentene",C=C(C)CC(C)C,-20.0287,,True
C=C(C)CC(C)C,LXQPBCHJNIOMQU-UHFFFAOYSA-N,C7H14,7,bains:Cox-1,13,row1921,"2,4-dimethyl-1-pentene",C=C(C)CC(C)C,-20.0300,,True
C=C(C)CC(C)C,LXQPBCHJNIOMQU-UHFFFAOYSA-N,C7H14,7,bains:Yaws,90,row1921,"2,4-dimethyl-1-pentene",C=C(C)CC(C)C,-19.3117,,True
C=C(C)C(C)(C)C,AUYRUAVCWOAHQN-UHFFFAOYSA-N,C7H14,7,bains:Pedley,12,row1922,"2,3,3-trimethyl-butene",CC(=C)C(C)(C)C,-20.4350,,True
C=C(C)C(C)(C)C,AUYRUAVCWOAHQN-UHFFFAOYSA-N,C7H14,7,bains:Cox-1,13,row1922,"2,3,3-trimethyl-butene",CC(=C)C(C)(C)C,-20.4300,,True
C[C@@H]1CC[C@H](C)C1,XAZKFISIRYLAEE-KNVOCYPGSA-N,C7H14,7,bains:Pedley,12,row1923,"cis-1,3-dimethylcyclopentane",C[C@@H]1C[C@H](C)CC1,-31.9312,,True
C[C@@H]1CC[C@H](C)C1,XAZKFISIRYLAEE-KNVOCYPGSA-N,C7H14,7,bains:Cox-1,13,row1923,"cis-1,3-dimethylcyclopentane",C[C@@H]1C[C@H](C)CC1,-32.4800,,True
C[C@@H]1CC[C@H](C)C1,XAZKFISIRYLAEE-KNVOCYPGSA-N,C7H14,7,bains:Cox-2,13,row1923,"cis-1,3-dimethylcyclopentane",C[C@@H]1C[C@H](C)CC1,-31.9200,,True
C[C@@H]1CC[C@H](C)C1,XAZKFISIRYLAEE-KNVOCYPGSA-N,C7H14,7,bains:Yaws,90,row1923,"cis-1,3-dimethylcyclopentane",C[C@@H]1C[C@H](C)CC1,-32.4809,,True
C[C@@H]1CCC[C@@H]1C,RIRARCHMRDHZAR-KNVOCYPGSA-N,C7H14,7,bains:Pedley,12,row1924,"cis-1,2-dimethylcyclopentane",C[C@@H]1[C@H](C)CCC1,-32.6482,,True
C[C@@H]1CCC[C@@H]1C,RIRARCHMRDHZAR-KNVOCYPGSA-N,C7H14,7,bains:Cox-1,13,row1924,"cis-1,2-dimethylcyclopentane",C[C@@H]1[C@H](C)CCC1,-30.9500,,True
C[C@@H]1CCC[C@@H]1C,RIRARCHMRDHZAR-KNVOCYPGSA-N,C7H14,7,bains:Cox-2,13,row1924,"cis-1,2-dimethylcyclopentane",C[C@@H]1[C@H](C)CCC1,-30.6600,,True
C[C@@H]1CCC[C@@H]1C,RIRARCHMRDHZAR-KNVOCYPGSA-N,C7H14,7,bains:Yaws,90,row1924,"cis-1,2-dimethylcyclopentane",C[C@@H]1[C@H](C)CCC1,-30.9512,,True
CC1(C)CCCC1,QWHNJUXXYKPLQM-UHFFFAOYSA-N,C7H14,7,bains:Pedley,12,row1925,"1,1-dimethylcyclopentane",CC1(C)CCCC1,-33.0306,,True
CC1(C)CCCC1,QWHNJUXXYKPLQM-UHFFFAOYSA-N,C7H14,7,bains:Cox-1,13,row1925,"1,1-dimethylcyclopentane",CC1(C)CCCC1,-33.0400,,True
CC1(C)CCCC1,QWHNJUXXYKPLQM-UHFFFAOYSA-N,C7H14,7,bains:Yaws,90,row1925,"1,1-dimethylcyclopentane",CC1(C)CCCC1,-33.0306,,True
CC1CCCCC1,UAEPNZWRGJTJPN-UHFFFAOYSA-N,C7H14,7,bains:Pedley,12,row1926,methylcyclohexane,CC1CCCCC1,-36.9742,,True
CC1CCCCC1,UAEPNZWRGJTJPN-UHFFFAOYSA-N,C7H14,7,bains:Cox-1,13,row1926,methylcyclohexane,CC1CCCCC1,-36.9800,,True
CC1CCCCC1,UAEPNZWRGJTJPN-UHFFFAOYSA-N,C7H14,7,bains:Cox-2,13,row1926,methylcyclohexane,CC1CCCCC1,-37.2200,,True
CC1CCCCC1,UAEPNZWRGJTJPN-UHFFFAOYSA-N,C7H14,7,bains:Cox-3,13,row1926,methylcyclohexane,CC1CCCCC1,-36.9800,,True
CC1(C)CC(C)(C)N=N1,NGDUXZPCAJWHOW-UHFFFAOYSA-N,C7H14N2,9,bains:Pedley,12,row1933,"3,3,5,5-tetramethyl-1-pyrazoline",CC1(C)CC(C)(C)N=N1,9.3690,,True
CCCCCCC=O,FXHGMKSSBGDXIY-UHFFFAOYSA-N,C7H14O,8,bains:Pedley,12,row1934,heptanal,CCCCCCC=O,-63.0497,,True
CCCCCCC=O,FXHGMKSSBGDXIY-UHFFFAOYSA-N,C7H14O,8,bains:Cox-1,13,row1934,heptanal,CCCCCCC=O,-63.1000,,True
CC(=O)C(C)C(C)C,QXHRQZNDMYRDPA-UHFFFAOYSA-N,C7H14O,8,bains:Yaws,90,row1935,"3,4-dimethyl-2-pentanone",CC(C(C)C(C)C)=O,-74.3188,,True
CC(C)C(=O)C(C)C,HXVNBWAKAOHACI-UHFFFAOYSA-N,C7H14O,8,bains:Pedley,12,row1936,"2,4-dimethyl-3-pentanone",CC(C)C(C(C)C)=O,-74.4025,,True
CC(C)C(=O)C(C)C,HXVNBWAKAOHACI-UHFFFAOYSA-N,C7H14O,8,bains:Cox-1,13,row1936,"2,4-dimethyl-3-pentanone",CC(C)C(C(C)C)=O,-74.4000,,True
CC(C)C(=O)C(C)C,HXVNBWAKAOHACI-UHFFFAOYSA-N,C7H14O,8,bains:Yaws,90,row1936,"2,4-dimethyl-3-pentanone",CC(C)C(C(C)C)=O,-74.4264,,True
CCC(=O)C(C)(C)C,VLNUTKMHYLQCQB-UHFFFAOYSA-N,C7H14O,8,bains:Pedley,12,row1937,"2,2-dimethyl-3-pentanone",CC(C)(C)C(CC)=O,-74.9761,,True
CCC(=O)C(C)(C)C,VLNUTKMHYLQCQB-UHFFFAOYSA-N,C7H14O,8,bains:Cox-1,13,row1937,"2,2-dimethyl-3-pentanone",CC(C)(C)C(CC)=O,-74.9900,,True
CCC(=O)C(C)(C)C,VLNUTKMHYLQCQB-UHFFFAOYSA-N,C7H14O,8,bains:Yaws,90,row1937,"2,2-dimethyl-3-pentanone",CC(C)(C)C(CC)=O,-73.8862,,True
CCC(C)(C)C(C)=O,QSHJLBQLQVSEFV-UHFFFAOYSA-N,C7H14O,8,bains:Yaws,90,row1938,"3,3-dimethyl-2-pentanone",CC(C(C)(C)CC)=O,-73.8862,,True
CC(=O)CC(C)(C)C,AZASWMGVGQEVCS-UHFFFAOYSA-N,C7H14O,8,bains:Yaws,90,row1939,"4,4-dimethyl-2-pentanone",CC(CC(C)(C)C)=O,-73.8862,,True
C[C@H]1CC[C@@H](O)CC1,MQWCXKGKQLNYQG-KNVOCYPGSA-N,C7H14O,8,bains:Pedley,12,row1940,cis-4-methylcyclohexanol,C[C@H]1CC[C@@H](O)CC1,-87.7629,,True
C[C@H]1CC[C@@H](O)CC1,MQWCXKGKQLNYQG-KNVOCYPGSA-N,C7H14O,8,bains:Cox-1,13,row1940,cis-4-methylcyclohexanol,C[C@H]1CC[C@@H](O)CC1,-83.1000,,True
C[C@H]1CCC[C@H](O)C1,HTSABYAWKQAHBT-BQBZGAKWSA-N,C7H14O,8,bains:Pedley,12,row1941,trans-3-methylcyclohexanol,C[C@H]1CCC[C@H](O)C1,-78.6568,,True
C[C@H]1CCC[C@H](O)C1,HTSABYAWKQAHBT-BQBZGAKWSA-N,C7H14O,8,bains:Cox-1,13,row1941,trans-3-methylcyclohexanol,C[C@H]1CCC[C@H](O)C1,-87.8000,,True
C[C@@H]1CCCC[C@H]1O,NDVWOBYBJYUSMF-RNFRBKRXSA-N,C7H14O,8,bains:Cox-1,13,row1942,trans-2-methylcyclohexanol,C[C@@H]1CCCC[C@H]1O,-84.3000,,True
CCCCCCC(=O)O,MNWFXJYAOYHMED-UHFFFAOYSA-N,C7H14O2,9,bains:Pedley,12,row1943,heptanoic acid,CCCCCCC(O)=O,-128.1549,,True
CCCCCCC(=O)O,MNWFXJYAOYHMED-UHFFFAOYSA-N,C7H14O2,9,bains:Cox-1,13,row1943,heptanoic acid,CCCCCCC(O)=O,-127.3000,,True
CCCCCCC(=O)O,MNWFXJYAOYHMED-UHFFFAOYSA-N,C7H14O2,9,bains:Cox-2,13,row1943,heptanoic acid,CCCCCCC(O)=O,-128.0000,,True
CCCCCCC(=O)O,MNWFXJYAOYHMED-UHFFFAOYSA-N,C7H14O2,9,bains:Cox-3,13,row1943,heptanoic acid,CCCCCCC(O)=O,-127.7000,,True
CCCCCC(=O)OC,NUKZAGXMHTUAFE-UHFFFAOYSA-N,C7H14O2,9,bains:Pedley,12,row1944,methyl hexanoate,CCCCCC(OC)=O,-117.7342,,True
CCCCCC(=O)OC,NUKZAGXMHTUAFE-UHFFFAOYSA-N,C7H14O2,9,bains:Cox-1,13,row1944,methyl hexanoate,CCCCCC(OC)=O,-118.0000,,True
CCCCC(=O)OCC,ICMAFTSLXCXHRK-UHFFFAOYSA-N,C7H14O2,9,bains:Pedley,12,row1945,ethyl pentanoate,CCCCC(OCC)=O,-121.1520,,True
CCCCC(=O)OCC,ICMAFTSLXCXHRK-UHFFFAOYSA-N,C7H14O2,9,bains:Cox-1,13,row1945,ethyl pentanoate,CCCCC(OCC)=O,-121.4000,,True
CCCCC(=O)OCC,ICMAFTSLXCXHRK-UHFFFAOYSA-N,C7H14O2,9,bains:Cox-2,13,row1945,ethyl pentanoate,CCCCC(OCC)=O,-121.2000,,True
CCCCOC(=O)CC,BTMVHUNTONAYDX-UHFFFAOYSA-N,C7H14O2,9,bains:Yaws,90,row1946,butyl propanoate,CCC(OCCCC)=O,-120.1243,,True
CCOC(=O)C(C)CC,HCRBXQFHJMCTLF-UHFFFAOYSA-N,C7H14O2,9,bains:Pedley,12,row1947,ethyl a-methylbutyrate,CCC(C)C(OCC)=O,-124.8566,,True
CCOC(=O)C(C)CC,HCRBXQFHJMCTLF-UHFFFAOYSA-N,C7H14O2,9,bains:Cox-1,13,row1947,ethyl a-methylbutyrate,CCC(C)C(OCC)=O,-124.9000,,True
CCC(=O)OC(C)CC,VPSLGSSVPWVZFG-UHFFFAOYSA-N,C7H14O2,9,bains:Yaws,90,row1948,sec-butyl propanoate,CCC(OC(C)CC)=O,-122.5382,,True
CCOC(=O)CC(C)C,PPXUHEORWJQRHJ-UHFFFAOYSA-N,C7H14O2,9,bains:Pedley,12,row1949,ethyl isovalerate,CC(C)CC(OCC)=O,-125.9560,,True
CCOC(=O)CC(C)C,PPXUHEORWJQRHJ-UHFFFAOYSA-N,C7H14O2,9,bains:Cox-1,13,row1949,ethyl isovalerate,CC(C)CC(OCC)=O,-126.0000,,True
CCOC(=O)CC(C)C,PPXUHEORWJQRHJ-UHFFFAOYSA-N,C7H14O2,9,bains:Yaws,90,row1949,ethyl isovalerate,CC(C)CC(OCC)=O,-125.9560,,True
CC(=O)OC(C)C(C)C,ZLSXRPTWWRGMTJ-UHFFFAOYSA-N,C7H14O2,9,bains:Yaws,90,row1950,"1,2-dimethylpropyl acetate",CC(OC(C)C(C)C)=O,-125.6214,,True
C[C@H]1O[C@H](C)C[C@H](C)O1,OQGOSNRNRKMTEX-ZMONIFLSSA-N,C7H14O2,9,bains:Cox-1,13,row1951,"2-cis-4-trans-6-trimethyl-1,3-dioxan",C[C@H]1C[C@@H](C)O[C@H](C)O1,-106.7600,,True
CCC(=O)OC(C)(C)C,JAELLLITIZHOGQ-UHFFFAOYSA-N,C7H14O2,9,bains:Yaws,90,row1952,tert-butyl propanoate,CCC(OC(C)(C)C)=O,-124.6893,,True
CCOC(=O)C(C)(C)C,HHEIMYAXCOIQCJ-UHFFFAOYSA-N,C7H14O2,9,bains:Pedley,12,row1953,ethyl pivalate,CC(C)(C)C(OCC)=O,-128.1071,,True
CCOC(=O)C(C)(C)C,HHEIMYAXCOIQCJ-UHFFFAOYSA-N,C7H14O2,9,bains:Cox-1,13,row1953,ethyl pivalate,CC(C)(C)C(OCC)=O,-128.1000,,True
CCOCCC(=O)OCC,BHXIWUJLHYHGSJ-UHFFFAOYSA-N,C7H14O3,10,bains:Yaws,90,row1954,ethyl-3-ethoxypropionate,O=C(OCC)CCOCC,-151.2906,,True
CCOC(=O)C(CC)OC,GLEMXNLSKLWVSW-UHFFFAOYSA-N,C7H14O3,10,bains:Pedley,12,row1955,2-ethyl-3-oxabutanoic acid ethyl ester,COC(CC)C(OCC)=O,-157.6721,,True
CCCCCCC[N+](=O)[O-],UZONFOPDCXAZND-UHFFFAOYSA-N,C7H15NO2,10,bains:Yaws,90,row1960,1-nitroheptane,CCCCCCC[N+]([O-])=O,-47.4594,,True
CCCCCCC,IMNFDUFMRHMDMM-UHFFFAOYSA-N,C7H16,7,bains:Pedley,12,row1961,n-Heptane,CCCCCCC,-44.8614,,True
CCCCCCC,IMNFDUFMRHMDMM-UHFFFAOYSA-N,C7H16,7,bains:Cox-1,13,row1961,n-Heptane,CCCCCCC,-44.8100,,True
CCCCCCC,IMNFDUFMRHMDMM-UHFFFAOYSA-N,C7H16,7,bains:Cox-2,13,row1961,n-Heptane,CCCCCCC,-44.9900,,True
CCCCCCC,IMNFDUFMRHMDMM-UHFFFAOYSA-N,C7H16,7,bains:Cox-3,13,row1961,n-Heptane,CCCCCCC,-44.8600,,True
CCCCCCC,IMNFDUFMRHMDMM-UHFFFAOYSA-N,C7H16,7,bains:Cox-4,13,row1961,n-Heptane,CCCCCCC,-44.8500,,True
CCCCCCC,IMNFDUFMRHMDMM-UHFFFAOYSA-N,C7H16,7,bains:Winget,18,row1961,n-Heptane,CCCCCCC,-44.8785,,True
CCCCCCC,IMNFDUFMRHMDMM-UHFFFAOYSA-N,C7H16,7,bains:ATcT,10,row1961,n-Heptane,CCCCCCC,-44.8327,,True
CCCCC(C)C,GXDHCNNESPLIKD-UHFFFAOYSA-N,C7H16,7,bains:Pedley,12,row1962,2-methylhexane,CCCCC(C)C,-46.5105,,True
CCCCC(C)C,GXDHCNNESPLIKD-UHFFFAOYSA-N,C7H16,7,bains:Cox-1,13,row1962,2-methylhexane,CCCCC(C)C,-46.5200,,True
CCCC(C)CC,VLJXXKKOSFGPHI-UHFFFAOYSA-N,C7H16,7,bains:Cox-1,13,row1963,3-methylhexane,CCCC(C)CC,-45.7300,,True
CCC(CC)CC,AORMDLNPRGXHHL-UHFFFAOYSA-N,C7H16,7,bains:Pedley,12,row1964,3-ethylpentane,CCC(CC)CC,-45.3155,,True
CCC(CC)CC,AORMDLNPRGXHHL-UHFFFAOYSA-N,C7H16,7,bains:Cox-1,13,row1964,3-ethylpentane,CCC(CC)CC,-45.2500,,True
CCC(CC)CC,AORMDLNPRGXHHL-UHFFFAOYSA-N,C7H16,7,bains:Cox-2,13,row1964,3-ethylpentane,CCC(CC)CC,-45.3700,,True
CCC(CC)CC,AORMDLNPRGXHHL-UHFFFAOYSA-N,C7H16,7,bains:Cox-3,13,row1964,3-ethylpentane,CCC(CC)CC,-45.2500,,True
CCCC(C)(C)C,CXOWYJMDMMMMJO-UHFFFAOYSA-N,C7H16,7,bains:Pedley,12,row1965,"2,2-dimethylpentane",CC(C)(C)CCC,-49.2113,,True
CCCC(C)(C)C,CXOWYJMDMMMMJO-UHFFFAOYSA-N,C7H16,7,bains:Cox-1,13,row1965,"2,2-dimethylpentane",CC(C)(C)CCC,-49.3000,,True
CCCC(C)(C)C,CXOWYJMDMMMMJO-UHFFFAOYSA-N,C7H16,7,bains:Cox-2,13,row1965,"2,2-dimethylpentane",CC(C)(C)CCC,-49.7600,,True
CCCC(C)(C)C,CXOWYJMDMMMMJO-UHFFFAOYSA-N,C7H16,7,bains:Cox-3,13,row1965,"2,2-dimethylpentane",CC(C)(C)CCC,-49.2000,,True
CCCC(C)(C)C,CXOWYJMDMMMMJO-UHFFFAOYSA-N,C7H16,7,bains:Yaws,90,row1965,"2,2-dimethylpentane",CC(C)(C)CCC,-49.1874,,True
CCC(C)(C)CC,AEXMKKGTQYQZCS-UHFFFAOYSA-N,C7H16,7,bains:Pedley,12,row1966,"3,3-dimethylpentane",CCC(C)(C)CC,-48.0880,,True
CCC(C)(C)CC,AEXMKKGTQYQZCS-UHFFFAOYSA-N,C7H16,7,bains:Cox-1,13,row1966,"3,3-dimethylpentane",CCC(C)(C)CC,-48.0800,,True
CCC(C)(C)CC,AEXMKKGTQYQZCS-UHFFFAOYSA-N,C7H16,7,bains:Cox-2,13,row1966,"3,3-dimethylpentane",CCC(C)(C)CC,-48.7400,,True
CCC(C)(C)CC,AEXMKKGTQYQZCS-UHFFFAOYSA-N,C7H16,7,bains:Cox-3,13,row1966,"3,3-dimethylpentane",CCC(C)(C)CC,-48.0800,,True
CCC(C)(C)CC,AEXMKKGTQYQZCS-UHFFFAOYSA-N,C7H16,7,bains:Yaws,90,row1966,"3,3-dimethylpentane",CCC(C)(C)CC,-48.8528,,True
CCC(C)C(C)C,WGECXQBGLLYSFP-UHFFFAOYSA-N,C7H16,7,bains:Pedley,12,row1967,"2,3-dimethylpentane",CC(C)C(C)CC,-47.5382,,True
CCC(C)C(C)C,WGECXQBGLLYSFP-UHFFFAOYSA-N,C7H16,7,bains:Cox-1,13,row1967,"2,3-dimethylpentane",CC(C)C(C)CC,-47.5300,,True
CCC(C)C(C)C,WGECXQBGLLYSFP-UHFFFAOYSA-N,C7H16,7,bains:Cox-2,13,row1967,"2,3-dimethylpentane",CC(C)C(C)CC,-47.1300,,True
CCC(C)C(C)C,WGECXQBGLLYSFP-UHFFFAOYSA-N,C7H16,7,bains:Cox-3,13,row1967,"2,3-dimethylpentane",CC(C)C(C)CC,-47.3300,,True
CCC(C)C(C)C,WGECXQBGLLYSFP-UHFFFAOYSA-N,C7H16,7,bains:Yaws,90,row1967,"2,3-dimethylpentane",CC(C)C(C)CC,-46.3910,,True
CC(C)CC(C)C,BZHMBWZPUJHVEE-UHFFFAOYSA-N,C7H16,7,bains:Pedley,12,row1968,"2,4-dimethylpentane",CC(C)CC(C)C,-48.2075,,True
CC(C)CC(C)C,BZHMBWZPUJHVEE-UHFFFAOYSA-N,C7H16,7,bains:Cox-1,13,row1968,"2,4-dimethylpentane",CC(C)CC(C)C,-48.2100,,True
CC(C)CC(C)C,BZHMBWZPUJHVEE-UHFFFAOYSA-N,C7H16,7,bains:Cox-2,13,row1968,"2,4-dimethylpentane",CC(C)CC(C)C,-48.7300,,True
CC(C)CC(C)C,BZHMBWZPUJHVEE-UHFFFAOYSA-N,C7H16,7,bains:Cox-3,13,row1968,"2,4-dimethylpentane",CC(C)CC(C)C,-48.2100,,True
CC(C)CC(C)C,BZHMBWZPUJHVEE-UHFFFAOYSA-N,C7H16,7,bains:Yaws,90,row1968,"2,4-dimethylpentane",CC(C)CC(C)C,-48.2075,,True
CC(C)C(C)(C)C,ZISSAWUMDACLOM-UHFFFAOYSA-N,C7H16,7,bains:Pedley,12,row1969,"2,2,3-trimethylbutane",CC(C)C(C)(C)C,-48.8767,,True
CC(C)C(C)(C)C,ZISSAWUMDACLOM-UHFFFAOYSA-N,C7H16,7,bains:Cox-1,13,row1969,"2,2,3-trimethylbutane",CC(C)C(C)(C)C,-48.8700,,True
CC(C)C(C)(C)C,ZISSAWUMDACLOM-UHFFFAOYSA-N,C7H16,7,bains:Cox-2,13,row1969,"2,2,3-trimethylbutane",CC(C)C(C)(C)C,-48.7400,,True
CC(C)C(C)(C)C,ZISSAWUMDACLOM-UHFFFAOYSA-N,C7H16,7,bains:Cox-3,13,row1969,"2,2,3-trimethylbutane",CC(C)C(C)(C)C,-49.0400,,True
CC(C)C(C)(C)C,ZISSAWUMDACLOM-UHFFFAOYSA-N,C7H16,7,bains:Cox-4,13,row1969,"2,2,3-trimethylbutane",CC(C)C(C)(C)C,-48.8700,,True
CCCCCCCO,BBMCTIGTTCKYKF-UHFFFAOYSA-N,C7H16O,8,bains:Pedley,12,row1970,1-heptanol,CCCCCCCO,-80.4015,,True
CCCCCCCO,BBMCTIGTTCKYKF-UHFFFAOYSA-N,C7H16O,8,bains:Cox-1,13,row1970,1-heptanol,CCCCCCCO,-79.0900,,True
CCCCC(C)CO,LCFKURIJYIJNRU-UHFFFAOYSA-N,C7H16O,8,bains:Pedley,12,row1971,trans-2-methylhexanol,CCCCC(C)CO,-84.2495,,True
CCCC(C)(C)CO,QTOMCRXZFDHJOL-UHFFFAOYSA-N,C7H16O,8,bains:Yaws,90,row1972,"2,2-dimethyl-1-pentanol",CCCC(C)(C)CO,-83.3628,,True
CCC(C)C(C)CO,MIBBFRQOCRYDDB-UHFFFAOYSA-N,C7H16O,8,bains:Yaws,90,row1973,"2,3-dimethyl-1-pentanol",CCC(C)C(C)CO,-83.7954,,True
CCC(C)(C)CCO,IFDHMBHPLKHMOY-UHFFFAOYSA-N,C7H16O,8,bains:Yaws,90,row1974,"3,3-dimethyl-1-pentanol",CCC(C)(C)CCO,-83.3628,,True
CC(C)C(C)C(C)O,SODKTKJZYBOMMT-UHFFFAOYSA-N,C7H16O,8,bains:Yaws,90,row1975,"3,4-dimethyl-2-pentanol",CC(O)C(C)C(C)C,-85.0574,,True
CC(C)C(O)C(C)C,BAYAKMPRFGNNFW-UHFFFAOYSA-N,C7H16O,8,bains:Yaws,90,row1976,"2,4-dimethyl-3-pentanol",CC(C)C(O)C(C)C,-85.0574,,True
CCC(C)C(C)(C)O,YRSIFCHKXFKNME-UHFFFAOYSA-N,C7H16O,8,bains:Yaws,90,row1977,"2,3-dimethyl-2-pentanol",CC(O)(C)C(C)CC,-84.6248,,True
CCC(O)C(C)(C)C,HMSVXZJWPVIVIV-UHFFFAOYSA-N,C7H16O,8,bains:Yaws,90,row1978,"2,2-dimethyl-3-pentanol",CC(C)(C)C(O)CC,-84.6248,,True
CCC(C)(C)C(C)O,FCUOIGTWJDBTHR-UHFFFAOYSA-N,C7H16O,8,bains:Yaws,90,row1979,"3,3-dimethyl-2-pentanol",CC(O)C(C)(C)CC,-84.6248,,True
CCC(C)(O)C(C)C,RFZHJHSNHYIRNE-UHFFFAOYSA-N,C7H16O,8,bains:Yaws,90,row1980,"2,3-dimethyl-3-pentanol",CC(C)C(O)(C)CC,-84.6248,,True
CC(C)CC(C)CO,OVOVDHYEOQJKMD-UHFFFAOYSA-N,C7H16O,8,bains:Yaws,90,row1981,"2,4-dimethyl-1-pentanol",CC(C)CC(C)CO,-83.7954,,True
CC(C)CC(C)(C)O,FMLSQAUAAGVTJO-UHFFFAOYSA-N,C7H16O,8,bains:Yaws,90,row1982,"2,4-dimethyl-2-pentanol",CC(O)(C)CC(C)C,-84.6248,,True
CC(C)C(C)CCO,SVJNECJVNWTYQG-UHFFFAOYSA-N,C7H16O,8,bains:Yaws,90,row1983,"3,4-dimethyl-1-pentanol",CC(C)C(C)CCO,-83.7954,,True
CC(C)OC(C)(C)C,HNFSPSWQNZVCTB-UHFFFAOYSA-N,C7H16O,8,bains:Pedley,12,row1984,isopropyl t-butyl ether,CC(OC(C)C)(C)C,-85.4685,,True
CC(C)OC(C)(C)C,HNFSPSWQNZVCTB-UHFFFAOYSA-N,C7H16O,8,bains:Cox-1,13,row1984,isopropyl t-butyl ether,CC(OC(C)C)(C)C,-85.5000,,True
CC(O)CC(C)(C)C,OIBKGNPMOMMSSI-UHFFFAOYSA-N,C7H16O,8,bains:Yaws,90,row1985,"4,4-dimethyl-2-pentanol",CC(O)CC(C)(C)C,-84.6248,,True
CC(C)(C)CCCO,OWCNPTHAWPMOJU-UHFFFAOYSA-N,C7H16O,8,bains:Yaws,90,row1986,"4,4-dimethyl-1-pentanol",CC(C)(C)CCCO,-83.3628,,True
CCC(CO)CCCO,DEPDXIXAMMDTBV-UHFFFAOYSA-N,C7H16O2,9,bains:Yaws,90,row1987,"2-ethyl-1,5-pentanediol",OCC(CC)CCCO,-117.8059,,True
CCC(O)C(CC)CO,CMFPYSAYYUSFQC-UHFFFAOYSA-N,C7H16O2,9,bains:Yaws,90,row1988,"2-ethyl-1,3-pentanediol",CCC(O)C(CC)CO,-119.3595,,True
CCC(CC)(CO)CO,XRVCFZPJAHWYTB-UHFFFAOYSA-N,C7H16O2,9,bains:Yaws,90,row1989,"2,2-diethyl-1,3-propanediol",OCC(CC)(CC)CO,-117.5908,,True
CCOCCCOCC,IOQSSIPMPIYMDF-UHFFFAOYSA-N,C7H16O2,9,bains:Pedley,12,row1990,"1,3-diethoxypropane",CCOCCCOCC,-104.2543,,True
CCC(O)C(C)(C)CO,QHDADHHODABHLK-UHFFFAOYSA-N,C7H16O2,9,bains:Yaws,90,row1991,"2,2-dimethyl-1,3-pentanediol",CCC(O)C(C)(C)CO,-121.3671,,True
CCC(C)(O)C(C)CO,RBNLKEZJTWJUAY-UHFFFAOYSA-N,C7H16O2,9,bains:Yaws,90,row1992,"2,3-dimethyl-1,3-pentanediol",CCC(O)(C)C(C)CO,-122.6577,,True
CCOCC(C)OCC,VPBZZPOGZPKYKX-UHFFFAOYSA-N,C7H16O2,9,bains:Cox-1,13,row1993,"2,3-diethoxypropane",CCOCC(C)OCC,-121.2200,,True
CC(C)C(O)C(C)(C)O,GCQIRPJZONARRR-UHFFFAOYSA-N,C7H16O2,9,bains:Yaws,90,row1994,"2,4-dimethyl-2,3-pentanediol",CC(O)(C)C(O)C(C)C,-124.8088,,True
CCC(C)(O)C(C)(C)O,HNIDTKCNPXBSLD-UHFFFAOYSA-N,C7H16O2,9,bains:Yaws,90,row1995,"2,3-dimethyl-2,3-pentanediol",CC(O)(C)C(O)(C)CC,-126.3862,,True
CCOC(C)(C)OCC,FGQLGYBGTRHODR-UHFFFAOYSA-N,C7H16O2,9,bains:Pedley,12,row1996,"2,2-diethoxypropane",CC(OCC)(OCC)C,-121.0803,,True
CC(C)(O)CC(C)(C)O,DBTGFWMBFZBBEF-UHFFFAOYSA-N,C7H16O2,9,bains:Yaws,90,row1997,"2,4-dimethyl-2,4-pentanediol",CC(O)(C)CC(O)(C)C,-127.1033,,True
CC(CCO)C(C)(C)O,RMJMOIGSWATFGE-UHFFFAOYSA-N,C7H16O2,9,bains:Yaws,90,row1998,"3,4-dimethyl-1,4-pentanediol",CC(O)(C)C(C)CCO,-123.8528,,True
CC(CO)CC(C)CO,ZJWDJIVISLUQQZ-UHFFFAOYSA-N,C7H16O2,9,bains:Yaws,90,row1999,"dl-2,4-dimethyl-1,5-pentanediol",OCC(C)CC(C)CO,-119.1683,,True
CC(C)(C)CC(O)CO,NKKWYENCEXCGLD-UHFFFAOYSA-N,C7H16O2,9,bains:Yaws,90,row2000,"4,4-dimethyl-1,2-pentanediol",CC(C)(C)CC(O)CO,-122.3709,,True
CC(C)(CCO)CCO,CFEPFAMBMGCTQM-UHFFFAOYSA-N,C7H16O2,9,bains:Yaws,90,row2001,"3,3-dimethyl-1,5-pentanediol",OCCC(C)(C)CCO,-119.9809,,True
CC(C)(CO)CCCO,QQOJDTOGFYCSAU-UHFFFAOYSA-N,C7H16O2,9,bains:Yaws,90,row2002,"2,2-dimethyl-1,5-pentanediol",OCC(C)(C)CCCO,-119.9809,,True
CCOC(OCC)OCC,GKASDNZWUGIAMG-UHFFFAOYSA-N,C7H16O3,10,bains:Pedley,12,row2003,triethoxymethane,CCOC(OCC)OCC,-151.8403,,True
CCOCOCOCOCC,BCJWVBNBMCOBEX-UHFFFAOYSA-N,C7H16O4,11,bains:Pedley,12,row2004,"3,5,7,9-tetraoxaundecane",CCOCOCOCOCC,-177.1033,,True
CCCCCN(C)C,IDFANOPDMXWIOP-UHFFFAOYSA-N,C7H17N,8,bains:Yaws,90,row2007,dimethylpentylamine,CCCCCN(C)C,-28.7476,,True
CCCN(CC)CC,PQZTVWVYCLIIJY-UHFFFAOYSA-N,C7H17N,8,bains:Yaws,90,row2008,diethylpropylamine,CCCN(CC)CC,-28.7476,,True
CCCC(C)N(C)C,LSTZYJQJHGEVKH-UHFFFAOYSA-N,C7H17N,8,bains:Yaws,90,row2009,dimethyl-2-pentylamine,CC(N(C)C)CCC,-30.0096,,True
CCC(C)CN(C)C,BHMZPPHMQJHCHQ-UHFFFAOYSA-N,C7H17N,8,bains:Yaws,90,row2010,dimethyl-2-methylbutylamine,CCC(C)CN(C)C,-30.0096,,True
CCC(CC)N(C)C,SUEKSPIQGIMSQM-UHFFFAOYSA-N,C7H17N,8,bains:Yaws,90,row2011,dimethyl-3-pentylamine,CCC(N(C)C)CC,-30.0096,,True
CCN(CC)C(C)C,ULWOJODHECIZAU-UHFFFAOYSA-N,C7H17N,8,bains:Yaws,90,row2012,diethylisopropylamine,CC(N(CC)CC)C,-30.0096,,True
CC(C)C(C)N(C)C,FWBCYOHCOBOARU-UHFFFAOYSA-N,C7H17N,8,bains:Yaws,90,row2013,"dimethyl-1,2-dimethylpropylamine",CC(C)C(N(C)C)C,-30.0096,,True
CCC(C)(C)N(C)C,CUHMMDPUXJFCNB-UHFFFAOYSA-N,C7H17N,8,bains:Yaws,90,row2014,"dimethyl-1,1-dimethylpropylamine",CCC(N(C)C)(C)C,-30.8389,,True
CC(C)CCN(C)C,KOOQJINBDNZUTB-UHFFFAOYSA-N,C7H17N,8,bains:Yaws,90,row2015,dimethyl-3-methylbutylamine,CC(C)CCN(C)C,-30.0096,,True
CN(C)CC(C)(C)C,FUIRUFXAVIHAQB-UHFFFAOYSA-N,C7H17N,8,bains:Yaws,90,row2016,"dimethyl-2,2-dimethylpropylamine",CC(C)(C)CN(C)C,-30.8389,,True
N#Cc1ccccc1,JFDZBHWFFUWGJE-UHFFFAOYSA-N,C7H5N,8,bains:Pedley,12,row2044,benzonitrile,N#CC1=CC=CC=C1,51.5535,,True
N#Cc1ccccc1,JFDZBHWFFUWGJE-UHFFFAOYSA-N,C7H5N,8,bains:Cox-1,13,row2044,benzonitrile,N#CC1=CC=CC=C1,51.5400,,True
N#Cc1ccccc1,JFDZBHWFFUWGJE-UHFFFAOYSA-N,C7H5N,8,bains:Winget,18,row2044,benzonitrile,N#CC1=CC=CC=C1,51.4754,,True
N#Cc1ccccc1,JFDZBHWFFUWGJE-UHFFFAOYSA-N,C7H5N,8,bains:Stewart,91,row2044,benzonitrile,N#CC1=CC=CC=C1,51.4754,,True
N#Cc1ccccc1,JFDZBHWFFUWGJE-UHFFFAOYSA-N,C7H5N,8,bains:Cioslowski,11,row2044,benzonitrile,N#CC1=CC=CC=C1,51.5000,,True
N#Cc1ccccc1,JFDZBHWFFUWGJE-UHFFFAOYSA-N,C7H5N,8,bains:Yaws,90,row2044,benzonitrile,N#CC1=CC=CC=C1,52.2945,,True
Cc1c([N+](=O)[O-])cc([N+](=O)[O-])cc1[N+](=O)[O-],SPSSULHKWOKEEL-UHFFFAOYSA-N,C7H5N3O6,16,bains:Winget,18,row2045,"2,4,6-Trinitrotoluene",CC1=C([N+]([O-])=O)C=C([N+]([O-])=O)C=C1[N+]([O-])=O,12.8938,,True
Cc1c([N+](=O)[O-])cc([N+](=O)[O-])cc1[N+](=O)[O-],SPSSULHKWOKEEL-UHFFFAOYSA-N,C7H5N3O6,16,bains:Stewart,91,row2045,"2,4,6-Trinitrotoluene",CC1=C([N+]([O-])=O)C=C([N+]([O-])=O)C=C1[N+]([O-])=O,12.8938,,True
c1ccc2ocnc2c1,BCMCBBGGLRIHSE-UHFFFAOYSA-N,C7H5NO,9,bains:Cioslowski,11,row2046,benzo[d]oxazole,C12=CC=CC=C1OC=N2,10.8000,,True
O=C/C=C/c1ccc([N+](=O)[O-])o1,DXWCZMGIIFEEPU-OWOJBTEDSA-N,C7H5NO4,12,bains:Pedley,12,row2047,3-(5-nitro-2-furyl)-2-propenal,O=C/C=C/C1=CC=C([N+]([O-])=O)O1,-15.4398,,True
O=Cc1ccccc1,HUMNYLRZRPPJDN-UHFFFAOYSA-N,C7H6O,8,bains:Pedley,12,row2052,benzaldehyde,O=CC1=CC=CC=C1,-8.7715,,True
O=Cc1ccccc1,HUMNYLRZRPPJDN-UHFFFAOYSA-N,C7H6O,8,bains:Cox-1,13,row2052,benzaldehyde,O=CC1=CC=CC=C1,-8.8000,,True
O=Cc1ccccc1,HUMNYLRZRPPJDN-UHFFFAOYSA-N,C7H6O,8,bains:Winget,18,row2052,benzaldehyde,O=CC1=CC=CC=C1,-8.7958,,True
O=Cc1ccccc1,HUMNYLRZRPPJDN-UHFFFAOYSA-N,C7H6O,8,bains:ATcT,10,row2052,benzaldehyde,O=CC1=CC=CC=C1,-8.8480,,True
O=Cc1ccccc1,HUMNYLRZRPPJDN-UHFFFAOYSA-N,C7H6O,8,bains:Cioslowski,11,row2052,benzaldehyde,O=CC1=CC=CC=C1,-8.8000,,True
O=Cc1ccccc1,HUMNYLRZRPPJDN-UHFFFAOYSA-N,C7H6O,8,bains:Yaws,90,row2052,benzaldehyde,O=CC1=CC=CC=C1,-8.7954,,True
O=c1cccccc1,QVWDCTQRORVHHT-UHFFFAOYSA-N,C7H6O,8,bains:Pedley,12,row2053,"2,4,6-cycloheptatriene-1-one",O=C1C=CC=CC=C1,-4.2376,,True
c1ccc2c(c1)OCO2,FTNJQNQLEGKTGD-UHFFFAOYSA-N,C7H6O2,9,bains:Pedley,12,row2054,methylenedioxybenzene,C12=CC=CC=C1OCO2,-34.1061,,True
O=C/C=C/c1ccco1,VZIRCHXYMBFNFD-HNQUOIGGSA-N,C7H6O2,9,bains:Pedley,12,row2055,3-(2-furyl)-2-propenal,O=C/C=C/C1=CC=CO1,-25.3107,,True
O=c1cccccc1O,MDYOLVRUBBJPFM-UHFFFAOYSA-N,C7H6O2,9,bains:Pedley,12,row2056,tropolone,O=C1C(O)=CC=CC=C1,-37.1415,,True
O=c1cccccc1O,MDYOLVRUBBJPFM-UHFFFAOYSA-N,C7H6O2,9,bains:Cox-1,13,row2056,tropolone,O=C1C(O)=CC=CC=C1,-37.1800,,True
O=c1cccccc1O,MDYOLVRUBBJPFM-UHFFFAOYSA-N,C7H6O2,9,bains:Cox-2,13,row2056,tropolone,O=C1C(O)=CC=CC=C1,-37.1000,,True
O=c1cccccc1O,MDYOLVRUBBJPFM-UHFFFAOYSA-N,C7H6O2,9,bains:Cox-3,13,row2056,tropolone,O=C1C(O)=CC=CC=C1,-37.3000,,True
O=COc1ccccc1,GEOWCLRLLWTHDN-UHFFFAOYSA-N,C7H6O2,9,bains:Pedley,12,row2057,phenyl formate,O=COC1=CC=CC=C1,-51.5774,,True
O=C(O)c1ccccc1,WPYMKLBDIGXBTP-UHFFFAOYSA-N,C7H6O2,9,bains:Pedley,12,row2058,benzoic acid,O=C(O)C1=CC=CC=C1,-70.2916,,True
O=C(O)c1ccccc1,WPYMKLBDIGXBTP-UHFFFAOYSA-N,C7H6O2,9,bains:Cox-1,13,row2058,benzoic acid,O=C(O)C1=CC=CC=C1,-70.1600,,True
O=C(O)c1ccccc1,WPYMKLBDIGXBTP-UHFFFAOYSA-N,C7H6O2,9,bains:Cox-2,13,row2058,benzoic acid,O=C(O)C1=CC=CC=C1,-70.1300,,True
O=C(O)c1ccccc1,WPYMKLBDIGXBTP-UHFFFAOYSA-N,C7H6O2,9,bains:Cox-3,13,row2058,benzoic acid,O=C(O)C1=CC=CC=C1,-70.1000,,True
O=C(O)c1ccccc1,WPYMKLBDIGXBTP-UHFFFAOYSA-N,C7H6O2,9,bains:Cox-4,13,row2058,benzoic acid,O=C(O)C1=CC=CC=C1,-70.1300,,True
O=C(O)c1ccccc1,WPYMKLBDIGXBTP-UHFFFAOYSA-N,C7H6O2,9,bains:Cox-5,13,row2058,benzoic acid,O=C(O)C1=CC=CC=C1,-70.2100,,True
O=C(O)c1ccccc1,WPYMKLBDIGXBTP-UHFFFAOYSA-N,C7H6O2,9,bains:Winget,18,row2058,benzoic acid,O=C(O)C1=CC=CC=C1,-70.0665,,True
O=C(O)c1ccccc1,WPYMKLBDIGXBTP-UHFFFAOYSA-N,C7H6O2,9,bains:Stewart,91,row2058,benzoic acid,O=C(O)C1=CC=CC=C1,-70.0665,,True
O=C(O)c1ccccc1,WPYMKLBDIGXBTP-UHFFFAOYSA-N,C7H6O2,9,bains:Yaws,90,row2058,benzoic acid,O=C(O)C1=CC=CC=C1,-69.3356,,True
O=C(O)c1ccccc1O,YGSDEFSMJLZEOE-UHFFFAOYSA-N,C7H6O3,10,bains:Pedley,12,row2059,salicylic acid,OC1=CC=CC=C1C(O)=O,-118.2600,,True
O=C(O)c1ccccc1O,YGSDEFSMJLZEOE-UHFFFAOYSA-N,C7H6O3,10,bains:Cox-1,13,row2059,salicylic acid,OC1=CC=CC=C1C(O)=O,-118.2600,,True
O=C(O)c1ccccc1O,YGSDEFSMJLZEOE-UHFFFAOYSA-N,C7H6O3,10,bains:Cox-2,13,row2059,salicylic acid,OC1=CC=CC=C1C(O)=O,-118.0700,,True
O=C(O)c1ccccc1O,YGSDEFSMJLZEOE-UHFFFAOYSA-N,C7H6O3,10,bains:Cox-3,13,row2059,salicylic acid,OC1=CC=CC=C1C(O)=O,-119.4000,,True
O=C(O)c1ccccc1O,YGSDEFSMJLZEOE-UHFFFAOYSA-N,C7H6O3,10,bains:Cox-4,13,row2059,salicylic acid,OC1=CC=CC=C1C(O)=O,-118.2400,,True
O=C(O)c1ccccc1O,YGSDEFSMJLZEOE-UHFFFAOYSA-N,C7H6O3,10,bains:Cox-5,13,row2059,salicylic acid,OC1=CC=CC=C1C(O)=O,-118.0100,,True
Cc1ccc([N+](=O)[O-])cc1,ZPTVNYMJQHSSEA-UHFFFAOYSA-N,C7H7NO2,10,bains:Pedley,12,row2072,1-methyl-4-nitrobenzene,O=[N+](C1=CC=C(C)C=C1)[O-],7.4092,,True
Cc1ccccc1[N+](=O)[O-],PLAZTCDQAHEYBI-UHFFFAOYSA-N,C7H7NO2,10,bains:Winget,18,row2073,2-Nitrotoluene,CC1=CC=CC=C1[N+]([O-])=O,9.2956,,True
Cc1ccccc1[N+](=O)[O-],PLAZTCDQAHEYBI-UHFFFAOYSA-N,C7H7NO2,10,bains:Stewart,91,row2073,2-Nitrotoluene,CC1=CC=CC=C1[N+]([O-])=O,9.2956,,True
Nc1cccc(C(=O)O)c1,XFDUHJPVQKIXHO-UHFFFAOYSA-N,C7H7NO2,10,bains:Pedley,12,row2074,3-aminobenzoic acid,O=C(O)C1=CC=CC(N)=C1,-67.7820,,True
Nc1ccc(C(=O)O)cc1,ALYNCZNDIQEVRV-UHFFFAOYSA-N,C7H7NO2,10,bains:Pedley,12,row2075,4-aminobenzoic acid,O=C(O)C1=CC=C(N)C=C1,-70.9130,,True
Nc1ccccc1C(=O)O,RWZYAGGXGHYGMB-UHFFFAOYSA-N,C7H7NO2,10,bains:Pedley,12,row2076,2-aminobenzoic acid,O=C(O)C1=CC=CC=C1N,-70.7457,,True
O=[N+]([O-])Cc1ccccc1,VLZLOWPYUQHHCG-UHFFFAOYSA-N,C7H7NO2,10,bains:Pedley,12,row2077,(nitromethyl)benzene,O=[N+](CC1=CC=CC=C1)[O-],7.3375,,True
C1C2C3C2C2C1C32,DGZUEIPKRRSMGK-UHFFFAOYSA-N,C7H8,7,bains:Pedley,12,row2079,"tetracyclo[3.2.0.02,7.04,6]heptane",C12C3C4C3CC1C24,81.0468,,True
C1C2C3C2C2C1C32,DGZUEIPKRRSMGK-UHFFFAOYSA-N,C7H8,7,bains:Cioslowski,11,row2079,"tetracyclo[3.2.0.02,7.04,6]heptane",C12C3C4C3CC1C24,81.0000,,True
C1=CC=CCC=C1,CHVJITGCYZJHLR-UHFFFAOYSA-N,C7H8,7,bains:Pedley,12,row2080,"1,3,5-cycloheptatriene",C1=CC=CC=CC1,43.2361,,True
C1=CC=CCC=C1,CHVJITGCYZJHLR-UHFFFAOYSA-N,C7H8,7,bains:Cox-1,13,row2080,"1,3,5-cycloheptatriene",C1=CC=CC=CC1,43.9000,,True
C1=CC=CCC=C1,CHVJITGCYZJHLR-UHFFFAOYSA-N,C7H8,7,bains:Winget,18,row2080,"1,3,5-cycloheptatriene",C1=CC=CC=CC1,43.1793,,True
C1=CC=CCC=C1,CHVJITGCYZJHLR-UHFFFAOYSA-N,C7H8,7,bains:Stewart,91,row2080,"1,3,5-cycloheptatriene",C1=CC=CC=CC1,43.1793,,True
C1=CC=CCC=C1,CHVJITGCYZJHLR-UHFFFAOYSA-N,C7H8,7,bains:Cioslowski,11,row2080,"1,3,5-cycloheptatriene",C1=CC=CC=CC1,43.2000,,True
C1=CC=CCC=C1,CHVJITGCYZJHLR-UHFFFAOYSA-N,C7H8,7,bains:Yaws,90,row2080,"1,3,5-cycloheptatriene",C1=CC=CC=CC1,43.2361,,True
C1=CC2C=CC1C2,SJYNFBVQFBRSIB-UHFFFAOYSA-N,C7H8,7,bains:Winget,18,row2081,"bicyclo[2.2.1]hepta-2,5-diene",C12C=CC(C2)C=C1,59.6715,,True
C1=CC2C=CC1C2,SJYNFBVQFBRSIB-UHFFFAOYSA-N,C7H8,7,bains:ATcT,10,row2081,"bicyclo[2.2.1]hepta-2,5-diene",C12C=CC(C2)C=C1,50.7887,,True
C1=CC2C=CC1C2,SJYNFBVQFBRSIB-UHFFFAOYSA-N,C7H8,7,bains:Cioslowski,11,row2081,"bicyclo[2.2.1]hepta-2,5-diene",C12C=CC(C2)C=C1,58.8000,,True
Cc1ccccc1,YXFVVABEGXRONW-UHFFFAOYSA-N,C7H8,7,bains:Pedley,12,row2082,toluene,CC1=CC=CC=C1,12.0459,,True
Cc1ccccc1,YXFVVABEGXRONW-UHFFFAOYSA-N,C7H8,7,bains:Cox-1,13,row2082,toluene,CC1=CC=CC=C1,11.9600,,True
Cc1ccccc1,YXFVVABEGXRONW-UHFFFAOYSA-N,C7H8,7,bains:Cox-2,13,row2082,toluene,CC1=CC=CC=C1,12.1800,,True
Cc1ccccc1,YXFVVABEGXRONW-UHFFFAOYSA-N,C7H8,7,bains:Cox-3,13,row2082,toluene,CC1=CC=CC=C1,12.0100,,True
Cc1ccccc1,YXFVVABEGXRONW-UHFFFAOYSA-N,C7H8,7,bains:Cox-4,13,row2082,toluene,CC1=CC=CC=C1,11.9900,,True
Cc1ccccc1,YXFVVABEGXRONW-UHFFFAOYSA-N,C7H8,7,bains:Winget,18,row2082,toluene,CC1=CC=CC=C1,11.9943,,True
Cc1ccccc1,YXFVVABEGXRONW-UHFFFAOYSA-N,C7H8,7,bains:ATcT,10,row2082,toluene,CC1=CC=CC=C1,11.9861,,True
Cc1ccccc1,YXFVVABEGXRONW-UHFFFAOYSA-N,C7H8,7,bains:Cioslowski,11,row2082,toluene,CC1=CC=CC=C1,12.0000,,True
Cc1ccc(O)cc1,IWDCLRJOBJJRNH-UHFFFAOYSA-N,C7H8O,8,bains:Pedley,12,row2083,p-cresol,CC1=CC=C(O)C=C1,-29.9713,,True
Cc1ccc(O)cc1,IWDCLRJOBJJRNH-UHFFFAOYSA-N,C7H8O,8,bains:Cox-1,13,row2083,p-cresol,CC1=CC=C(O)C=C1,-29.9600,,True
Cc1ccc(O)cc1,IWDCLRJOBJJRNH-UHFFFAOYSA-N,C7H8O,8,bains:Yaws,90,row2083,p-cresol,CC1=CC=C(O)C=C1,-29.9474,,True
Cc1cccc(O)c1,RLSSMJSEOOYNOY-UHFFFAOYSA-N,C7H8O,8,bains:Pedley,12,row2084,m-cresol,CC1=CC(O)=CC=C1,-31.6205,,True
Cc1cccc(O)c1,RLSSMJSEOOYNOY-UHFFFAOYSA-N,C7H8O,8,bains:Cox-1,13,row2084,m-cresol,CC1=CC(O)=CC=C1,-31.6200,,True
Cc1cccc(O)c1,RLSSMJSEOOYNOY-UHFFFAOYSA-N,C7H8O,8,bains:Cox-2,13,row2084,m-cresol,CC1=CC(O)=CC=C1,-31.6600,,True
Cc1cccc(O)c1,RLSSMJSEOOYNOY-UHFFFAOYSA-N,C7H8O,8,bains:Yaws,90,row2084,m-cresol,CC1=CC(O)=CC=C1,-31.6205,,True
Cc1ccccc1O,QWVGKYWNOKOFNN-UHFFFAOYSA-N,C7H8O,8,bains:Pedley,12,row2085,o-cresol,CC1=CC=CC=C1O,-30.7361,,True
Cc1ccccc1O,QWVGKYWNOKOFNN-UHFFFAOYSA-N,C7H8O,8,bains:Cox-1,13,row2085,o-cresol,CC1=CC=CC=C1O,-30.7300,,True
Cc1ccccc1O,QWVGKYWNOKOFNN-UHFFFAOYSA-N,C7H8O,8,bains:Yaws,90,row2085,o-cresol,CC1=CC=CC=C1O,-30.7361,,True
COc1ccccc1,RDOXTESZEPMUJZ-UHFFFAOYSA-N,C7H8O,8,bains:Pedley,12,row2086,anisole,COC1=CC=CC=C1,-16.2285,,True
COc1ccccc1,RDOXTESZEPMUJZ-UHFFFAOYSA-N,C7H8O,8,bains:Cox-1,13,row2086,anisole,COC1=CC=CC=C1,-17.2700,,True
COc1ccccc1,RDOXTESZEPMUJZ-UHFFFAOYSA-N,C7H8O,8,bains:Winget,18,row2086,anisole,COC1=CC=CC=C1,-17.2917,,True
COc1ccccc1,RDOXTESZEPMUJZ-UHFFFAOYSA-N,C7H8O,8,bains:Yaws,90,row2086,anisole,COC1=CC=CC=C1,-16.2524,,True
OCc1ccccc1,WVDDGKGOMKODPV-UHFFFAOYSA-N,C7H8O,8,bains:Pedley,12,row2087,benzyl alcohol,OCC1=CC=CC=C1,-23.9962,,True
OCc1ccccc1,WVDDGKGOMKODPV-UHFFFAOYSA-N,C7H8O,8,bains:Cox-1,13,row2087,benzyl alcohol,OCC1=CC=CC=C1,-24.0000,,True
OCc1ccccc1,WVDDGKGOMKODPV-UHFFFAOYSA-N,C7H8O,8,bains:Cox-2,13,row2087,benzyl alcohol,OCC1=CC=CC=C1,-27.3000,,True
OCc1ccccc1,WVDDGKGOMKODPV-UHFFFAOYSA-N,C7H8O,8,bains:Yaws,90,row2087,benzyl alcohol,OCC1=CC=CC=C1,-23.9962,,True
C1=COC2CCOC2=C1,MVCVCFILCCPEQN-UHFFFAOYSA-N,C7H8O2,9,bains:Cox-1,13,row2088,"1,4-dioxaindane",C1CC2OC=CC=C2O1,-34.1000,,True
Cc1ccc(O)cc1O,FNYDIAAMUCQQDE-UHFFFAOYSA-N,C7H8O2,9,bains:Yaws,90,row2089,"1,3-dihydroxy-4-methylbenzene",CC1=CC=C(O)C=C1O,-73.1119,,True
Cc1ccc(O)c(O)c1,ZBCATMYQYDCTIZ-UHFFFAOYSA-N,C7H8O2,9,bains:Yaws,90,row2090,"1,2-dihydroxy-4-methylbenzene",CC1=CC=C(O)C(O)=C1,-73.1119,,True
Cc1cc(O)cc(O)c1,OIPPWFOQEKKFEE-UHFFFAOYSA-N,C7H8O2,9,bains:Yaws,90,row2091,"1,3-dihydroxy-5-methylbenzene",CC1=CC(O)=CC(O)=C1,-73.1119,,True
Cc1cccc(O)c1O,PGSWEKYNAOWQDF-UHFFFAOYSA-N,C7H8O2,9,bains:Yaws,90,row2092,"1,2-dihydroxy-3-methylbenzene",CC1=C(O)C(O)=CC=C1,-73.1119,,True
Cc1cc(O)ccc1O,CNHDIAIOKMXOLK-UHFFFAOYSA-N,C7H8O2,9,bains:Yaws,90,row2093,"1,4-dihydroxy-2-methylbenzene",CC1=CC(O)=CC=C1O,-73.1119,,True
Cc1c(O)cccc1O,ZTMADXFOCUXMJE-UHFFFAOYSA-N,C7H8O2,9,bains:Yaws,90,row2094,"1,3-dihydroxy-2-methylbenzene",CC1=C(O)C=CC=C1O,-73.1119,,True
Cc1ccc(C)nc1,XWKFPIODWVPXLX-UHFFFAOYSA-N,C7H9N,8,bains:Pedley,12,row2100,"2,5-dimethylpyridine",CC1=CN=C(C)C=C1,15.8939,,True
Cc1ccc(C)nc1,XWKFPIODWVPXLX-UHFFFAOYSA-N,C7H9N,8,bains:Cox-1,13,row2100,"2,5-dimethylpyridine",CC1=CN=C(C)C=C1,15.8800,,True
Cc1ccc(C)nc1,XWKFPIODWVPXLX-UHFFFAOYSA-N,C7H9N,8,bains:Yaws,90,row2100,"2,5-dimethylpyridine",CC1=CN=C(C)C=C1,15.8700,,True
Cc1ccncc1C,NURQLCJSMXZBPC-UHFFFAOYSA-N,C7H9N,8,bains:Pedley,12,row2101,"3,4-dimethylpyridine",CC1=C(C)C=NC=C1,16.7543,,True
Cc1ccncc1C,NURQLCJSMXZBPC-UHFFFAOYSA-N,C7H9N,8,bains:Cox-1,13,row2101,"3,4-dimethylpyridine",CC1=C(C)C=NC=C1,16.7400,,True
Cc1ccncc1C,NURQLCJSMXZBPC-UHFFFAOYSA-N,C7H9N,8,bains:Yaws,90,row2101,"3,4-dimethylpyridine",CC1=C(C)C=NC=C1,16.7304,,True
Cc1ccnc(C)c1,JYYNAJVZFGKDEQ-UHFFFAOYSA-N,C7H9N,8,bains:Pedley,12,row2102,"2,4-dimethylpyridine",CC1=CC(C)=NC=C1,15.2725,,True
Cc1ccnc(C)c1,JYYNAJVZFGKDEQ-UHFFFAOYSA-N,C7H9N,8,bains:Cox-1,13,row2102,"2,4-dimethylpyridine",CC1=CC(C)=NC=C1,15.2700,,True
Cc1ccnc(C)c1,JYYNAJVZFGKDEQ-UHFFFAOYSA-N,C7H9N,8,bains:Yaws,90,row2102,"2,4-dimethylpyridine",CC1=CC(C)=NC=C1,15.2725,,True
Cc1cncc(C)c1,HWWYDZCSSYKIAD-UHFFFAOYSA-N,C7H9N,8,bains:Pedley,12,row2103,"3,5-dimethylpyridine",CC1=CN=CC(C)=C1,17.3996,,True
Cc1cncc(C)c1,HWWYDZCSSYKIAD-UHFFFAOYSA-N,C7H9N,8,bains:Cox-1,13,row2103,"3,5-dimethylpyridine",CC1=CN=CC(C)=C1,17.5000,,True
Cc1cncc(C)c1,HWWYDZCSSYKIAD-UHFFFAOYSA-N,C7H9N,8,bains:Yaws,90,row2103,"3,5-dimethylpyridine",CC1=CN=CC(C)=C1,17.3996,,True
Cc1cccc(C)n1,OISVCGZHLKNMSJ-UHFFFAOYSA-N,C7H9N,8,bains:Pedley,12,row2104,"2,6-dimethylpyridine",CC1=CC=CC(C)=N1,14.0296,,True
Cc1cccc(C)n1,OISVCGZHLKNMSJ-UHFFFAOYSA-N,C7H9N,8,bains:Cox-1,13,row2104,"2,6-dimethylpyridine",CC1=CC=CC(C)=N1,14.0300,,True
Cc1cccc(C)n1,OISVCGZHLKNMSJ-UHFFFAOYSA-N,C7H9N,8,bains:Yaws,90,row2104,"2,6-dimethylpyridine",CC1=CC=CC(C)=N1,14.0296,,True
Cc1cccnc1C,HPYNZHMRTTWQTB-UHFFFAOYSA-N,C7H9N,8,bains:Pedley,12,row2105,"2,3-dimethylpyridine",CC1=CC=CN=C1C,16.3241,,True
Cc1cccnc1C,HPYNZHMRTTWQTB-UHFFFAOYSA-N,C7H9N,8,bains:Cox-1,13,row2105,"2,3-dimethylpyridine",CC1=CC=CN=C1C,16.3200,,True
Cc1cccnc1C,HPYNZHMRTTWQTB-UHFFFAOYSA-N,C7H9N,8,bains:Yaws,90,row2105,"2,3-dimethylpyridine",CC1=CC=CN=C1C,16.3241,,True
N#CC12CCCC1C2,WZMKNKUWNYXOEJ-UHFFFAOYSA-N,C7H9N,8,bains:Pedley,12,row2106,bicyclo[3.1.0]hexane-1-carbonitrile,N#CC12CCCC1C2,33.9627,,True
NCc1ccccc1,WGQKYBSKWIADBV-UHFFFAOYSA-N,C7H9N,8,bains:Pedley,12,row2107,benzylamine,NCC1=CC=CC=C1,20.9847,,True
NCc1ccccc1,WGQKYBSKWIADBV-UHFFFAOYSA-N,C7H9N,8,bains:Yaws,90,row2107,benzylamine,NCC1=CC=CC=C1,14.8733,,True
N#CC1=CCCCC1,GTMWGXABXQTZRJ-UHFFFAOYSA-N,C7H9N,8,bains:Pedley,12,row2108,1-cyclohexene-1-carbonitrile,N#CC1=CCCCC1,24.2830,,True
CCc1ccccc1,YNQLUTRBYVCPMQ-UHFFFAOYSA-N,C8H10,8,bains:Pedley,12,row2112,Ethylbenzene,c1ccc(cc1)CC,7.1463,,True
CCc1ccccc1,YNQLUTRBYVCPMQ-UHFFFAOYSA-N,C8H10,8,bains:Cox-1,13,row2112,Ethylbenzene,c1ccc(cc1)CC,7.1500,,True
CCc1ccccc1,YNQLUTRBYVCPMQ-UHFFFAOYSA-N,C8H10,8,bains:Cox-2,13,row2112,Ethylbenzene,c1ccc(cc1)CC,6.5500,,True
CCc1ccccc1,YNQLUTRBYVCPMQ-UHFFFAOYSA-N,C8H10,8,bains:Cox-3,13,row2112,Ethylbenzene,c1ccc(cc1)CC,7.1500,,True
CCc1ccccc1,YNQLUTRBYVCPMQ-UHFFFAOYSA-N,C8H10,8,bains:Cox-4,13,row2112,Ethylbenzene,c1ccc(cc1)CC,7.1500,,True
CCc1ccccc1,YNQLUTRBYVCPMQ-UHFFFAOYSA-N,C8H10,8,bains:Winget,18,row2112,Ethylbenzene,c1ccc(cc1)CC,7.1966,,True
CCc1ccccc1,YNQLUTRBYVCPMQ-UHFFFAOYSA-N,C8H10,8,bains:ATcT,10,row2112,Ethylbenzene,c1ccc(cc1)CC,7.1033,,True
C=C1C=CC(C)=C1C,JQJJVBLKRXSWNS-UHFFFAOYSA-N,C8H10,8,bains:Cox-1,13,row2113,dimethylfulvene,CC1=C(C)C(=C)C=C1,31.2000,,True
CC(C)=C1C=CC=C1,WXACXMWYHXOSIX-UHFFFAOYSA-N,C8H10,8,bains:Pedley,12,row2114,5-isopropylidenecyclopentadiene,C/C(C)=C1C=CC=C/1,32.1224,,True
Cc1ccc(C)cc1,URLKBWYHVLBVBO-UHFFFAOYSA-N,C8H10,8,bains:Pedley,12,row2115,p-xylene,CC1=CC=C(C)C=C1,4.3021,,True
Cc1ccc(C)cc1,URLKBWYHVLBVBO-UHFFFAOYSA-N,C8H10,8,bains:Cox-1,13,row2115,p-xylene,CC1=CC=C(C)C=C1,4.3100,,True
Cc1ccc(C)cc1,URLKBWYHVLBVBO-UHFFFAOYSA-N,C8H10,8,bains:Cox-2,13,row2115,p-xylene,CC1=CC=C(C)C=C1,3.9700,,True
Cc1ccc(C)cc1,URLKBWYHVLBVBO-UHFFFAOYSA-N,C8H10,8,bains:Cox-3,13,row2115,p-xylene,CC1=CC=C(C)C=C1,4.3100,,True
Cc1ccc(C)cc1,URLKBWYHVLBVBO-UHFFFAOYSA-N,C8H10,8,bains:Cioslowski,11,row2115,p-xylene,CC1=CC=C(C)C=C1,4.3000,,True
Cc1cccc(C)c1,IVSZLXZYQVIEFR-UHFFFAOYSA-N,C8H10,8,bains:Pedley,12,row2116,m-xylene,CC1=CC=CC(C)=C1,4.1348,,True
Cc1cccc(C)c1,IVSZLXZYQVIEFR-UHFFFAOYSA-N,C8H10,8,bains:Cox-1,13,row2116,m-xylene,CC1=CC=CC(C)=C1,4.1400,,True
Cc1cccc(C)c1,IVSZLXZYQVIEFR-UHFFFAOYSA-N,C8H10,8,bains:Cox-2,13,row2116,m-xylene,CC1=CC=CC(C)=C1,3.5900,,True
Cc1cccc(C)c1,IVSZLXZYQVIEFR-UHFFFAOYSA-N,C8H10,8,bains:Cox-3,13,row2116,m-xylene,CC1=CC=CC(C)=C1,4.1400,,True
Cc1cccc(C)c1,IVSZLXZYQVIEFR-UHFFFAOYSA-N,C8H10,8,bains:Cioslowski,11,row2116,m-xylene,CC1=CC=CC(C)=C1,4.1000,,True
Cc1ccccc1C,CTQNGGLPUBDAKN-UHFFFAOYSA-N,C8H10,8,bains:Pedley,12,row2117,o-xylene,CC1=CC=CC=C1C,4.5650,,True
Cc1ccccc1C,CTQNGGLPUBDAKN-UHFFFAOYSA-N,C8H10,8,bains:Cox-1,13,row2117,o-xylene,CC1=CC=CC=C1C,4.5600,,True
Cc1ccccc1C,CTQNGGLPUBDAKN-UHFFFAOYSA-N,C8H10,8,bains:Cox-2,13,row2117,o-xylene,CC1=CC=CC=C1C,4.2300,,True
Cc1ccccc1C,CTQNGGLPUBDAKN-UHFFFAOYSA-N,C8H10,8,bains:Cox-3,13,row2117,o-xylene,CC1=CC=CC=C1C,5.3800,,True
Cc1ccccc1C,CTQNGGLPUBDAKN-UHFFFAOYSA-N,C8H10,8,bains:Cox-4,13,row2117,o-xylene,CC1=CC=CC=C1C,4.5600,,True
Cc1ccccc1C,CTQNGGLPUBDAKN-UHFFFAOYSA-N,C8H10,8,bains:Cioslowski,11,row2117,o-xylene,CC1=CC=CC=C1C,4.6000,,True
CCc1ccc(O)cc1,HXDOZKJGKXYMEW-UHFFFAOYSA-N,C8H10O,9,bains:Pedley,12,row2118,p-ethylphenol,CCc1ccc(O)cc1,-34.4407,,True
CCc1ccc(O)cc1,HXDOZKJGKXYMEW-UHFFFAOYSA-N,C8H10O,9,bains:Cox-1,13,row2118,p-ethylphenol,CCc1ccc(O)cc1,-34.4300,,True
CCc1cccc(O)c1,HMNKTRSOROOSPP-UHFFFAOYSA-N,C8H10O,9,bains:Pedley,12,row2119,m-ethylphenol,CCc1cccc(O)c1,-34.9187,,True
CCc1cccc(O)c1,HMNKTRSOROOSPP-UHFFFAOYSA-N,C8H10O,9,bains:Cox-1,13,row2119,m-ethylphenol,CCc1cccc(O)c1,-34.9100,,True
CCc1ccccc1O,IXQGCWUGDFDQMF-UHFFFAOYSA-N,C8H10O,9,bains:Pedley,12,row2120,o-ethylphenol,CCc1ccccc1O,-34.7036,,True
CCc1ccccc1O,IXQGCWUGDFDQMF-UHFFFAOYSA-N,C8H10O,9,bains:Cox-1,13,row2120,o-ethylphenol,CCc1ccccc1O,-34.7100,,True
CCOc1ccccc1,DLRJIFUOBPOJNS-UHFFFAOYSA-N,C8H10O,9,bains:Pedley,12,row2121,ethyl phenyl ether,CCOC1=CC=CC=C1,-24.2830,,True
CCOc1ccccc1,DLRJIFUOBPOJNS-UHFFFAOYSA-N,C8H10O,9,bains:Cox-1,13,row2121,ethyl phenyl ether,CCOC1=CC=CC=C1,-26.3000,,True
Cc1ccc(C)c(O)c1,NKTOLZVEWDHZMU-UHFFFAOYSA-N,C8H10O,9,bains:Pedley,12,row2122,"2,5-xylenol",Cc1ccc(C)c(O)c1,-38.6233,,True
Cc1ccc(C)c(O)c1,NKTOLZVEWDHZMU-UHFFFAOYSA-N,C8H10O,9,bains:Cox-1,13,row2122,"2,5-xylenol",Cc1ccc(C)c(O)c1,-38.6300,,True
Cc1ccc(O)cc1C,YCOXTKKNXUZSKD-UHFFFAOYSA-N,C8H10O,9,bains:Pedley,12,row2123,"3,4-xylenol",Cc1ccc(O)cc1C,-37.4283,,True
Cc1ccc(O)cc1C,YCOXTKKNXUZSKD-UHFFFAOYSA-N,C8H10O,9,bains:Cox-1,13,row2123,"3,4-xylenol",Cc1ccc(O)cc1C,-37.4200,,True
Cc1ccc(O)c(C)c1,KUFFULVDNCHOFZ-UHFFFAOYSA-N,C8H10O,9,bains:Pedley,12,row2124,"2,4-xylenol",Cc1ccc(O)c(C)c1,-38.9340,,True
Cc1ccc(O)c(C)c1,KUFFULVDNCHOFZ-UHFFFAOYSA-N,C8H10O,9,bains:Cox-1,13,row2124,"2,4-xylenol",Cc1ccc(O)c(C)c1,-38.9300,,True
Cc1cc(C)cc(O)c1,TUAMRELNJMMDMT-UHFFFAOYSA-N,C8H10O,9,bains:Pedley,12,row2125,"3,5-xylenol",Cc1cc(C)cc(O)c1,-38.5994,,True
Cc1cc(C)cc(O)c1,TUAMRELNJMMDMT-UHFFFAOYSA-N,C8H10O,9,bains:Cox-1,13,row2125,"3,5-xylenol",Cc1cc(C)cc(O)c1,-38.6100,,True
Cc1cccc(C)c1O,NXXYKOUNUYWIHA-UHFFFAOYSA-N,C8H10O,9,bains:Pedley,12,row2126,"2,6-xylenol",Cc1cccc(C)c1O,-38.6711,,True
Cc1cccc(C)c1O,NXXYKOUNUYWIHA-UHFFFAOYSA-N,C8H10O,9,bains:Cox-1,13,row2126,"2,6-xylenol",Cc1cccc(C)c1O,-38.6600,,True
Cc1cccc(O)c1C,QWBBPBRQALCEIZ-UHFFFAOYSA-N,C8H10O,9,bains:Pedley,12,row2127,"2,3-xylenol",Cc1cccc(O)c1C,-37.5717,,True
Cc1cccc(O)c1C,QWBBPBRQALCEIZ-UHFFFAOYSA-N,C8H10O,9,bains:Cox-1,13,row2127,"2,3-xylenol",Cc1cccc(O)c1C,-37.5700,,True
COc1cccc(C)c1,OSIGJGFTADMDOB-UHFFFAOYSA-N,C8H10O,9,bains:Pedley,12,row2128,3-methoxy-1-methylbenzene,COc1cccc(C)c1,-24.8805,,True
COc1cccc(C)c1,OSIGJGFTADMDOB-UHFFFAOYSA-N,C8H10O,9,bains:Cox-1,13,row2128,3-methoxy-1-methylbenzene,COc1cccc(C)c1,-24.9000,,True
COc1cccc(OC)c1,DPZNOMCNRMUKPS-UHFFFAOYSA-N,C8H10O2,10,bains:Pedley,12,row2129,"1,3-dimethoxybenzene",COC1=CC(OC)=CC=C1,-53.3700,,True
COc1ccccc1OC,ABDKAPXRBAPSQN-UHFFFAOYSA-N,C8H10O2,10,bains:Cox-1,13,row2130,o-dimethoxybenzene,COc1ccccc1OC,-53.4000,,True
CCOc1c(OCC)c(=O)c1=O,DFSFLZCLKYZYRD-UHFFFAOYSA-N,C8H10O4,12,bains:Pedley,12,row2133,"3,4-diethoxy-3-cyclobutene-1,2-dione",O=C1C(C(OCC)=C1OCC)=O,-114.3642,,True
CCNc1ccccc1,OJGMBLNIHDZDGS-UHFFFAOYSA-N,C8H11N,9,bains:Pedley,12,row2136,N-ethylaniline,CCNc1ccccc1,13.4560,,True
CCNc1ccccc1,OJGMBLNIHDZDGS-UHFFFAOYSA-N,C8H11N,9,bains:Cox-1,13,row2136,N-ethylaniline,CCNc1ccccc1,13.5000,,True
CN(C)c1ccccc1,JLTDJTHDQAWBAV-UHFFFAOYSA-N,C8H11N,9,bains:Pedley,12,row2137,"N,N-dimethylaniline",CN(C)C1=CC=CC=C1,24.0201,,True
CN(C)c1ccccc1,JLTDJTHDQAWBAV-UHFFFAOYSA-N,C8H11N,9,bains:Yaws,90,row2137,"N,N-dimethylaniline",CN(C)C1=CC=CC=C1,24.0201,,True
Cc1cc(C)[n+]([O-])c(C)c1,QBNLGSOBSNKMBN-UHFFFAOYSA-N,C8H11NO,10,bains:Cioslowski,11,row2138,"2,4,6-trimethylpyridine 1-oxide",CC1=[N+]([O-])C(C)=CC(C)=C1,32.7000,,True
C1=C\CC/C=C\CC/1,VYXHVRARDIDEHS-QGTKBVGQSA-N,C8H12,8,bains:Pedley,12,row2139,"1,5-cyclooctadiene",C1=C\CC/C=C\CC/1,24.1635,,True
C1=C\CC/C=C\CC/1,VYXHVRARDIDEHS-QGTKBVGQSA-N,C8H12,8,bains:Yaws,90,row2139,"1,5-cyclooctadiene",C1=C\CC/C=C\CC/1,24.1635,,True
C1=CC2CCC1CC2,VIQRCOQXIHFJND-UHFFFAOYSA-N,C8H12,8,bains:Pedley,12,row2140,Bicyclo[2.2.2]oct-2-ene,C1(CC2)C=CC2CC1,4.8996,,True
C=CC1CC=CCC1,BBDKZWKEPDTENS-UHFFFAOYSA-N,C8H12,8,bains:Pedley,12,row2141,4-vinylcyclohexene,C=CC1CC=CCC1,15.5593,,True
C=C[C@@H]1CC[C@H]1C=C,UHHCYAAVGADGGP-HTQZYQBOSA-N,C8H12,8,bains:Pedley,12,row2142,"trans-1,2-diethenylcyclobutane",C=C[C@H]1[C@H](C=C)CC1,34.2973,,True
C=C1C2CCC1CC2,JSASFGPUXQDHEC-UHFFFAOYSA-N,C8H12,8,bains:Pedley,12,row2143,7-methylenebicyclo[2.2.1]heptane,C=C1C2CCC1CC2,14.3881,,True
CC(C)(C#N)C(C)(C)C#N,ZVQXQPNJHRNGID-UHFFFAOYSA-N,C8H12N2,10,bains:Pedley,12,row2144,tetramethylbutanedinitrile,N#CC(C)(C)C(C)(C)C#N,24.1396,,True
O=C1CC[C@@H]2CCC[C@@H]12,NZTVVUIIJPWANB-NKWVEPMBSA-N,C8H12O,9,bains:Pedley,12,row2145,trans-bicyclo[3.3.0]octan-2-one,O=C1[C@]2([H])CCC[C@@]2([H])CC1,-49.4025,,True
CC1(C)C(=O)C(C)(C)C1=O,RGCDVHNITQEYPO-UHFFFAOYSA-N,C8H12O2,10,bains:Pedley,12,row2146,"2,2,4,4-tetramethyl-1,3-cyclobutanedione",O=C1C(C)(C)C(C1(C)C)=O,-73.5182,,True
C1=CCCCCCC1,URYYVOIYTNXXBN-UHFFFAOYSA-N,C8H14,8,bains:Pedley,12,row2148,cyclo-octene,C1CCCC=CCC1,-6.4532,,True
C1=CCCCCCC1,URYYVOIYTNXXBN-UHFFFAOYSA-N,C8H14,8,bains:Cox-1,13,row2148,cyclo-octene,C1CCCC=CCC1,-6.4500,,True
C1CCC2CC2CC1,AKHMHYGTZRJYBS-UHFFFAOYSA-N,C8H14,8,bains:Pedley,12,row2149,"bicyclo[5,1,0]octane",C1CCC2CC2CC1,-3.9675,,True
C1CCC2CC2CC1,AKHMHYGTZRJYBS-UHFFFAOYSA-N,C8H14,8,bains:Cox-1,13,row2149,"bicyclo[5,1,0]octane",C1CCC2CC2CC1,-3.8500,,True
C1CCC2CCC2C1,RPZUBXWEQBPUJR-UHFFFAOYSA-N,C8H14,8,bains:Pedley,12,row2150,"bicyclo[4,2,0]octane",C1CCC2CCC2C1,-6.2620,,True
C1CCC2CCC2C1,RPZUBXWEQBPUJR-UHFFFAOYSA-N,C8H14,8,bains:Cox-1,13,row2150,"bicyclo[4,2,0]octane",C1CCC2CCC2C1,-6.3900,,True
C=CCC1CCCC1,NHIDGVQVYHCGEK-UHFFFAOYSA-N,C8H14,8,bains:Pedley,12,row2151,3-cyclopentylpropene,C=CCC1CCCC1,-5.7600,,True
C1CC2CCC1CC2,GPRLTFBKWDERLU-UHFFFAOYSA-N,C8H14,8,bains:Pedley,12,row2152,bicyclo[2.2.2]octane,C1(CC2)CCC2CC1,-23.6616,,True
C1CC2CCC1CC2,GPRLTFBKWDERLU-UHFFFAOYSA-N,C8H14,8,bains:Winget,18,row2152,bicyclo[2.2.2]octane,C1(CC2)CCC2CC1,-24.0885,,True
C1CC2CCC1CC2,GPRLTFBKWDERLU-UHFFFAOYSA-N,C8H14,8,bains:Cioslowski,11,row2152,bicyclo[2.2.2]octane,C1(CC2)CCC2CC1,-23.7000,,True
C=CC1CCCCC1,LDLDYFCCDKENPD-UHFFFAOYSA-N,C8H14,8,bains:Pedley,12,row2153,vinylcyclohexane,C=CC1CCCCC1,-11.6874,,True
CC=C1CCCCC1,BPBOWYWUOUJKLO-UHFFFAOYSA-N,C8H14,8,bains:Pedley,12,row2154,ethylidenecyclohexane,C/C=C1CCCCC/1,-14.6989,,True
CCC1=CCCCC1,IFVMAGPISVKRAR-UHFFFAOYSA-N,C8H14,8,bains:Pedley,12,row2155,1-ethylcyclohexene,CCC1=CCCCC1,-15.1530,,True
CCC1=CCCCC1,IFVMAGPISVKRAR-UHFFFAOYSA-N,C8H14,8,bains:Cox-1,13,row2155,1-ethylcyclohexene,CCC1=CCCCC1,-15.1600,,True
C1C[C@H]2CCC[C@@H]2C1,AEBWATHAIVJLTA-ZKCHVHJHSA-N,C8H14,8,bains:Pedley,12,row2156,trans-bicyclo[3.3.0]octane,[H][C@]12CCC[C@]1([H])CCC2,-15.9178,,True
CC12CCCCC1C2,FHFSVDXYQFWKPC-UHFFFAOYSA-N,C8H14,8,bains:Add Lit 1,17,row2157,1-methylbicyclo[4.1.0]heptane,CC12CCCCC1C2,-4.9676,,True
CC12CCCCC1C2,FHFSVDXYQFWKPC-UHFFFAOYSA-N,C8H14,8,bains:Pedley,12,row2157,1-methylbicyclo[4.1.0]heptane,CC12CCCCC1C2,-4.9713,,True
CC12CCC(C)(CC1)N=N2,HNKORYYGGBIIGK-UHFFFAOYSA-N,C8H14N2,10,bains:Pedley,12,row2159,"1,4-dimethyl-2,3-diazabicyclo[2.2.2]oct-2-ene",CC12N=NC(CC2)(C)CC1,22.0841,,True
C1CC2CCC1COC2,SVSOGVQZYJCDKO-UHFFFAOYSA-N,C8H14O,9,bains:Pedley,12,row2160,3-oxabicyclo[3.2.2]nonane,C1(CC2)COCC2CC1,-53.1788,,True
O=C1CCCCCCC1,IIRFCWANHMSDCG-UHFFFAOYSA-N,C8H14O,9,bains:Pedley,12,row2161,cyclo-octanone,O=C1CCCCCCC1,-64.9140,,True
O=C1CCCCCCC1,IIRFCWANHMSDCG-UHFFFAOYSA-N,C8H14O,9,bains:Cox-1,13,row2161,cyclo-octanone,O=C1CCCCCCC1,-64.9000,,True
C/C=C/CC(=O)OCCC,QXSSGYRBUZRDNL-HWKANZROSA-N,C8H14O2,10,bains:Pedley,12,row2162,n-propyl 3-pentenoate,C/C=C/CC(OCCC)=O,-96.6061,,True
C/C=C/CC(=O)OCCC,QXSSGYRBUZRDNL-HWKANZROSA-N,C8H14O2,10,bains:Cox-1,13,row2162,n-propyl 3-pentenoate,C/C=C/CC(OCCC)=O,-96.6000,,True
C=CCCC(=O)OCCC,CAZFANXQUXBGQQ-UHFFFAOYSA-N,C8H14O2,10,bains:Pedley,12,row2163,n-propyl 4-pentenoate,C=CCCC(OCCC)=O,-95.1004,,True
C=CCCC(=O)OCCC,CAZFANXQUXBGQQ-UHFFFAOYSA-N,C8H14O2,10,bains:Cox-1,13,row2163,n-propyl 4-pentenoate,C=CCCC(OCCC)=O,-95.1000,,True
CC/C=C/C(=O)OCCC,KGUBSOCXRUPVMO-AATRIKPKSA-N,C8H14O2,10,bains:Pedley,12,row2164,n-propyl 2-pentenoate,CC/C=C/C(OCCC)=O,-98.7094,,True
CC/C=C/C(=O)OCCC,KGUBSOCXRUPVMO-AATRIKPKSA-N,C8H14O2,10,bains:Cox-1,13,row2164,n-propyl 2-pentenoate,CC/C=C/C(OCCC)=O,-98.7000,,True
C/C=C/C(=O)OCCCC,GWCTUKHUBWMAMI-GQCTYLIASA-N,C8H14O2,10,bains:Pedley,12,row2165,n-butyl crotonate,C/C=C/C(OCCCC)=O,-99.4025,,True
C/C=C/C(=O)OCCCC,GWCTUKHUBWMAMI-GQCTYLIASA-N,C8H14O2,10,bains:Cox-1,13,row2165,n-butyl crotonate,C/C=C/C(OCCCC)=O,-99.4000,,True
C=C(C)C(=O)OCCCC,SOGAXMICEFXMKE-UHFFFAOYSA-N,C8H14O2,10,bains:Yaws,90,row2166,butyl methacrylate,CC(C(OCCCC)=O)=C,-100.8604,,True
C=CCCC(=O)OC(C)C,DAGPKYGPLKMJEJ-UHFFFAOYSA-N,C8H14O2,10,bains:Pedley,12,row2167,isopropyl 4-pentenoate,C=CCCC(OC(C)C)=O,-99.7132,,True
C=CCCC(=O)OC(C)C,DAGPKYGPLKMJEJ-UHFFFAOYSA-N,C8H14O2,10,bains:Cox-1,13,row2167,isopropyl 4-pentenoate,C=CCCC(OC(C)C)=O,-99.7000,,True
C/C=C/CC(=O)OC(C)C,VTOODJNVRSHBLI-SNAWJCMRSA-N,C8H14O2,10,bains:Pedley,12,row2168,isopropyl 3-pentenoate,C/C=C/CC(OC(C)C)=O,-101.6013,,True
C/C=C/CC(=O)OC(C)C,VTOODJNVRSHBLI-SNAWJCMRSA-N,C8H14O2,10,bains:Cox-1,13,row2168,isopropyl 3-pentenoate,C/C=C/CC(OC(C)C)=O,-101.6000,,True
CC/C=C/C(=O)OC(C)C,OKSNIKMUZNYBPP-AATRIKPKSA-N,C8H14O2,10,bains:Pedley,12,row2169,isopropyl 2-pentenoate,CC/C=C/C(OC(C)C)=O,-102.6052,,True
CC/C=C/C(=O)OC(C)C,OKSNIKMUZNYBPP-AATRIKPKSA-N,C8H14O2,10,bains:Cox-1,13,row2169,isopropyl 2-pentenoate,CC/C=C/C(OC(C)C)=O,-102.6000,,True
C/C=C/C(=O)OCC(C)C,XDOWKOALJBOBBL-SNAWJCMRSA-N,C8H14O2,10,bains:Cox-1,13,row2170,isobutyl crotonate,C/C=C/C(OCC(C)C)=O,-101.3000,,True
C/C=C/C(=O)OC(C)CC,KAKJZWSUVDRWQU-GQCTYLIASA-N,C8H14O2,10,bains:Pedley,12,row2171,sec-butyl crotonate,C/C=C/C(OC(C)CC)=O,-101.6013,,True
C/C=C/C(=O)OC(C)CC,KAKJZWSUVDRWQU-GQCTYLIASA-N,C8H14O2,10,bains:Cox-1,13,row2171,sec-butyl crotonate,C/C=C/C(OC(C)CC)=O,-101.6000,,True
C/C=C/C(=O)OC(C)(C)C,QHSPZGZEUDEIQM-AATRIKPKSA-N,C8H14O2,10,bains:Pedley,12,row2172,(E)-2-butenoic acid tert-butyl ester,C/C=C/C(OC(C)(C)C)=O,-101.3145,,True
CCOC(=O)C(CC)C(C)=O,OKANYBNORCUPKZ-UHFFFAOYSA-N,C8H14O3,11,bains:Cox-1,13,row2173,ethyl a-ethylacetoacetate,O=C(C)C(CC)C(OCC)=O,-157.6700,,True
O=C(O)OCC1CCCCC1,GPTIZNPODRMHFN-UHFFFAOYSA-N,C8H14O3,11,bains:Pedley,12,row2174,carbonic acid cyclohexylmethyl ester,O=C(O)OCC1CCCCC1,-158.5086,,True
O=C(O)CCCCCCC(=O)O,TYFQFVWCELRYAO-UHFFFAOYSA-N,C8H14O4,12,bains:Pedley,12,row2175,suberic acid,O=C(O)CCCCCCC(O)=O,-213.8862,,True
O=C(O)CCCCCCC(=O)O,TYFQFVWCELRYAO-UHFFFAOYSA-N,C8H14O4,12,bains:Cox-1,13,row2175,suberic acid,O=C(O)CCCCCCC(O)=O,-213.9000,,True
CCCCCCCC#N,YSIMAPNUZAVQER-UHFFFAOYSA-N,C8H15N,9,bains:Pedley,12,row2187,octanenitrile,CCCCCCCC#N,-12.0937,,True
C1CC2CCC1CNC2,LICHZOBEUWVYSY-UHFFFAOYSA-N,C8H15N,9,bains:Pedley,12,row2188,3-azabicyclo[3.2.2]nonane,C1(CC2)CNCC2CC1,-10.4207,,True
CCCCN(C(C)=O)C(C)=O,FEOFWXBYTMJIBA-UHFFFAOYSA-N,C8H15NO2,11,bains:Pedley,12,row2189,N-butyldiacetimide,CC(N(CCCC)C(C)=O)=O,-113.4082,,True
CCCCN(C(C)=O)C(C)=O,FEOFWXBYTMJIBA-UHFFFAOYSA-N,C8H15NO2,11,bains:Cox-1,13,row2189,N-butyldiacetimide,CC(N(CCCC)C(C)=O)=O,-113.3700,,True
C1CCCCCCC1,WJTCGQSWYFHTAC-UHFFFAOYSA-N,C8H16,8,bains:Pedley,12,row2190,cyclooctane,C1CCCCCCC1,-29.7323,,True
C1CCCCCCC1,WJTCGQSWYFHTAC-UHFFFAOYSA-N,C8H16,8,bains:Cox-1,13,row2190,cyclooctane,C1CCCCCCC1,-29.7300,,True
C1CCCCCCC1,WJTCGQSWYFHTAC-UHFFFAOYSA-N,C8H16,8,bains:Cox-2,13,row2190,cyclooctane,C1CCCCCCC1,-30.1300,,True
C1CCCCCCC1,WJTCGQSWYFHTAC-UHFFFAOYSA-N,C8H16,8,bains:Cox-3,13,row2190,cyclooctane,C1CCCCCCC1,-33.2000,,True
C1CCCCCCC1,WJTCGQSWYFHTAC-UHFFFAOYSA-N,C8H16,8,bains:Cox-4,13,row2190,cyclooctane,C1CCCCCCC1,-29.7300,,True
C1CCCCCCC1,WJTCGQSWYFHTAC-UHFFFAOYSA-N,C8H16,8,bains:Yaws,90,row2190,cyclooctane,C1CCCCCCC1,-29.7323,,True
CCCC1CCCC1,KDIAMAVWIJYWHN-UHFFFAOYSA-N,C8H16,8,bains:Pedley,12,row2191,n-propylcyclopentane,CCCC1CCCC1,-35.3011,,True
CCCC1CCCC1,KDIAMAVWIJYWHN-UHFFFAOYSA-N,C8H16,8,bains:Cox-1,13,row2191,n-propylcyclopentane,CCCC1CCCC1,-35.3700,,True
CCC1CCCCC1,IIEWJVIFRVWJOD-UHFFFAOYSA-N,C8H16,8,bains:Pedley,12,row2192,ethylcyclohexane,CCC1CCCCC1,-41.0373,,True
CCC1CCCCC1,IIEWJVIFRVWJOD-UHFFFAOYSA-N,C8H16,8,bains:Cox-1,13,row2192,ethylcyclohexane,CCC1CCCCC1,-41.0300,,True
C=CCCCCCC,KWKAKUADMBZCLK-UHFFFAOYSA-N,C8H16,8,bains:Pedley,12,row2193,1-octene,CCCCCCC=C,-19.4551,,True
C=CCCCCCC,KWKAKUADMBZCLK-UHFFFAOYSA-N,C8H16,8,bains:Cox-1,13,row2193,1-octene,CCCCCCC=C,-19.4100,,True
C/C=C\CC(C)(C)C,NWZJLSKAFZXSQH-WAYWQWQTSA-N,C8H16,8,bains:Yaws,90,row2194,"5,5-dimethyl-cis-2-hexene",C/C=C\CC(C)(C)C,-25.9082,,True
C=CCCC(C)(C)C,KZJIOVQKSAOPOP-UHFFFAOYSA-N,C8H16,8,bains:Yaws,90,row2195,"5,5-dimethyl-1-hexene",C=CCCC(C)(C)C,-24.0918,,True
CC/C=C\C(C)(C)C,JPLZSSHKQZJYTJ-SREVYHEPSA-N,C8H16,8,bains:Pedley,12,row2196,"2,2-dimethyl-cis-3-hexene",CC(C)(C)/C=C\CC,-25.7409,,True
CC/C=C\C(C)(C)C,JPLZSSHKQZJYTJ-SREVYHEPSA-N,C8H16,8,bains:Cox-1,13,row2196,"2,2-dimethyl-cis-3-hexene",CC(C)(C)/C=C\CC,-25.7300,,True
CC/C=C\C(C)(C)C,JPLZSSHKQZJYTJ-SREVYHEPSA-N,C8H16,8,bains:Yaws,90,row2196,"2,2-dimethyl-cis-3-hexene",CC(C)(C)/C=C\CC,-21.7495,,True
C=CCC(C)C(C)C,UFWIBUBEFUNVNI-UHFFFAOYSA-N,C8H16,8,bains:Yaws,90,row2197,"4,5-dimethyl-1-hexene",C=CCC(C)C(C)C,-22.2275,,True
CCCC(C)=C(C)C,RGYAVZGBAJFMIZ-UHFFFAOYSA-N,C8H16,8,bains:Yaws,90,row2198,"2,3-dimethyl-2-hexene",C/C(C)=C(C)\CCC,-25.9321,,True
C/C=C\C(C)C(C)C,OAVNNZUEVHDCKP-WAYWQWQTSA-N,C8H16,8,bains:Yaws,90,row2199,"4,5-dimethyl-cis-2-hexene",C/C=C\C(C)C(C)C,-24.3308,,True
CC/C=C(/C)C(C)C,PRTXQHCLTIKAAJ-VURMDHGXSA-N,C8H16,8,bains:Yaws,90,row2200,"2,3-dimethyl-cis-3-hexene",CC(C)/C(C)=C\CC,-26.6252,,True
C=C(C)C(C)CCC,LVLXQRZPKUFJJQ-UHFFFAOYSA-N,C8H16,8,bains:Yaws,90,row2201,"2,3-dimethyl-1-hexene",C=C(C)C(C)CCC,-23.4465,,True
C=CC(C)C(C)CC,OWWRMMIWAOBBFK-UHFFFAOYSA-N,C8H16,8,bains:Yaws,90,row2202,"3,4-dimethyl-1-hexene",C=CC(C)C(C)CC,-22.2275,,True
C/C=C(/C)C(C)CC,FMNLVKMLDPGPRY-ALCCZGGFSA-N,C8H16,8,bains:Yaws,90,row2203,"3,4-dimethyl-cis-2-hexene",C/C=C(C)\C(C)CC,-26.2189,,True
CC/C(C)=C(/C)CC,XTUXVDJHGIEBAA-FPLPWBNLSA-N,C8H16,8,bains:Yaws,90,row2204,"3,4-dimethyl-cis-3-hexene",CC/C(C)=C(C)\CC,-25.6214,,True
C/C=C\C(C)(C)CC,OQEVAISXHCRQGF-ALCCZGGFSA-N,C8H16,8,bains:Yaws,90,row2205,"4,4-dimethyl-cis-2-hexene",C/C=C\C(C)(C)CC,-20.8413,,True
C=CCC(C)(C)CC,SUJVAMIXNUAJEY-UHFFFAOYSA-N,C8H16,8,bains:Yaws,90,row2206,"4,4-dimethyl-1-hexene",C=CCC(C)(C)CC,-23.2314,,True
C=CC(C)(C)CCC,RXYYKIMRVXDSFR-UHFFFAOYSA-N,C8H16,8,bains:Yaws,90,row2207,"3,3-dimethyl-1-hexene",C=CC(C)(C)CCC,-22.4665,,True
C=CC(C)CC(C)C,FEZKAPRRVNNJTK-UHFFFAOYSA-N,C8H16,8,bains:Yaws,90,row2208,"3,5-dimethyl-1-hexene",C=CC(C)CC(C)C,-23.1597,,True
C/C=C(/C)CC(C)C,BQAZYKYBFAMHPG-YVMONPNESA-N,C8H16,8,bains:Yaws,90,row2209,"3,5-dimethyl-cis-2-hexene",C/C=C(C)\CC(C)C,-26.6013,,True
CCC(C)C=C(C)C,IZSBIPQYBGDXJZ-UHFFFAOYSA-N,C8H16,8,bains:Yaws,90,row2210,"2,4-dimethyl-2-hexene",C/C(C)=C\C(C)CC,-25.8365,,True
CC/C(C)=C\C(C)C,VFCHHMABGOYOQI-VURMDHGXSA-N,C8H16,8,bains:Yaws,90,row2211,"2,4-dimethyl-cis-3-hexene",CC(C)/C=C(C)\CC,-25.9321,,True
C=C(C)CC(C)CC,PKVDGQHNRICJLA-UHFFFAOYSA-N,C8H16,8,bains:Yaws,90,row2212,"2,4-dimethyl-1-hexene",C=C(C)CC(C)CC,-24.2830,,True
C=C(C)C(CC)CC,HPHHYSWOBXEIRG-UHFFFAOYSA-N,C8H16,8,bains:Pedley,12,row2213,2-methyl-3-ethyl-1-pentene,CCC(CC)C(C)=C,-23.9723,,True
C=C(C)C(CC)CC,HPHHYSWOBXEIRG-UHFFFAOYSA-N,C8H16,8,bains:Cox-1,13,row2213,2-methyl-3-ethyl-1-pentene,CCC(CC)C(C)=C,-23.9700,,True
C=C(CC)C(C)(C)C,KQRPZENSXZIOQO-UHFFFAOYSA-N,C8H16,8,bains:Yaws,90,row2214,"3,3-dimethyl-2-ethyl-1-butene",C=C(CC)C(C)(C)C,-24.2734,,True
CC(C)=CCC(C)C,VFZIUYUUQFYZBR-UHFFFAOYSA-N,C8H16,8,bains:Yaws,90,row2215,"2,5-dimethyl-2-hexene",C/C(C)=C\CC(C)C,-27.5574,,True
CC(C)/C=C\C(C)C,KNCMKWVOMRUHKZ-WAYWQWQTSA-N,C8H16,8,bains:Yaws,90,row2216,"2,5-dimethyl-cis-3-hexene",CC(C)/C=C\C(C)C,-24.8327,,True
C=C(C)CCC(C)C,ISZWTVCVSJVEOL-UHFFFAOYSA-N,C8H16,8,bains:Yaws,90,row2217,"2,5-dimethyl-1-hexene",C=C(C)CCC(C)C,-25.2629,,True
C=C(C)CC(C)(C)C,FXNDIJDIPNCZQJ-UHFFFAOYSA-N,C8H16,8,bains:Pedley,12,row2218,"2,4,4-trimethyl-1-pentene",CC(=C)CC(C)(C)C,-26.4340,,True
C=C(C)CC(C)(C)C,FXNDIJDIPNCZQJ-UHFFFAOYSA-N,C8H16,8,bains:Cox-1,13,row2218,"2,4,4-trimethyl-1-pentene",CC(=C)CC(C)(C)C,-26.2500,,True
C=C(C)CC(C)(C)C,FXNDIJDIPNCZQJ-UHFFFAOYSA-N,C8H16,8,bains:Cox-2,13,row2218,"2,4,4-trimethyl-1-pentene",CC(=C)CC(C)(C)C,-24.7000,,True
C=C(C)CC(C)(C)C,FXNDIJDIPNCZQJ-UHFFFAOYSA-N,C8H16,8,bains:Cox-3,13,row2218,"2,4,4-trimethyl-1-pentene",CC(=C)CC(C)(C)C,-26.5500,,True
C=C(C)CC(C)(C)C,FXNDIJDIPNCZQJ-UHFFFAOYSA-N,C8H16,8,bains:Cox-4,13,row2218,"2,4,4-trimethyl-1-pentene",CC(=C)CC(C)(C)C,-26.3700,,True
CC(C)=CC(C)(C)C,LAAVYEUJEMRIGF-UHFFFAOYSA-N,C8H16,8,bains:Pedley,12,row2219,"2,4,4-trimethyl-2-pentene",CC(C)=CC(C)(C)C,-25.0717,,True
CC(C)=CC(C)(C)C,LAAVYEUJEMRIGF-UHFFFAOYSA-N,C8H16,8,bains:Cox-1,13,row2219,"2,4,4-trimethyl-2-pentene",CC(C)=CC(C)(C)C,-25.0700,,True
C[C@H]1CC[C@@H](C)CC1,QRMPKOFEUHIBNM-OCAPTIKFSA-N,C8H16,8,bains:Pedley,12,row2220,"cis-1,4-dimethylcyclohexane",C[C@@H]1CC[C@H](C)CC1,-44.0966,,True
C[C@H]1CC[C@@H](C)CC1,QRMPKOFEUHIBNM-OCAPTIKFSA-N,C8H16,8,bains:Cox-1,13,row2220,"cis-1,4-dimethylcyclohexane",C[C@@H]1CC[C@H](C)CC1,-44.1000,,True
C[C@H]1CC[C@@H](C)CC1,QRMPKOFEUHIBNM-OCAPTIKFSA-N,C8H16,8,bains:Yaws,90,row2220,"cis-1,4-dimethylcyclohexane",C[C@@H]1CC[C@H](C)CC1,-42.2084,,True
C[C@@H]1CCC[C@@H](C)C1,SGVUHPSBDNVHKL-HTQZYQBOSA-N,C8H16,8,bains:Pedley,12,row2221,"trans-1,3-dimethylcyclohexane",C[C@H]1C[C@H](C)CCC1,-42.1845,,True
C[C@@H]1CCC[C@@H](C)C1,SGVUHPSBDNVHKL-HTQZYQBOSA-N,C8H16,8,bains:Cox-1,13,row2221,"trans-1,3-dimethylcyclohexane",C[C@H]1C[C@H](C)CCC1,-42.1800,,True
C[C@@H]1CCC[C@@H](C)C1,SGVUHPSBDNVHKL-HTQZYQBOSA-N,C8H16,8,bains:Yaws,90,row2221,"trans-1,3-dimethylcyclohexane",C[C@H]1C[C@H](C)CCC1,-42.1845,,True
C[C@@H]1CCCC[C@@H]1C,KVZJLSYJROEPSQ-OCAPTIKFSA-N,C8H16,8,bains:Pedley,12,row2222,"cis-1,2-dimethylcyclohexane",C[C@@H]1[C@H](C)CCCC1,-42.9971,,True
C[C@@H]1CCCC[C@@H]1C,KVZJLSYJROEPSQ-OCAPTIKFSA-N,C8H16,8,bains:Cox-1,13,row2222,"cis-1,2-dimethylcyclohexane",C[C@@H]1[C@H](C)CCCC1,-42.9900,,True
C[C@@H]1CCCC[C@@H]1C,KVZJLSYJROEPSQ-OCAPTIKFSA-N,C8H16,8,bains:Yaws,90,row2222,"cis-1,2-dimethylcyclohexane",C[C@@H]1[C@H](C)CCCC1,-41.1329,,True
CC1(C)CCCCC1,QEGNUYASOUJEHD-UHFFFAOYSA-N,C8H16,8,bains:Pedley,12,row2223,"1,1-dimethylcyclohexane",CC1(C)CCCCC1,-43.2361,,True
CC1(C)CCCCC1,QEGNUYASOUJEHD-UHFFFAOYSA-N,C8H16,8,bains:Cox-1,13,row2223,"1,1-dimethylcyclohexane",CC1(C)CCCCC1,-43.2300,,True
CC1(C)CCCCC1,QEGNUYASOUJEHD-UHFFFAOYSA-N,C8H16,8,bains:Yaws,90,row2223,"1,1-dimethylcyclohexane",CC1(C)CCCCC1,-43.2122,,True
CC1(C)CCC(C)(C)N=N1,ZJQQXBVCDFWYGI-UHFFFAOYSA-N,C8H16N2,10,bains:Pedley,12,row2228,"3,4,5,6-tetrahydro-3,3,6,6-tetramethylpyridazine",CC1(C)CCC(C)(C)N=N1,10.0382,,True
CCCCC(C=O)CC,LGYNIFWIKSEESD-UHFFFAOYSA-N,C8H16O,9,bains:Pedley,12,row2229,2-ethyl-1-hexanal,CCCCC(CC)C=O,-71.6061,,True
CCCCC(C=O)CC,LGYNIFWIKSEESD-UHFFFAOYSA-N,C8H16O,9,bains:Cox-1,13,row2229,2-ethyl-1-hexanal,CCCCC(CC)C=O,-71.6000,,True
CC(C)C(=O)C(C)(C)C,OVCHQRXVZXVQNQ-UHFFFAOYSA-N,C8H16O,9,bains:Pedley,12,row2230,isopropyl t-butyl ketone,O=C(C(C)C)C(C)(C)C,-80.8556,,True
CC(C)C(=O)C(C)(C)C,OVCHQRXVZXVQNQ-UHFFFAOYSA-N,C8H16O,9,bains:Cox-1,13,row2230,isopropyl t-butyl ketone,O=C(C(C)C)C(C)(C)C,-80.8400,,True
CCCCCCCOC=O,XEAMDSXSXYAICO-UHFFFAOYSA-N,C8H16O2,10,bains:Yaws,90,row2231,heptyl formate,O=COCCCCCCC,-117.0650,,True
CCCCCCCC(=O)O,WWZKQHOCKIZLMA-UHFFFAOYSA-N,C8H16O2,10,bains:Pedley,12,row2232,octanoic acid,CCCCCCCC(O)=O,-132.4809,,True
CCCCCCCC(=O)O,WWZKQHOCKIZLMA-UHFFFAOYSA-N,C8H16O2,10,bains:Cox-1,13,row2232,octanoic acid,CCCCCCCC(O)=O,-132.5000,,True
CCCCCCCC(=O)O,WWZKQHOCKIZLMA-UHFFFAOYSA-N,C8H16O2,10,bains:Cox-2,13,row2232,octanoic acid,CCCCCCCC(O)=O,-133.0000,,True
CCCCCCCC(=O)O,WWZKQHOCKIZLMA-UHFFFAOYSA-N,C8H16O2,10,bains:Cox-3,13,row2232,octanoic acid,CCCCCCCC(O)=O,-132.7000,,True
CCCCCCCC(=O)O,WWZKQHOCKIZLMA-UHFFFAOYSA-N,C8H16O2,10,bains:Yaws,90,row2232,octanoic acid,CCCCCCCC(O)=O,-132.8872,,True
CCCCCCOC(C)=O,AOGQPLXWSUTHQB-UHFFFAOYSA-N,C8H16O2,10,bains:Yaws,90,row2233,hexyl acetate,CC(OCCCCCC)=O,-125.7887,,True
CCCCCCC(=O)OC,XNCNNDVCAUWAIT-UHFFFAOYSA-N,C8H16O2,10,bains:Pedley,12,row2234,methyl heptanoate,CCCCCCC(OC)=O,-123.3031,,True
CCCCCCC(=O)OC,XNCNNDVCAUWAIT-UHFFFAOYSA-N,C8H16O2,10,bains:Cox-1,13,row2234,methyl heptanoate,CCCCCCC(OC)=O,-123.5000,,True
CCCCC(CC)C(=O)O,OBETXYAYXDNJHR-UHFFFAOYSA-N,C8H16O2,10,bains:Pedley,12,row2235,2-ethylhexanoic acid,CCCCC(CC)C(O)=O,-133.7237,,True
CCCCCOC(=O)CC,TWSRVQVEYJNFKQ-UHFFFAOYSA-N,C8H16O2,10,bains:Yaws,90,row2236,pentyl propanoate,CCC(OCCCCC)=O,-125.1195,,True
CCCCC(=O)OCCC,ROJKPKOYARNFNB-UHFFFAOYSA-N,C8H16O2,10,bains:Pedley,12,row2237,n-propyl pentanoate,CCCCC(OCCC)=O,-127.5335,,True
CCCCC(=O)OCCC,ROJKPKOYARNFNB-UHFFFAOYSA-N,C8H16O2,10,bains:Cox-1,13,row2237,n-propyl pentanoate,CCCCC(OCCC)=O,-127.5000,,True
CCCCOC(=O)CCC,XUPYJHCZDLZNFP-UHFFFAOYSA-N,C8H16O2,10,bains:Yaws,90,row2238,butyl butanoate,CCCC(OCCCC)=O,-125.4541,,True
CCCCC(=O)OC(C)C,OCAIYHCKLADPEG-UHFFFAOYSA-N,C8H16O2,10,bains:Pedley,12,row2239,isopropyl pentanoate,CCCCC(OC(C)C)=O,-130.2342,,True
CCCCC(=O)OC(C)C,OCAIYHCKLADPEG-UHFFFAOYSA-N,C8H16O2,10,bains:Cox-1,13,row2239,isopropyl pentanoate,CCCCC(OC(C)C)=O,-130.2000,,True
CCCC(=O)OCC(C)C,RGFNRWTWDWVHDD-UHFFFAOYSA-N,C8H16O2,10,bains:Yaws,90,row2240,isobutyl butanoate,CCCC(OCC(C)C)=O,-127.3901,,True
CCCC(C)OC(=O)CC,IPVKBEOJURLVER-UHFFFAOYSA-N,C8H16O2,10,bains:Yaws,90,row2241,1-methylbutyl propanoate,CCC(OC(C)CCC)=O,-129.4694,,True
CCCC(=O)OC(C)CC,QJHDFBAAFGELLO-UHFFFAOYSA-N,C8H16O2,10,bains:Pedley,12,row2242,sec-butyl butanoate,CCCC(OC(C)CC)=O,-130.3298,,True
CCCC(=O)OC(C)CC,QJHDFBAAFGELLO-UHFFFAOYSA-N,C8H16O2,10,bains:Cox-1,13,row2242,sec-butyl butanoate,CCCC(OC(C)CC)=O,-130.3000,,True
CCCC(=O)OC(C)CC,QJHDFBAAFGELLO-UHFFFAOYSA-N,C8H16O2,10,bains:Yaws,90,row2242,sec-butyl butanoate,CCCC(OC(C)CC)=O,-129.7801,,True
CCC(=O)OCC(C)CC,MVJLYXCJBPXRCY-UHFFFAOYSA-N,C8H16O2,10,bains:Yaws,90,row2243,2-methylbutyl propanoate,CCC(OCC(C)CC)=O,-126.6491,,True
CCC(=O)OC(CC)CC,VQSLYBNAHOGNCE-UHFFFAOYSA-N,C8H16O2,10,bains:Yaws,90,row2244,1-ethylpropyl propanoate,CCC(OC(CC)CC)=O,-129.8757,,True
CCC(=O)OCCC(C)C,XAOGXQMKWQFZEM-UHFFFAOYSA-N,C8H16O2,10,bains:Yaws,90,row2245,isopentyl propanoate,CCC(OCCC(C)C)=O,-126.4818,,True
CCCC(=O)OC(C)(C)C,TWBUVVYSQBFVGZ-UHFFFAOYSA-N,C8H16O2,10,bains:Yaws,90,row2246,tert-butyl butanoate,CCCC(OC(C)(C)C)=O,-134.5124,,True
CCC(=O)OCC(C)(C)C,UQNDRPKPYHCNNN-UHFFFAOYSA-N,C8H16O2,10,bains:Yaws,90,row2247,"2,2-dimethylpropyl propanoate",CCC(OCC(C)(C)C)=O,-129.1587,,True
CCC(=O)OC(C)(C)CC,RHSLWHLBYFOBAF-UHFFFAOYSA-N,C8H16O2,10,bains:Yaws,90,row2248,"1,1-dimethylpropyl propanoate",CCC(OC(C)(C)CC)=O,-133.5325,,True
CCC(=O)OC(C)C(C)C,RYYMZRUXQWULCT-UHFFFAOYSA-N,C8H16O2,10,bains:Yaws,90,row2249,"1,2-dimethylpropyl propanoate",CCC(OC(C)C(C)C)=O,-129.9235,,True
CC(C)COC(=O)C(C)C,RXGUIWHIADMCFC-UHFFFAOYSA-N,C8H16O2,10,bains:Yaws,90,row2250,isobutyl isobutyrate,CC(C)C(OCC(C)C)=O,-130.7361,,True
COCCOC1CCCCO1,CENLRESKVLHEPM-UHFFFAOYSA-N,C8H16O3,11,bains:Pedley,12,row2251,2-(2-methoxyethoxy)-tetrahydro-2H-pyran,COCCOC1CCCCO1,-134.5602,,True
C1COCCOCCOCCO1,XQQZRZQVBFHBHL-UHFFFAOYSA-N,C8H16O4,12,bains:Pedley,12,row2252,"1,4,7,10-tetraoxacyclododecane",O1CCOCCOCCOCC1,-150.8126,,True
CCCCCCCC(N)=O,LTHCSWBWNVGEFE-UHFFFAOYSA-N,C8H17NO,10,bains:Pedley,12,row2256,octanamide,CCCCCCCC(N)=O,-86.6874,,True
CCCCCCCC(N)=O,LTHCSWBWNVGEFE-UHFFFAOYSA-N,C8H17NO,10,bains:Cox-1,13,row2256,octanamide,CCCCCCCC(N)=O,-86.7000,,True
CCCCCCCC,TVMXDCGIABBOFY-UHFFFAOYSA-N,C8H18,8,bains:Pedley,12,row2257,n-Octane,CCCCCCCC,-49.9283,,True
CCCCCCCC,TVMXDCGIABBOFY-UHFFFAOYSA-N,C8H18,8,bains:Cox-1,13,row2257,n-Octane,CCCCCCCC,-49.7800,,True
CCCCCCCC,TVMXDCGIABBOFY-UHFFFAOYSA-N,C8H18,8,bains:Cox-2,13,row2257,n-Octane,CCCCCCCC,-49.9400,,True
CCCCCCCC,TVMXDCGIABBOFY-UHFFFAOYSA-N,C8H18,8,bains:Cox-3,13,row2257,n-Octane,CCCCCCCC,-49.5000,,True
CCCCCCCC,TVMXDCGIABBOFY-UHFFFAOYSA-N,C8H18,8,bains:Cox-4,13,row2257,n-Octane,CCCCCCCC,-49.8600,,True
CCCCCCCC,TVMXDCGIABBOFY-UHFFFAOYSA-N,C8H18,8,bains:Winget,18,row2257,n-Octane,CCCCCCCC,-49.8761,,True
CCCCCCCC,TVMXDCGIABBOFY-UHFFFAOYSA-N,C8H18,8,bains:ATcT,10,row2257,n-Octane,CCCCCCCC,-49.7825,,True
CCCCCC(C)C,JVSWJIKNEAIKJW-UHFFFAOYSA-N,C8H18,8,bains:Pedley,12,row2258,2-methylheptane,CCCCCC(C)C,-51.4818,,True
CCCCCC(C)C,JVSWJIKNEAIKJW-UHFFFAOYSA-N,C8H18,8,bains:Cox-1,13,row2258,2-methylheptane,CCCCCC(C)C,-51.4700,,True
CCCCC(C)CC,LAIUFBWHERIJIH-UHFFFAOYSA-N,C8H18,8,bains:Pedley,12,row2259,3-methylheptane,CCCCC(C)CC,-50.3585,,True
CCCCC(C)CC,LAIUFBWHERIJIH-UHFFFAOYSA-N,C8H18,8,bains:Cox-1,13,row2259,3-methylheptane,CCCCC(C)CC,-50.7900,,True
CCCC(C)CCC,CHBAWFGIXDBEBT-UHFFFAOYSA-N,C8H18,8,bains:Pedley,12,row2260,4-methylheptane,CCCC(C)CCC,-50.6692,,True
CCCC(C)CCC,CHBAWFGIXDBEBT-UHFFFAOYSA-N,C8H18,8,bains:Cox-1,13,row2260,4-methylheptane,CCCC(C)CCC,-50.6600,,True
CCCC(CC)CC,SFRKSDZMZHIISH-UHFFFAOYSA-N,C8H18,8,bains:Cox-1,13,row2261,3-ethylhexane,CCCC(CC)CC,-50.3600,,True
CCCCC(C)(C)C,FLTJDUOFAQWHDF-UHFFFAOYSA-N,C8H18,8,bains:Pedley,12,row2262,"2,2-dimethylhexane",CC(C)(C)CCCC,-53.6807,,True
CCCCC(C)(C)C,FLTJDUOFAQWHDF-UHFFFAOYSA-N,C8H18,8,bains:Cox-1,13,row2262,"2,2-dimethylhexane",CC(C)(C)CCCC,-53.6800,,True
CCCCC(C)(C)C,FLTJDUOFAQWHDF-UHFFFAOYSA-N,C8H18,8,bains:Yaws,90,row2262,"2,2-dimethylhexane",CC(C)(C)CCCC,-53.6807,,True
CCCC(C)C(C)C,JXPOLSKBTUYKJB-UHFFFAOYSA-N,C8H18,8,bains:Pedley,12,row2263,"2,3-dimethylhexane",CC(C)C(C)CCC,-51.0994,,True
CCCC(C)C(C)C,JXPOLSKBTUYKJB-UHFFFAOYSA-N,C8H18,8,bains:Cox-1,13,row2263,"2,3-dimethylhexane",CC(C)C(C)CCC,-51.1000,,True
CCCC(C)C(C)C,JXPOLSKBTUYKJB-UHFFFAOYSA-N,C8H18,8,bains:Yaws,90,row2263,"2,3-dimethylhexane",CC(C)C(C)CCC,-51.0994,,True
CCC(C)C(C)CC,RNTWWGNZUXGTAX-UHFFFAOYSA-N,C8H18,8,bains:Pedley,12,row2264,"3,4-dimethylhexane",CCC(C)C(C)CC,-50.8604,,True
CCC(C)C(C)CC,RNTWWGNZUXGTAX-UHFFFAOYSA-N,C8H18,8,bains:Cox-1,13,row2264,"3,4-dimethylhexane",CCC(C)C(C)CC,-50.8700,,True
CCC(C)C(C)CC,RNTWWGNZUXGTAX-UHFFFAOYSA-N,C8H18,8,bains:Yaws,90,row2264,"3,4-dimethylhexane",CCC(C)C(C)CC,-50.8365,,True
CCCC(C)(C)CC,KUMXLFIBWFCMOJ-UHFFFAOYSA-N,C8H18,8,bains:Pedley,12,row2265,"3,3-dimethylhexane",CCC(C)(C)CCC,-52.5813,,True
CCCC(C)(C)CC,KUMXLFIBWFCMOJ-UHFFFAOYSA-N,C8H18,8,bains:Cox-1,13,row2265,"3,3-dimethylhexane",CCC(C)(C)CCC,-52.5800,,True
CCCC(C)(C)CC,KUMXLFIBWFCMOJ-UHFFFAOYSA-N,C8H18,8,bains:Yaws,90,row2265,"3,3-dimethylhexane",CCC(C)(C)CCC,-52.5813,,True
CCC(C)CC(C)C,HDGQICNBXPAKLR-UHFFFAOYSA-N,C8H18,8,bains:Pedley,12,row2266,"2,4-dimethylhexane",CC(C)CC(C)CC,-52.3901,,True
CCC(C)CC(C)C,HDGQICNBXPAKLR-UHFFFAOYSA-N,C8H18,8,bains:Cox-1,13,row2266,"2,4-dimethylhexane",CC(C)CC(C)CC,-52.4000,,True
CCC(C)CC(C)C,HDGQICNBXPAKLR-UHFFFAOYSA-N,C8H18,8,bains:Yaws,90,row2266,"2,4-dimethylhexane",CC(C)CC(C)CC,-52.3901,,True
CCC(C)(CC)CC,GIEZWIDCIFCQPS-UHFFFAOYSA-N,C8H18,8,bains:Pedley,12,row2267,3-methyl-3-ethylpentane,CCC(C)(CC)CC,-51.3384,,True
CCC(C)(CC)CC,GIEZWIDCIFCQPS-UHFFFAOYSA-N,C8H18,8,bains:Cox-1,13,row2267,3-methyl-3-ethylpentane,CCC(C)(CC)CC,-51.3500,,True
CCC(CC)C(C)C,DUPUVYJQZSLSJB-UHFFFAOYSA-N,C8H18,8,bains:Pedley,12,row2268,2-methyl-3-ethylpentane,CCC(CC)C(C)C,-50.4302,,True
CCC(CC)C(C)C,DUPUVYJQZSLSJB-UHFFFAOYSA-N,C8H18,8,bains:Cox-1,13,row2268,2-methyl-3-ethylpentane,CCC(CC)C(C)C,-50.4400,,True
CC(C)C(C)C(C)C,RLPGDEORIPLBNF-UHFFFAOYSA-N,C8H18,8,bains:Pedley,12,row2269,"2,3,4-trimethylpentane",CC(C)C(C)C(C)C,-51.9359,,True
CC(C)C(C)C(C)C,RLPGDEORIPLBNF-UHFFFAOYSA-N,C8H18,8,bains:Cox-1,13,row2269,"2,3,4-trimethylpentane",CC(C)C(C)C(C)C,-51.9400,,True
CCC(C)C(C)(C)C,XTDQDBVBDLYELW-UHFFFAOYSA-N,C8H18,8,bains:Pedley,12,row2270,"2,2,3-trimethylpentane",CCC(C)C(C)(C)C,-52.5813,,True
CCC(C)C(C)(C)C,XTDQDBVBDLYELW-UHFFFAOYSA-N,C8H18,8,bains:Cox-1,13,row2270,"2,2,3-trimethylpentane",CCC(C)C(C)(C)C,-52.5800,,True
CCC(C)(C)C(C)C,OKVWYBALHQFVFP-UHFFFAOYSA-N,C8H18,8,bains:Pedley,12,row2271,"2,3,3-trimethylpentane",CCC(C)(C)C(C)C,-51.6969,,True
CCC(C)(C)C(C)C,OKVWYBALHQFVFP-UHFFFAOYSA-N,C8H18,8,bains:Cox-1,13,row2271,"2,3,3-trimethylpentane",CCC(C)(C)C(C)C,-51.6900,,True
CC(C)CCC(C)C,UWNADWZGEHDQAB-UHFFFAOYSA-N,C8H18,8,bains:Pedley,12,row2272,"2,5-dimethylhexane",CC(C)CCC(C)C,-53.1788,,True
CC(C)CCC(C)C,UWNADWZGEHDQAB-UHFFFAOYSA-N,C8H18,8,bains:Cox-1,13,row2272,"2,5-dimethylhexane",CC(C)CCC(C)C,-53.1800,,True
CC(C)CCC(C)C,UWNADWZGEHDQAB-UHFFFAOYSA-N,C8H18,8,bains:Yaws,90,row2272,"2,5-dimethylhexane",CC(C)CCC(C)C,-53.1788,,True
CC(C)CC(C)(C)C,NHTMVDHEPJAVLT-UHFFFAOYSA-N,C8H18,8,bains:Pedley,12,row2273,"2,2,4-Trimethylpentane",CC(C)CC(C)(C)C,-53.5373,,True
CC(C)CC(C)(C)C,NHTMVDHEPJAVLT-UHFFFAOYSA-N,C8H18,8,bains:Cox-1,13,row2273,"2,2,4-Trimethylpentane",CC(C)CC(C)(C)C,-53.5400,,True
CC(C)CC(C)(C)C,NHTMVDHEPJAVLT-UHFFFAOYSA-N,C8H18,8,bains:ATcT,10,row2273,"2,2,4-Trimethylpentane",CC(C)CC(C)(C)C,-53.4895,,True
CC(C)(C)C(C)(C)C,OMMLUKLXGSRPHK-UHFFFAOYSA-N,C8H18,8,bains:Pedley,12,row2274,"2,2,3,3-tetramethylbutane",CC(C)(C)C(C)(C)C,-53.9197,,True
CC(C)(C)C(C)(C)C,OMMLUKLXGSRPHK-UHFFFAOYSA-N,C8H18,8,bains:Cox-1,13,row2274,"2,2,3,3-tetramethylbutane",CC(C)(C)C(C)(C)C,-53.8300,,True
CC(C)(C)/N=N/C(C)(C)C,GKCPCPKXFGQXGS-MDZDMXLPSA-N,C8H18N2,10,bains:Pedley,12,row2278,di-tert-butyldiazene,CC(/N=N/C(C)(C)C)(C)C,-8.6281,,True
CC(C)CN(CC(C)C)N=O,XLZCLFRMPCBSDI-UHFFFAOYSA-N,C8H18N2O,11,bains:Pedley,12,row2279,N-nitrosodiisobutylamine,CC(C)CN(N=O)CC(C)C,-33.3413,,True
CCCCCCCCO,KBPLFHHGFOOTCA-UHFFFAOYSA-N,C8H18O,9,bains:Pedley,12,row2280,1-octanol,CCCCCCCCO,-84.9665,,True
CCCCCCCCO,KBPLFHHGFOOTCA-UHFFFAOYSA-N,C8H18O,9,bains:Cox-1,13,row2280,1-octanol,CCCCCCCCO,-84.5900,,True
CCCCCCCCO,KBPLFHHGFOOTCA-UHFFFAOYSA-N,C8H18O,9,bains:Cox-2,13,row2280,1-octanol,CCCCCCCCO,-85.3000,,True
CCCCC(CC)CO,YIWUKEYIRIRTPP-UHFFFAOYSA-N,C8H18O,9,bains:Pedley,12,row2281,2-ethyl-1-hexanol,CCCCC(CC)CO,-87.3088,,True
CCCCC(CC)CO,YIWUKEYIRIRTPP-UHFFFAOYSA-N,C8H18O,9,bains:Cox-1,13,row2281,2-ethyl-1-hexanol,CCCCC(CC)CO,-87.3100,,True
CCCCC(CC)CO,YIWUKEYIRIRTPP-UHFFFAOYSA-N,C8H18O,9,bains:Yaws,90,row2281,2-ethyl-1-hexanol,CCCCC(CC)CO,-87.3088,,True
CCCCOCCCC,DURPTKYDGMDSBL-UHFFFAOYSA-N,C8H18O,9,bains:Pedley,12,row2282,dibutyl ether,CCCCOCCCC,-79.6845,,True
CCCCOCCCC,DURPTKYDGMDSBL-UHFFFAOYSA-N,C8H18O,9,bains:Cox-1,13,row2282,dibutyl ether,CCCCOCCCC,-79.8200,,True
CCCCOCCCC,DURPTKYDGMDSBL-UHFFFAOYSA-N,C8H18O,9,bains:Cox-2,13,row2282,dibutyl ether,CCCCOCCCC,-79.6000,,True
CCCCOCCCC,DURPTKYDGMDSBL-UHFFFAOYSA-N,C8H18O,9,bains:Yaws,90,row2282,dibutyl ether,CCCCOCCCC,-79.5650,,True
CCCC(CC)CCO,LWWJDXKGQVEZKT-UHFFFAOYSA-N,C8H18O,9,bains:Yaws,90,row2283,3-ethyl-1-hexanol,CCCC(CC)CCO,-87.4665,,True
CCC(CC)CCCO,RLGDVTUGYZAYIX-UHFFFAOYSA-N,C8H18O,9,bains:Yaws,90,row2284,4-ethyl-1-hexanol,CCC(CC)CCCO,-87.4665,,True
CCCCC(C)(C)CO,GSSDZVRLQDXOPL-UHFFFAOYSA-N,C8H18O,9,bains:Yaws,90,row2285,"2,2-dimethyl-1-hexanol",CCCCC(C)(C)CO,-88.2959,,True
CCCC(C)C(C)CO,HIYTVAULOHUDEC-UHFFFAOYSA-N,C8H18O,9,bains:Yaws,90,row2286,"2,3-dimethyl-1-hexanol",CCCC(C)C(C)CO,-88.7285,,True
CCCC(C)(C)CCO,RAKYQWCHMSXUEG-UHFFFAOYSA-N,C8H18O,9,bains:Yaws,90,row2287,"3,3-dimethyl-1-hexanol",CCCC(C)(C)CCO,-88.2959,,True
CCC(C)CC(C)CO,GDRBQWCGBCJTLB-UHFFFAOYSA-N,C8H18O,9,bains:Yaws,90,row2288,"2,4-dimethyl-1-hexanol",CCC(C)CC(C)CO,-88.7285,,True
CCC(C)C(C)CCO,QVFKMROLPSPCIX-UHFFFAOYSA-N,C8H18O,9,bains:Yaws,90,row2289,"3,4-dimethyl-1-hexanol",CCC(C)C(C)CCO,-88.7285,,True
CCC(C)(C)CCCO,VZWIUKUDEGQHIO-UHFFFAOYSA-N,C8H18O,9,bains:Yaws,90,row2290,"4,4-dimethyl-1-hexanol",CCC(C)(C)CCCO,-88.2959,,True
CCC(CC)(CC)CO,CBHXDVOSUKFRBE-UHFFFAOYSA-N,C8H18O,9,bains:Yaws,90,row2291,"2,2-diethyl-1-butanol",CCC(CC)(CC)CO,-88.2959,,True
CCC(C)C(C)C(C)O,LBJWJHMCZHKLQU-UHFFFAOYSA-N,C8H18O,9,bains:Yaws,90,row2292,"3,4-dimethyl-2-hexanol",CC(O)C(C)C(C)CC,-89.9904,,True
CCCC(C)C(C)(C)O,BFKOEFFCVFMWPF-UHFFFAOYSA-N,C8H18O,9,bains:Yaws,90,row2293,"2,3-dimethyl-2-hexanol",CC(O)(C)C(C)CCC,-89.5578,,True
CCCC(O)C(C)(C)C,PFHLGQKVKALLMD-UHFFFAOYSA-N,C8H18O,9,bains:Yaws,90,row2294,"2,2-dimethyl-3-hexanol",CC(C)(C)C(O)CCC,-89.5578,,True
CCCC(C)(C)C(C)O,LTTHCWFPLXSQOD-UHFFFAOYSA-N,C8H18O,9,bains:Yaws,90,row2295,"3,3-dimethyl-2-hexanol",CC(O)C(C)(C)CCC,-89.5578,,True
CCCC(C)(O)C(C)C,CGWJMIUMPDDHQC-UHFFFAOYSA-N,C8H18O,9,bains:Yaws,90,row2296,"2,3-dimethyl-3-hexanol",CC(C)C(O)(C)CCC,-89.5578,,True
CCC(C)CC(C)(C)O,RTRZHEPXWQXCCI-UHFFFAOYSA-N,C8H18O,9,bains:Yaws,90,row2297,"2,4-dimethyl-2-hexanol",CC(O)(C)CC(C)CC,-89.5578,,True
CCC(C)C(C)(O)CC,FJXOYCIYKQJAAF-UHFFFAOYSA-N,C8H18O,9,bains:Yaws,90,row2298,"3,4-dimethyl-3-hexanol",CCC(O)(C)C(C)CC,-89.5578,,True
CCC(C)OC(C)CC,HHBZZTKMMLDNDN-UHFFFAOYSA-N,C8H18O,9,bains:Pedley,12,row2299,di-sec-butyl ether,CCC(OC(C)CC)C,-86.2572,,True
CCC(C)OC(C)CC,HHBZZTKMMLDNDN-UHFFFAOYSA-N,C8H18O,9,bains:Cox-1,13,row2299,di-sec-butyl ether,CCC(OC(C)CC)C,-86.2600,,True
CCC(C)OC(C)CC,HHBZZTKMMLDNDN-UHFFFAOYSA-N,C8H18O,9,bains:Yaws,90,row2299,di-sec-butyl ether,CCC(OC(C)CC)C,-86.1998,,True
CCC(C)C(O)C(C)C,UCRQJBCLZKHOGX-UHFFFAOYSA-N,C8H18O,9,bains:Yaws,90,row2300,"2,4-dimethyl-3-hexanol",CC(C)C(O)C(C)CC,-89.9904,,True
CCC(CO)C(C)(C)C,WOVMYJCSCISMAU-UHFFFAOYSA-N,C8H18O,9,bains:Yaws,90,row2301,"3,3-dimethyl-2-ethyl-1-butanol",CC(C)(C)C(CC)CO,-89.5578,,True
CCC(O)CC(C)(C)C,NPZRPUOKIPAIEL-UHFFFAOYSA-N,C8H18O,9,bains:Yaws,90,row2302,"5,5-dimethyl-3-hexanol",CCC(O)CC(C)(C)C,-89.5578,,True
CCC(O)C(C)(C)CC,BARKHVPKOOSMNW-UHFFFAOYSA-N,C8H18O,9,bains:Yaws,90,row2303,"4,4-dimethyl-3-hexanol",CCC(O)C(C)(C)CC,-89.5578,,True
CCC(C)(C)CC(C)O,CJGWLHDFPXIKQX-UHFFFAOYSA-N,C8H18O,9,bains:Yaws,90,row2304,"4,4-dimethyl-2-hexanol",CC(O)CC(C)(C)CC,-89.5578,,True
CCC(C)(CO)C(C)C,YPIJDMPDVZUWJO-UHFFFAOYSA-N,C8H18O,9,bains:Yaws,90,row2305,"2,3-dimethyl-2-ethyl-1-butanol",CC(C)C(CC)(C)CO,-89.5578,,True
CCC(C)(O)CC(C)C,INMGJWCKWKKMPN-UHFFFAOYSA-N,C8H18O,9,bains:Yaws,90,row2306,"3,5-dimethyl-3-hexanol",CCC(O)(C)CC(C)C,-89.5578,,True
CCC(O)C(C)C(C)C,UAVZZCGGBCLHIP-UHFFFAOYSA-N,C8H18O,9,bains:Yaws,90,row2307,"4,5-dimethyl-3-hexanol",CCC(O)C(C)C(C)C,-89.9904,,True
CC(C)CC(C)C(C)O,VGGMROOHXNLMTP-UHFFFAOYSA-N,C8H18O,9,bains:Yaws,90,row2308,"3,5-dimethyl-2-hexanol",CC(O)C(C)CC(C)C,-89.9904,,True
CC(C)CC(O)C(C)C,SNKTZHPOKPYBPT-UHFFFAOYSA-N,C8H18O,9,bains:Yaws,90,row2309,"2,5-dimethyl-3-hexanol",CC(C)C(O)CC(C)C,-89.9904,,True
CC(O)CC(C)C(C)C,KHSOOQUMPPYGAW-UHFFFAOYSA-N,C8H18O,9,bains:Yaws,90,row2310,"4,5-dimethyl-2-hexanol",CC(O)CC(C)C(C)C,-89.9904,,True
CC(C)CCC(C)CO,OBOHUKJIPIBYTA-UHFFFAOYSA-N,C8H18O,9,bains:Yaws,90,row2311,"2,5-dimethyl-1-hexanol",CC(C)CCC(C)CO,-88.7285,,True
CC(C)CCC(C)(C)O,JPUIYNHIEXIFMV-UHFFFAOYSA-N,C8H18O,9,bains:Yaws,90,row2312,"2,5-dimethyl-2-hexanol",CC(O)(C)CCC(C)C,-89.5578,,True
CC(C)CC(C)CCO,WETBJXIDTZXCBL-UHFFFAOYSA-N,C8H18O,9,bains:Yaws,90,row2313,"3,5-dimethyl-1-hexanol",CC(C)CC(C)CCO,-88.7285,,True
CC(C)C(C)CCCO,QABJATQYUASJEM-UHFFFAOYSA-N,C8H18O,9,bains:Yaws,90,row2314,"4,5-dimethyl-1-hexanol",CC(C)C(C)CCCO,-88.7285,,True
CC(C)(C)OC(C)(C)C,AQEFLFZSWDEAIP-UHFFFAOYSA-N,C8H18O,9,bains:Pedley,12,row2315,di-tert-butyl ether,CC(OC(C)(C)C)(C)C,-86.5201,,True
CC(C)(C)OC(C)(C)C,AQEFLFZSWDEAIP-UHFFFAOYSA-N,C8H18O,9,bains:Cox-1,13,row2315,di-tert-butyl ether,CC(OC(C)(C)C)(C)C,-87.1000,,True
CC(C)(C)OC(C)(C)C,AQEFLFZSWDEAIP-UHFFFAOYSA-N,C8H18O,9,bains:Yaws,90,row2315,di-tert-butyl ether,CC(OC(C)(C)C)(C)C,-87.1989,,True
CC(O)CCC(C)(C)C,NMSUCVXVCHZTEH-UHFFFAOYSA-N,C8H18O,9,bains:Yaws,90,row2316,"5,5-dimethyl-2-hexanol",CC(O)CCC(C)(C)C,-89.5578,,True
CC(C)(C)CCCCO,QYFVEEMPFRRFNN-UHFFFAOYSA-N,C8H18O,9,bains:Yaws,90,row2317,"5,5-dimethyl-1-hexanol",CC(C)(C)CCCCO,-88.2959,,True
CCCCCCC(O)CO,AEIJTFQOBWATKX-UHFFFAOYSA-N,C8H18O2,10,bains:Yaws,90,row2318,"1,2-octanediol",CCCCCCC(O)CO,-123.8504,,True
CCCCCC(O)CCO,DCTMXCOHGKSXIZ-UHFFFAOYSA-N,C8H18O2,10,bains:Yaws,90,row2319,"1,3-octanediol",CCCCCC(O)CCO,-123.8504,,True
CCCCC(O)CCCO,NELAVKWPGRMFEQ-UHFFFAOYSA-N,C8H18O2,10,bains:Yaws,90,row2320,"1,4-octanediol",CCCCC(O)CCCO,-123.8504,,True
CCC(C)(C)C(O)C(C)O,GCTJBMSMHWZEHW-UHFFFAOYSA-N,C8H18O2,10,bains:Yaws,90,row2321,"erythro-4,4-dimethyl-2,3-pentanediol",CC(O)C(O)C(C)(C)CC,-123.5182,,True
CC(C)OC(C)OC(C)C,TWWSMHPNERSWRN-UHFFFAOYSA-N,C8H18O2,10,bains:Pedley,12,row2322,"1,1-bis(1-methylethoxy)-ethane",CC(OC(C)C)OC(C)C,-125.7409,,True
CC(C)(C)OOC(C)(C)C,LSXWFXONGKSEMY-UHFFFAOYSA-N,C8H18O2,10,bains:Pedley,12,row2323,di-t-butyl peroxide,CC(OOC(C)(C)C)(C)C,-83.4369,,True
CC(C)(C)OOC(C)(C)C,LSXWFXONGKSEMY-UHFFFAOYSA-N,C8H18O2,10,bains:Cox-1,13,row2323,di-t-butyl peroxide,CC(OOC(C)(C)C)(C)C,-83.4000,,True
CC(C)(C)OOC(C)(C)C,LSXWFXONGKSEMY-UHFFFAOYSA-N,C8H18O2,10,bains:Cox-2,13,row2323,di-t-butyl peroxide,CC(OOC(C)(C)C)(C)C,-86.0000,,True
CC(C)(C)OOC(C)(C)C,LSXWFXONGKSEMY-UHFFFAOYSA-N,C8H18O2,10,bains:Cox-3,13,row2323,di-t-butyl peroxide,CC(OOC(C)(C)C)(C)C,-84.6000,,True
CC(C)(C)OOC(C)(C)C,LSXWFXONGKSEMY-UHFFFAOYSA-N,C8H18O2,10,bains:Yaws,90,row2323,di-t-butyl peroxide,CC(OOC(C)(C)C)(C)C,-81.5010,,True
OCCCCCCCCO,OEIJHBUUFURJLI-UHFFFAOYSA-N,C8H18O2,10,bains:Yaws,90,row2324,"1,8-octanediol",OCCCCCCCCO,-122.5884,,True
CCCCNCCCC,JQVDAXLFBXTEQA-UHFFFAOYSA-N,C8H19N,9,bains:Pedley,12,row2346,dibutylamine,CCCCNCCCC,-37.4283,,True
CCCCNCCCC,JQVDAXLFBXTEQA-UHFFFAOYSA-N,C8H19N,9,bains:Yaws,90,row2346,dibutylamine,CCCCNCCCC,-37.4283,,True
CCCCCCN(C)C,QMHNQZGXPNCMCO-UHFFFAOYSA-N,C8H19N,9,bains:Yaws,90,row2347,dimethylhexylamine,CCCCCCN(C)C,-33.6807,,True
CCCCNCC(C)C,CCRUHKGZAQXBKC-UHFFFAOYSA-N,C8H19N,9,bains:Pedley,12,row2348,N-butylisobutylamine,CCCCNCC(C)C,-40.8700,,True
CCCCNCC(C)C,CCRUHKGZAQXBKC-UHFFFAOYSA-N,C8H19N,9,bains:Cox-1,13,row2348,N-butylisobutylamine,CCCCNCC(C)C,-40.9000,,True
CCCCN(CC)CC,ORSUTASIQKBEFU-UHFFFAOYSA-N,C8H19N,9,bains:Yaws,90,row2349,diethylbutylamine,CCCCN(CC)CC,-33.6807,,True
CC(C)CNCC(C)C,NJBCRXCAPCODGX-UHFFFAOYSA-N,C8H19N,9,bains:Pedley,12,row2350,diisobutylamine,CC(C)CNCC(C)C,-42.8298,,True
CC(C)CNCC(C)C,NJBCRXCAPCODGX-UHFFFAOYSA-N,C8H19N,9,bains:Yaws,90,row2350,diisobutylamine,CC(C)CNCC(C)C,-42.8298,,True
N#Cc1ccc(C#N)cc1,BHXFKXOIODIUJO-UHFFFAOYSA-N,C8H4N2,10,bains:Pedley,12,row2360,"1,4-benzenedicarbonitrile",N#CC1=CC=C(C#N)C=C1,85.3489,,True
N#Cc1cccc(C#N)c1,LAQPNDIUHRHNCV-UHFFFAOYSA-N,C8H4N2,10,bains:Pedley,12,row2361,"1,3-benzenedicarbonitrile",N#CC1=CC=CC(C#N)=C1,86.6635,,True
N#Cc1ccccc1C#N,XQZYPMVTSDWCCE-UHFFFAOYSA-N,C8H4N2,10,bains:Pedley,12,row2362,"1,2-benzenedicarbonitrile",N#CC1=CC=CC=C1C#N,87.8346,,True
O=C1OC(=O)c2ccccc21,LGRFSURHDFAFJT-UHFFFAOYSA-N,C8H4O3,11,bains:Pedley,12,row2363,phthalic anhydride,O=C(O1)C2=CC=CC=C2C1=O,-88.7667,,True
O=C1OC(=O)c2ccccc21,LGRFSURHDFAFJT-UHFFFAOYSA-N,C8H4O3,11,bains:Cox-1,13,row2363,phthalic anhydride,O=C(O1)C2=CC=CC=C2C1=O,-88.7700,,True
N#CC(=O)c1ccccc1,GJQBHOAJJGIPRH-UHFFFAOYSA-N,C8H5NO,10,bains:Pedley,12,row2364,benzoyl cyanide,O=C(C#N)C1=CC=CC=C1,28.0832,,True
C#Cc1ccccc1,UEXCJVNBTNXOEH-UHFFFAOYSA-N,C8H6,8,bains:ATcT,10,row2365,Phenylacetylene,c1ccc(cc1)C#C,75.8126,,True
O=C(O)c1ccc(C(=O)O)cc1,KKEYFWRCBNTPAC-UHFFFAOYSA-N,C8H6O4,12,bains:Pedley,12,row2366,terephthalic acid,O=C(O)C1=CC=C(C(O)=O)C=C1,-171.5822,,True
O=C(O)c1ccc(C(=O)O)cc1,KKEYFWRCBNTPAC-UHFFFAOYSA-N,C8H6O4,12,bains:Cox-1,13,row2366,terephthalic acid,O=C(O)C1=CC=C(C(O)=O)C=C1,-171.5800,,True
O=C(O)c1cccc(C(=O)O)c1,QQVIHTHCMHWDBS-UHFFFAOYSA-N,C8H6O4,12,bains:Pedley,12,row2367,isophthalic acid,O=C(O)C1=CC=CC(C(O)=O)=C1,-166.4197,,True
O=C(O)c1cccc(C(=O)O)c1,QQVIHTHCMHWDBS-UHFFFAOYSA-N,C8H6O4,12,bains:Cox-1,13,row2367,isophthalic acid,O=C(O)C1=CC=CC(C(O)=O)=C1,-166.4000,,True
c1ccc2[nH]ccc2c1,SIKJAQJRHWYJAI-UHFFFAOYSA-N,C8H7N,9,bains:Pedley,12,row2369,1H-indole,C12=C(NC=C2)C=CC=C1,37.4044,,True
c1ccc2[nH]ccc2c1,SIKJAQJRHWYJAI-UHFFFAOYSA-N,C8H7N,9,bains:Cox-1,13,row2369,1H-indole,C12=C(NC=C2)C=CC=C1,44.6000,,True
c1ccc2[nH]ccc2c1,SIKJAQJRHWYJAI-UHFFFAOYSA-N,C8H7N,9,bains:Cioslowski,11,row2369,1H-indole,C12=C(NC=C2)C=CC=C1,37.4000,,True
C1=C\C=C/C=C\C=C/1,KDUIUFJBNGTBMD-DLMDZQPMSA-N,C8H8,8,bains:Pedley,12,row2370,"1,3,5,7-cyclooctatetraene",C1=C\C=C/C=C\C=C/1,70.7218,,True
C1=C\C=C/C=C\C=C/1,KDUIUFJBNGTBMD-DLMDZQPMSA-N,C8H8,8,bains:Cox-1,13,row2370,"1,3,5,7-cyclooctatetraene",C1=C\C=C/C=C\C=C/1,71.1300,,True
C1=C\C=C/C=C\C=C/1,KDUIUFJBNGTBMD-DLMDZQPMSA-N,C8H8,8,bains:Cox-2,13,row2370,"1,3,5,7-cyclooctatetraene",C1=C\C=C/C=C\C=C/1,69.6000,,True
C1=C\C=C/C=C\C=C/1,KDUIUFJBNGTBMD-DLMDZQPMSA-N,C8H8,8,bains:Cox-3,13,row2370,"1,3,5,7-cyclooctatetraene",C1=C\C=C/C=C\C=C/1,71.1300,,True
C1=C\C=C/C=C\C=C/1,KDUIUFJBNGTBMD-DLMDZQPMSA-N,C8H8,8,bains:Winget,18,row2370,"1,3,5,7-cyclooctatetraene",C1=C\C=C/C=C\C=C/1,70.6662,,True
C1=C\C=C/C=C\C=C/1,KDUIUFJBNGTBMD-DLMDZQPMSA-N,C8H8,8,bains:Cioslowski,11,row2370,"1,3,5,7-cyclooctatetraene",C1=C\C=C/C=C\C=C/1,70.7000,,True
C1=C\C=C/C=C\C=C/1,KDUIUFJBNGTBMD-DLMDZQPMSA-N,C8H8,8,bains:Yaws,90,row2370,"1,3,5,7-cyclooctatetraene",C1=C\C=C/C=C\C=C/1,71.2309,,True
C12C3C4C1C1C2C3C41,TXWRERCHRDBNLG-UHFFFAOYSA-N,C8H8,8,bains:Add Lit 1,17,row2371,cubane,C12C3C4C1C5C2C3C45,142.6386,,True
C12C3C4C1C1C2C3C41,TXWRERCHRDBNLG-UHFFFAOYSA-N,C8H8,8,bains:Pedley,12,row2371,cubane,C12C3C4C1C5C2C3C45,148.6855,,True
C12C3C4C1C1C2C3C41,TXWRERCHRDBNLG-UHFFFAOYSA-N,C8H8,8,bains:Cox-1,13,row2371,cubane,C12C3C4C1C5C2C3C45,148.7000,,True
C=Cc1ccccc1,PPBRXRYQALVLMV-UHFFFAOYSA-N,C8H8,8,bains:Pedley,12,row2372,styrene,C=CC1=CC=CC=C1,35.3489,,True
C=Cc1ccccc1,PPBRXRYQALVLMV-UHFFFAOYSA-N,C8H8,8,bains:Cox-1,13,row2372,styrene,C=CC1=CC=CC=C1,35.2300,,True
C=Cc1ccccc1,PPBRXRYQALVLMV-UHFFFAOYSA-N,C8H8,8,bains:Cox-2,13,row2372,styrene,C=CC1=CC=CC=C1,35.4100,,True
C=Cc1ccccc1,PPBRXRYQALVLMV-UHFFFAOYSA-N,C8H8,8,bains:Cox-3,13,row2372,styrene,C=CC1=CC=CC=C1,36.3000,,True
C=Cc1ccccc1,PPBRXRYQALVLMV-UHFFFAOYSA-N,C8H8,8,bains:Cox-4,13,row2372,styrene,C=CC1=CC=CC=C1,31.6000,,True
C=Cc1ccccc1,PPBRXRYQALVLMV-UHFFFAOYSA-N,C8H8,8,bains:Cox-5,13,row2372,styrene,C=CC1=CC=CC=C1,35.4700,,True
C=Cc1ccccc1,PPBRXRYQALVLMV-UHFFFAOYSA-N,C8H8,8,bains:Winget,18,row2372,styrene,C=CC1=CC=CC=C1,35.2831,,True
C=Cc1ccccc1,PPBRXRYQALVLMV-UHFFFAOYSA-N,C8H8,8,bains:ATcT,10,row2372,styrene,C=CC1=CC=CC=C1,35.4517,,True
C=Cc1ccccc1,PPBRXRYQALVLMV-UHFFFAOYSA-N,C8H8,8,bains:Cioslowski,11,row2372,styrene,C=CC1=CC=CC=C1,35.3000,,True
NC(=O)c1cccc(C(N)=O)c1,QZUPTXGVPYNUIT-UHFFFAOYSA-N,C8H8N2O2,12,bains:Pedley,12,row2373,isophthalamide,O=C(N)C1=CC=CC(C(N)=O)=C1,-91.4197,,True
NC(=O)c1ccccc1C(N)=O,NAYYNDKKHOIIOD-UHFFFAOYSA-N,C8H8N2O2,12,bains:Pedley,12,row2374,phthalamide,O=C(N)C1=CC=CC=C1C(N)=O,-89.8184,,True
C=COc1ccccc1,NHOGGUYTANYCGQ-UHFFFAOYSA-N,C8H8O,9,bains:Pedley,12,row2375,phenyl vinyl ether,C=COC1=CC=CC=C1,5.4254,,True
CC(=O)c1ccccc1,KWOLFJPFCHCOCG-UHFFFAOYSA-N,C8H8O,9,bains:Pedley,12,row2376,acetophenone,CC(C1=CC=CC=C1)=O,-20.7218,,True
CC(=O)c1ccccc1,KWOLFJPFCHCOCG-UHFFFAOYSA-N,C8H8O,9,bains:Cox-1,13,row2376,acetophenone,CC(C1=CC=CC=C1)=O,-20.7100,,True
CC(=O)c1ccccc1,KWOLFJPFCHCOCG-UHFFFAOYSA-N,C8H8O,9,bains:Yaws,90,row2376,acetophenone,CC(C1=CC=CC=C1)=O,-20.6979,,True
COC(=O)c1ccccc1,QPJVMBTYPHYUOC-UHFFFAOYSA-N,C8H8O2,10,bains:Pedley,12,row2377,methyl benzoate,O=C(OC)C1=CC=CC=C1,-68.8098,,True
COc1ccc(C=O)cc1,ZRSNZINYAWTAHE-UHFFFAOYSA-N,C8H8O2,10,bains:Pedley,12,row2378,4-methoxybenzaldehyde,COc1ccc(C=O)cc1,-48.4465,,True
COc1ccc(C=O)cc1,ZRSNZINYAWTAHE-UHFFFAOYSA-N,C8H8O2,10,bains:Cox-1,13,row2378,4-methoxybenzaldehyde,COc1ccc(C=O)cc1,-48.5000,,True
c1ccc2c(c1)OCCO2,BNBQRQQYDMDJAH-UHFFFAOYSA-N,C8H8O2,10,bains:Pedley,12,row2379,"1,4-dioxatetralin",C1COc2ccccc2O1,-48.7811,,True
c1ccc2c(c1)OCCO2,BNBQRQQYDMDJAH-UHFFFAOYSA-N,C8H8O2,10,bains:Cox-1,13,row2379,"1,4-dioxatetralin",C1COc2ccccc2O1,-48.4000,,True
CC(=O)Oc1ccccc1,IPBVNPXQWQGGJP-UHFFFAOYSA-N,C8H8O2,10,bains:Pedley,12,row2380,phenyl acetate,CC(OC1=CC=CC=C1)=O,-66.8499,,True
CC(=O)Oc1ccccc1,IPBVNPXQWQGGJP-UHFFFAOYSA-N,C8H8O2,10,bains:Cox-1,13,row2380,phenyl acetate,CC(OC1=CC=CC=C1)=O,-67.0000,,True
COc1cccc(C(=O)O)c1,XHQZJYCNDZAGLW-UHFFFAOYSA-N,C8H8O3,11,bains:Pedley,12,row2382,3-methoxybenzoic acid,O=C(O)C1=CC=CC(OC)=C1,-106.6205,,True
COc1ccc(C(=O)O)cc1,ZEYHEAKUIGZSGI-UHFFFAOYSA-N,C8H8O3,11,bains:Pedley,12,row2383,4-methoxybenzoic acid,O=C(O)C1=CC=C(OC)C=C1,-108.0067,,True
COc1ccccc1C(=O)O,ILUJQPXNXACGAN-UHFFFAOYSA-N,C8H8O3,11,bains:Pedley,12,row2384,2-methoxybenzoic acid,O=C(O)C1=CC=CC=C1OC,-103.6807,,True
CC(=O)Nc1ccccc1,FZERHIULMFGESH-UHFFFAOYSA-N,C8H9NO,10,bains:Pedley,12,row2388,acetanilide,CC(NC1=CC=CC=C1)=O,-30.8078,,True
CC(=O)Nc1ccccc1,FZERHIULMFGESH-UHFFFAOYSA-N,C8H9NO,10,bains:Cox-1,13,row2388,acetanilide,CC(NC1=CC=CC=C1)=O,-30.8000,,True
CC(=O)Nc1ccccc1,FZERHIULMFGESH-UHFFFAOYSA-N,C8H9NO,10,bains:Yaws,90,row2388,acetanilide,CC(NC1=CC=CC=C1)=O,-30.7122,,True
CCc1ccc([N+](=O)[O-])cc1,RESTWAHJFMZUIZ-UHFFFAOYSA-N,C8H9NO2,11,bains:Pedley,12,row2389,1-ethyl-4-nitrobenzene,O=[N+](C1=CC=C(CC)C=C1)[O-],1.7686,,True
CCc1ccccc1[N+](=O)[O-],PXWYZLWEKCMTEZ-UHFFFAOYSA-N,C8H9NO2,11,bains:Pedley,12,row2390,1-ethyl-2-nitrobenzene,O=[N+](C1=CC=CC=C1CC)[O-],2.6769,,True
c1ccc2c(c1)CCC2,PQNFLJBBNBOBRQ-UHFFFAOYSA-N,C9H10,9,bains:Cox-1,13,row2391,indane,C1Cc2ccccc2C1,14.4200,,True
c1ccc2c(c1)CCC2,PQNFLJBBNBOBRQ-UHFFFAOYSA-N,C9H10,9,bains:Cox-2,13,row2391,indane,C1Cc2ccccc2C1,14.2000,,True
c1ccc2c(c1)CCC2,PQNFLJBBNBOBRQ-UHFFFAOYSA-N,C9H10,9,bains:Cox-3,13,row2391,indane,C1Cc2ccccc2C1,17.4500,,True
c1ccc2c(c1)CCC2,PQNFLJBBNBOBRQ-UHFFFAOYSA-N,C9H10,9,bains:Cox-4,13,row2391,indane,C1Cc2ccccc2C1,14.4200,,True
CCC(=O)c1ccccc1,KRIOVPPHQSLHCZ-UHFFFAOYSA-N,C9H10O,10,bains:Pedley,12,row2392,ethyl phenyl ketone,O=C(CC)C1=CC=CC=C1,-25.9799,,True
CCC(=O)c1ccccc1,KRIOVPPHQSLHCZ-UHFFFAOYSA-N,C9H10O,10,bains:Cox-1,13,row2392,ethyl phenyl ketone,O=C(CC)C1=CC=CC=C1,-25.9800,,True
CC(=O)Cc1ccccc1,QCCDLTOVEPVEJK-UHFFFAOYSA-N,C9H10O,10,bains:Pedley,12,row2393,benzyl methyl ketone,O=C(CC1=CC=CC=C1)C,-24.0679,,True
CC(=O)Cc1ccccc1,QCCDLTOVEPVEJK-UHFFFAOYSA-N,C9H10O,10,bains:Cox-1,13,row2393,benzyl methyl ketone,O=C(CC1=CC=CC=C1)C,-23.5200,,True
CC(=O)Cc1ccccc1,QCCDLTOVEPVEJK-UHFFFAOYSA-N,C9H10O,10,bains:Cox-2,13,row2393,benzyl methyl ketone,O=C(CC1=CC=CC=C1)C,-23.5000,,True
CC(=O)Cc1ccccc1,QCCDLTOVEPVEJK-UHFFFAOYSA-N,C9H10O,10,bains:Cox-3,13,row2393,benzyl methyl ketone,O=C(CC1=CC=CC=C1)C,-26.0700,,True
c1ccc2c(c1)OCCCO2,CBXMULHQEVXJDI-UHFFFAOYSA-N,C9H10O2,11,bains:Pedley,12,row2394,"2,3-benzo-1,4-dioxacycloheptene",C12=C(C=CC=C2)OCCCO1,-44.3356,,True
c1ccc2c(c1)OCCCO2,CBXMULHQEVXJDI-UHFFFAOYSA-N,C9H10O2,11,bains:Cox-1,13,row2394,"2,3-benzo-1,4-dioxacycloheptene",C12=C(C=CC=C2)OCCCO1,-44.3000,,True
CCc1ccc(C(=O)O)cc1,ZQVKTHRQIXSMGY-UHFFFAOYSA-N,C9H10O2,11,bains:Pedley,12,row2395,4-ethylbenzoic acid,O=C(O)C1=CC=C(CC)C=C1,-86.8069,,True
CCc1cccc(C(=O)O)c1,HXUSUAKIRZZMGP-UHFFFAOYSA-N,C9H10O2,11,bains:Pedley,12,row2396,3-ethylbenzoic acid,O=C(O)C1=CC=CC(CC)=C1,-82.8633,,True
CCc1ccccc1C(=O)O,CGMMPMYKMDITEA-UHFFFAOYSA-N,C9H10O2,11,bains:Pedley,12,row2397,2-ethylbenzoic acid,O=C(O)C1=CC=CC=C1CC,-81.4054,,True
CC(=O)Oc1cccc(C)c1,OTGAHJPFNKQGAE-UHFFFAOYSA-N,C9H10O2,11,bains:Cox-1,13,row2398,m-cresyl acetate,CC1=CC(OC(C)=O)=CC=C1,-74.9000,,True
N[C@@H](Cc1ccccc1)C(=O)O,COLNVLDHVKWLRT-QMMMGPOBSA-N,C9H11NO2,12,bains:Pedley,12,row2400,phenylalanine,N[C@@H](Cc1ccccc1)C(O)=O,-74.7849,,True
N[C@@H](Cc1ccccc1)C(=O)O,COLNVLDHVKWLRT-QMMMGPOBSA-N,C9H11NO2,12,bains:Cox-1,13,row2400,phenylalanine,N[C@@H](Cc1ccccc1)C(O)=O,-74.8000,,True
CCCc1ccccc1,ODLMAHJVESYWTB-UHFFFAOYSA-N,C9H12,9,bains:Cox-1,13,row2402,n-propylbenzene,CCCc1ccccc1,1.8900,,True
CC(C)c1ccccc1,RWGFKTVRMDUZSP-UHFFFAOYSA-N,C9H12,9,bains:Cox-1,13,row2403,cumene,CC(C1=CC=CC=C1)C,0.9600,,True
CC(C)c1ccccc1,RWGFKTVRMDUZSP-UHFFFAOYSA-N,C9H12,9,bains:Yaws,90,row2403,cumene,CC(C1=CC=CC=C1)C,0.9560,,True
CCOCc1ccccc1,AXPZDYVDTMMLNB-UHFFFAOYSA-N,C9H12O,10,bains:Yaws,90,row2404,benzyl ethyl ether,CCOCC1=CC=CC=C1,-27.4857,,True
CC(C)c1ccc(O)cc1,YQUQWHNMBPIWGK-UHFFFAOYSA-N,C9H12O,10,bains:Pedley,12,row2405,4-isopropyl phenol,OC1=CC=C(C(C)C)C=C1,-50.0478,,True
CC(C)c1cccc(O)c1,VLJSLTNSFSOYQR-UHFFFAOYSA-N,C9H12O,10,bains:Pedley,12,row2406,3-isopropylphenol,OC1=CC=CC(C(C)C)=C1,-46.8451,,True
CC(C)c1ccccc1O,CRBJBYGJVIBWIY-UHFFFAOYSA-N,C9H12O,10,bains:Pedley,12,row2407,2-isopropylphenol,OC1=CC=CC=C1C(C)C,-43.5468,,True
CC(C)c1ccc(OO)cc1,KXTYIWMMFJGCIC-UHFFFAOYSA-N,C9H12O2,11,bains:Cox-1,13,row2408,cumene hydroperoxide,CC(C1=CC=C(OO)C=C1)C,-18.8000,,True
CC(C)(OO)c1ccccc1,YQHLDYVWEZKEOX-UHFFFAOYSA-N,C9H12O2,11,bains:Pedley,12,row2409,1-methyl-1-phenylethyl hydroperoxide,CC(C)(OO)C1=CC=CC=C1,-18.7380,,True
CNC1=CC=CC=CC1NC,RRXGEBMUOXGKDW-UHFFFAOYSA-N,C9H14N2,11,bains:Pedley,12,row2411,"1,7-bis(methylamino)-1,3,5-cycloheptatriene",CNC1C=CC=CC=C1NC,50.4541,,True
O=C1C[C@H]2CCCC[C@@H]2C1,HAMUKWWZXAKCAU-HTQZYQBOSA-N,C9H14O,10,bains:Pedley,12,row2412,trans-octahydro-2H-inden-2-one,O=C1C[C@@]2([H])CCCC[C@]2([H])C1,-59.5602,,True
CCCCC1=CCCC1,MHIRRFYTMFZXHD-UHFFFAOYSA-N,C9H16,9,bains:Yaws,90,row2414,1-butylcyclopentene,CCCCC1=CCCC1,-14.6272,,True
C1CCCC2CC2CC1,FYECUAIUGWFPJF-UHFFFAOYSA-N,C9H16,9,bains:Cox-1,13,row2415,"bicyclo[6,1,0]nonane",C1CCCC2CC2CC1,-7.3900,,True
CC1C(C)[C@H]2CC[C@H]1C2,ADNHKZRYBOUYGM-PEBLOWIWSA-N,C9H16,9,bains:Add Lit 1,17,row2416,"2,3-dimethylbicyclo[2.2.1]heptane",CC1C(C)[C@@]2([H])CC[C@@]1([H])C2,-25.6977,,True
CC12CCC(C)(CC1)C2,VOVKYFRBXIHZAA-UHFFFAOYSA-N,C9H16,9,bains:Add Lit 1,17,row2417,"1,4-dimethyl-bicyclo(2,2,1)heptane",CC12CCC(C2)(C)CC1,-30.6154,,True
C/C=C/CC(=O)OCCCC,OBCIYFQTMFZLEJ-HWKANZROSA-N,C9H16O2,11,bains:Pedley,12,row2418,n-butyl 3-pentenoate,C/C=C/CC(OCCCC)=O,-103.4895,,True
C/C=C/CC(=O)OCCCC,OBCIYFQTMFZLEJ-HWKANZROSA-N,C9H16O2,11,bains:Cox-1,13,row2418,n-butyl 3-pentenoate,C/C=C/CC(OCCCC)=O,-103.5000,,True
C=CCCC(=O)OCCCC,FSTRNYPZAMXNTC-UHFFFAOYSA-N,C9H16O2,11,bains:Pedley,12,row2419,n-butyl 4-pentenoate,C=CCCC(OCCCC)=O,-102.0793,,True
C=CCCC(=O)OCCCC,FSTRNYPZAMXNTC-UHFFFAOYSA-N,C9H16O2,11,bains:Cox-1,13,row2419,n-butyl 4-pentenoate,C=CCCC(OCCCC)=O,-101.2000,,True
CC/C=C/C(=O)OCCCC,URYUTJWQTWWCCN-FNORWQNLSA-N,C9H16O2,11,bains:Pedley,12,row2420,n-butyl 2-pentenoate,CC/C=C/C(OCCCC)=O,-105.0908,,True
CC/C=C/C(=O)OCCCC,URYUTJWQTWWCCN-FNORWQNLSA-N,C9H16O2,11,bains:Cox-1,13,row2420,n-butyl 2-pentenoate,CC/C=C/C(OCCCC)=O,-105.1000,,True
C=CCCC(=O)OCC(C)C,PODLXXLZBYRGJW-UHFFFAOYSA-N,C9H16O2,11,bains:Pedley,12,row2421,isobutyl 4-pentenoate,C=CCCC(OCC(C)C)=O,-104.3738,,True
C=CCCC(=O)OCC(C)C,PODLXXLZBYRGJW-UHFFFAOYSA-N,C9H16O2,11,bains:Cox-1,13,row2421,isobutyl 4-pentenoate,C=CCCC(OCC(C)C)=O,-104.4000,,True
C/C=C/CC(=O)OCC(C)C,RRVVJXIVCJZXHO-SNAWJCMRSA-N,C9H16O2,11,bains:Pedley,12,row2422,isobutyl 3-pentenoate,C/C=C/CC(OCC(C)C)=O,-108.2696,,True
C/C=C/CC(=O)OCC(C)C,RRVVJXIVCJZXHO-SNAWJCMRSA-N,C9H16O2,11,bains:Cox-1,13,row2422,isobutyl 3-pentenoate,C/C=C/CC(OCC(C)C)=O,-108.3000,,True
CC/C=C/C(=O)OCC(C)C,QVOWAGHRMPAGOZ-AATRIKPKSA-N,C9H16O2,11,bains:Pedley,12,row2423,isobutyl 2-pentenoate,CC/C=C/C(OCC(C)C)=O,-108.2696,,True
CC/C=C/C(=O)OCC(C)C,QVOWAGHRMPAGOZ-AATRIKPKSA-N,C9H16O2,11,bains:Cox-1,13,row2423,isobutyl 2-pentenoate,CC/C=C/C(OCC(C)C)=O,-108.3000,,True
C/C=C/C(=O)OCCC(C)C,JAVOYFHBJFLMRQ-SNAWJCMRSA-N,C9H16O2,11,bains:Pedley,12,row2424,isopentyl crotonate,C/C=C/C(OCCC(C)C)=O,-106.7878,,True
C/C=C/C(=O)OCCC(C)C,JAVOYFHBJFLMRQ-SNAWJCMRSA-N,C9H16O2,11,bains:Cox-1,13,row2424,isopentyl crotonate,C/C=C/C(OCCC(C)C)=O,-106.8000,,True
C/C=C/CC(=O)OC(C)CC,IUBMETGQQUKHMZ-GQCTYLIASA-N,C9H16O2,11,bains:Pedley,12,row2425,sec-butyl 3-pentenoate,C/C=C/CC(OC(C)CC)=O,-107.8872,,True
C/C=C/CC(=O)OC(C)CC,IUBMETGQQUKHMZ-GQCTYLIASA-N,C9H16O2,11,bains:Cox-1,13,row2425,sec-butyl 3-pentenoate,C/C=C/CC(OC(C)CC)=O,-107.9000,,True
C=CCCC(=O)OC(C)CC,LFNHZWOAQRTIEQ-UHFFFAOYSA-N,C9H16O2,11,bains:Pedley,12,row2426,sec-butyl 4-pentenoate,C=CCCC(OC(C)CC)=O,-106.6683,,True
C=CCCC(=O)OC(C)CC,LFNHZWOAQRTIEQ-UHFFFAOYSA-N,C9H16O2,11,bains:Cox-1,13,row2426,sec-butyl 4-pentenoate,C=CCCC(OC(C)CC)=O,-106.7000,,True
CC/C=C/C(=O)OC(C)CC,NFKLYQSINBETEW-VOTSOKGWSA-N,C9H16O2,11,bains:Pedley,12,row2427,sec-butyl 2-pentenoate,CC/C=C/C(OC(C)CC)=O,-109.3690,,True
CC/C=C/C(=O)OC(C)CC,NFKLYQSINBETEW-VOTSOKGWSA-N,C9H16O2,11,bains:Cox-1,13,row2427,sec-butyl 2-pentenoate,CC/C=C/C(OC(C)CC)=O,-109.4000,,True
CC1(C)CC(=O)CC(C)(C)N1,JWUXJYZVKZKLTJ-UHFFFAOYSA-N,C9H17NO,11,bains:Pedley,12,row2436,"2,2,6,6-tetramethyl-4-oxopiperidine",CC1(C)CC(=O)CC(C)(C)N1,-65.3442,,True
CC1(C)CC(=O)CC(C)(C)N1,JWUXJYZVKZKLTJ-UHFFFAOYSA-N,C9H17NO,11,bains:Cox-1,13,row2436,"2,2,6,6-tetramethyl-4-oxopiperidine",CC1(C)CC(=O)CC(C)(C)N1,-65.4000,,True
CC1(C)CC(=O)CC(C)(C)N1O,KMEUSKGEUADGET-UHFFFAOYSA-N,C9H17NO2,12,bains:Pedley,12,row2437,"2,2,6,6-tetramethyl-1-hydroxy-4-oxopiperidine",CC1(C)CC(=O)CC(C)(C)N1O,-71.2237,,True
CC1(C)CC(=O)CC(C)(C)N1O,KMEUSKGEUADGET-UHFFFAOYSA-N,C9H17NO2,12,bains:Cox-1,13,row2437,"2,2,6,6-tetramethyl-1-hydroxy-4-oxopiperidine",CC1(C)CC(=O)CC(C)(C)N1O,-71.2200,,True
CCCCC1CCCC1,ZAGHKONXGGSVDV-UHFFFAOYSA-N,C9H18,9,bains:Yaws,90,row2438,butylcyclopentane,CCCCC1CCCC1,-40.2247,,True
C1CCCCCCCC1,GPTJTTCOVDDHER-UHFFFAOYSA-N,C9H18,9,bains:Yaws,90,row2439,cyclononane,C1CCCCCCCC1,-31.7400,,True
CCC(C)C1CCCC1,DCEHVBLXWODXCW-UHFFFAOYSA-N,C9H18,9,bains:Yaws,90,row2440,sec-butylcyclopentane,CCC(C1CCCC1)C,-41.5607,,True
CC[C@@H]1CC[C@@H](CC)C1,RUUVWUNHERVOAY-RKDXNWHRSA-N,C9H18,9,bains:Yaws,90,row2441,"1,trans-3-diethylcyclopentane",CC[C@H]1C[C@H](CC)CC1,-45.1601,,True
CC[C@@H]1CCC[C@@H]1CC,JKMYLSLBFNMSFP-DTORHVGOSA-N,C9H18,9,bains:Yaws,90,row2442,"1,cis-2-diethylcyclopentane",CC[C@@H]1[C@H](CC)CCC1,-45.1601,,True
CCC1(CC)CCCC1,DPGQSDLGKGLNHC-UHFFFAOYSA-N,C9H18,9,bains:Yaws,90,row2443,"1,1-diethylcyclopentane",CCC1(CC)CCCC1,-36.6563,,True
CCC1CCC(C)(C)C1,WXHYOGXBESCULU-UHFFFAOYSA-N,C9H18,9,bains:Yaws,90,row2444,"1,1-dimethyl-3-ethylcyclopentane",CCC1CC(C)(C)CC1,-41.5177,,True
CCC1CCCC1(C)C,RXPIHZJWAFCHEJ-UHFFFAOYSA-N,C9H18,9,bains:Yaws,90,row2445,"1,1-dimethyl-2-ethylcyclopentane",CCC1C(C)(C)CCC1,-41.5177,,True
CC[C@]1(C)CC[C@H](C)C1,OAWOMHRJVJMDLZ-DTWKUNHWSA-N,C9H18,9,bains:Yaws,90,row2446,"1,cis-3-dimethyl-1-ethylcyclopentane",CC[C@@]1(C)C[C@@H](C)CC1,-41.5177,,True
CC[C@]1(C)CCC[C@@H]1C,DRWDWIMYUGHJBR-DTWKUNHWSA-N,C9H18,9,bains:Yaws,90,row2447,"1,cis-2-dimethyl-1-ethylcyclopentane",CC[C@@]1(C)[C@@H](C)CCC1,-41.5177,,True
CC[C@H]1C[C@@H](C)[C@@H](C)C1,QKXQNQVXTYSGKS-BRPSZJMVSA-N,C9H18,9,bains:Yaws,90,row2448,"1,cis-2-dimethyl-cis-4-ethylcyclopentane",CC[C@@H]1C[C@H](C)[C@H](C)C1,-50.0215,,True
CC[C@H]1CC[C@@H](C)[C@H]1C,UMUGNPFWQJAOJI-HLTSFMKQSA-N,C9H18,9,bains:Yaws,90,row2449,"1,cis-2-dimethyl-cis-3-ethylcyclopentane",CC[C@@H]1[C@H](C)[C@H](C)CC1,-50.0215,,True
CC[C@H]1C[C@@H](C)C[C@@H]1C,VMCXXGFUCWAIIN-CIUDSAMLSA-N,C9H18,9,bains:Yaws,90,row2450,"1,trans-3-dimethyl-cis-4-ethylcyclopentane",CC[C@@H]1[C@@H](C)C[C@H](C)C1,-50.0215,,True
CCC1[C@H](C)CC[C@H]1C,JREISGVVJTVFBL-HTQZYQBOSA-N,C9H18,9,bains:Yaws,90,row2451,"1,trans-3-dimethyl-cis-2-ethylcyclopentane",CCC1[C@H](C)CC[C@H]1C,-50.0215,,True
CC(C)(C)C1CCCC1,BFWVYBVSRYIDHI-UHFFFAOYSA-N,C9H18,9,bains:Yaws,90,row2452,tert-butylcyclopentane,CC(C1CCCC1)(C)C,-42.3901,,True
CCCCCCCCC=O,GYHFUZHODSMOHU-UHFFFAOYSA-N,C9H18O,10,bains:Yaws,90,row2453,1-nonanal,CCCCCCCCC=O,-74.3069,,True
CCCCCCCC(C)=O,VKCYHJWLYTUGCC-UHFFFAOYSA-N,C9H18O,10,bains:Pedley,12,row2454,2-nonanone,CC(CCCCCCC)=O,-81.4293,,True
CCCCCCCC(C)=O,VKCYHJWLYTUGCC-UHFFFAOYSA-N,C9H18O,10,bains:Yaws,90,row2454,2-nonanone,CC(CCCCCCC)=O,-81.4532,,True
CCCCC(=O)CCCC,WSGCRAOTEDLMFQ-UHFFFAOYSA-N,C9H18O,10,bains:Pedley,12,row2455,di-n-butyl ketone,O=C(CCCC)CCCC,-82.4331,,True
CCCCC(=O)CCCC,WSGCRAOTEDLMFQ-UHFFFAOYSA-N,C9H18O,10,bains:Cox-1,13,row2455,di-n-butyl ketone,O=C(CCCC)CCCC,-82.4400,,True
CC(C)CC(=O)CC(C)C,PTTPXKJBFFKCEK-UHFFFAOYSA-N,C9H18O,10,bains:Pedley,12,row2456,diisobutyl ketone,O=C(CC(C)C)CC(C)C,-85.4685,,True
CC(C)CC(=O)CC(C)C,PTTPXKJBFFKCEK-UHFFFAOYSA-N,C9H18O,10,bains:Yaws,90,row2456,diisobutyl ketone,O=C(CC(C)C)CC(C)C,-85.4685,,True
CC(C)(C)C(=O)C(C)(C)C,UIQGEWJEWJMQSL-UHFFFAOYSA-N,C9H18O,10,bains:Pedley,12,row2457,di-t-butyl ketone,O=C(C(C)(C)C)C(C)(C)C,-82.6482,,True
CC(C)(C)C(=O)C(C)(C)C,UIQGEWJEWJMQSL-UHFFFAOYSA-N,C9H18O,10,bains:Cox-1,13,row2457,di-t-butyl ketone,O=C(C(C)(C)C)C(C)(C)C,-82.6400,,True
CCCCCCCCC(=O)O,FBUKVWPVBMHYJY-UHFFFAOYSA-N,C9H18O2,11,bains:Pedley,12,row2458,nonanoic acid,CCCCCCCCC(O)=O,-137.9780,,True
CCCCCCCCC(=O)O,FBUKVWPVBMHYJY-UHFFFAOYSA-N,C9H18O2,11,bains:Cox-1,13,row2458,nonanoic acid,CCCCCCCCC(O)=O,-137.5000,,True
CCCCCCCCC(=O)O,FBUKVWPVBMHYJY-UHFFFAOYSA-N,C9H18O2,11,bains:Cox-2,13,row2458,nonanoic acid,CCCCCCCCC(O)=O,-138.4700,,True
CCCCCCCCC(=O)O,FBUKVWPVBMHYJY-UHFFFAOYSA-N,C9H18O2,11,bains:Cox-3,13,row2458,nonanoic acid,CCCCCCCCC(O)=O,-137.9800,,True
CCCCCCCC(=O)OC,JGHZJRVDZXSNKQ-UHFFFAOYSA-N,C9H18O2,11,bains:Pedley,12,row2459,methyl octanoate,CCCCCCCC(OC)=O,-127.5813,,True
CCCCCCCC(=O)OC,JGHZJRVDZXSNKQ-UHFFFAOYSA-N,C9H18O2,11,bains:Cox-1,13,row2459,methyl octanoate,CCCCCCCC(OC)=O,-127.4800,,True
CCCCOC(=O)CCCC,OKJADYKTJJGKDX-UHFFFAOYSA-N,C9H18O2,11,bains:Pedley,12,row2460,n-butyl pentanoate,CCCCC(OCCCC)=O,-133.8910,,True
CCCCOC(=O)CCCC,OKJADYKTJJGKDX-UHFFFAOYSA-N,C9H18O2,11,bains:Cox-1,13,row2460,n-butyl pentanoate,CCCCC(OCCCC)=O,-133.9000,,True
CCCCC(=O)OCC(C)C,ADNADZOSMJDVIS-UHFFFAOYSA-N,C9H18O2,11,bains:Pedley,12,row2461,isobutyl pentanoate,CCCCC(OCC(C)C)=O,-135.8987,,True
CCCCC(=O)OCC(C)C,ADNADZOSMJDVIS-UHFFFAOYSA-N,C9H18O2,11,bains:Cox-1,13,row2461,isobutyl pentanoate,CCCCC(OCC(C)C)=O,-135.9000,,True
CCCCC(=O)OC(C)CC,WKIZFWVLAYCRDF-UHFFFAOYSA-N,C9H18O2,11,bains:Pedley,12,row2462,sec-butyl pentanoate,CCCCC(OC(C)CC)=O,-136.9981,,True
CCCCC(=O)OC(C)CC,WKIZFWVLAYCRDF-UHFFFAOYSA-N,C9H18O2,11,bains:Cox-1,13,row2462,sec-butyl pentanoate,CCCCC(OC(C)CC)=O,-137.0000,,True
CC1(C)CC(O)CC(C)(C)N1O,CSGAUKGQUCHWDP-UHFFFAOYSA-N,C9H19NO2,12,bains:Pedley,12,row2467,"2,2,6,6,tetramethyl-1,4-dihydroxypiperidine",OC1CC(C)(C)N(O)C(C)(C)C1,-82.4809,,True
CC1(C)CC(O)CC(C)(C)N1O,CSGAUKGQUCHWDP-UHFFFAOYSA-N,C9H19NO2,12,bains:Cox-1,13,row2467,"2,2,6,6,tetramethyl-1,4-dihydroxypiperidine",OC1CC(C)(C)N(O)C(C)(C)C1,-82.4700,,True
CCCCCCCCC,BKIMMITUMNQMOS-UHFFFAOYSA-N,C9H20,9,bains:Cox-1,13,row2468,n-nonane,CCCCCCCCC,-54.6600,,True
CCCCCCCCC,BKIMMITUMNQMOS-UHFFFAOYSA-N,C9H20,9,bains:Winget,18,row2468,n-nonane,CCCCCCCCC,-54.6739,,True
CCCCCC(C)(C)C,PSABUFWDVWCFDP-UHFFFAOYSA-N,C9H20,9,bains:Yaws,90,row2469,"2,2-dimethylheptane",CC(C)(C)CCCCC,-58.8193,,True
CCCCC(C)C(C)C,WBRFDUJXCLCKPX-UHFFFAOYSA-N,C9H20,9,bains:Yaws,90,row2470,"2,3-dimethylheptane",CC(C)C(C)CCCC,-56.3815,,True
CCCC(C)CC(C)C,AUKVIBNBLXQNIZ-UHFFFAOYSA-N,C9H20,9,bains:Yaws,90,row2471,"2,4-dimethylheptane",CC(C)CC(C)CCC,-57.6004,,True
CCCC(C)(C)CCC,WSOKFYJGNBQDPW-UHFFFAOYSA-N,C9H20,9,bains:Yaws,90,row2472,"4,4-dimethylheptane",CCCC(C)(C)CCC,-57.6482,,True
CCCC(C)C(C)CC,MAKRYGRRIKSDES-UHFFFAOYSA-N,C9H20,9,bains:Yaws,90,row2473,"3,4-dimethylheptane",CCC(C)C(C)CCC,-55.8795,,True
CCC(C)CC(C)CC,DZJTZGHZAWTWGA-UHFFFAOYSA-N,C9H20,9,bains:Yaws,90,row2474,"3,5-dimethylheptane",CCC(C)CC(C)CC,-57.0985,,True
CCC(C)CCC(C)C,HQZHQNKZOYIKQC-UHFFFAOYSA-N,C9H20,9,bains:Yaws,90,row2475,"2,5-dimethylheptane",CC(C)CCC(C)CC,-57.5287,,True
CCC(CC)(CC)CC,BGXXXYLRPIRDHJ-UHFFFAOYSA-N,C9H20,9,bains:Yaws,90,row2476,"3,3-diethylpentane",CCC(CC)(CC)CC,-55.6405,,True
CCC(CC)C(C)(C)C,CLZCPQKGOAXOJT-UHFFFAOYSA-N,C9H20,9,bains:Yaws,90,row2477,"2,2-dimethyl-3-ethylpentane",CC(C)(C)C(CC)CC,-55.2820,,True
CCC(C)(CC)C(C)C,MMASVVOQIKCFJZ-UHFFFAOYSA-N,C9H20,9,bains:Yaws,90,row2478,"2,3-dimethyl-3-ethylpentane",CC(C)C(CC)(C)CC,-55.8795,,True
CCC(C(C)C)C(C)C,VLHAGZNBWKUMRW-UHFFFAOYSA-N,C9H20,9,bains:Yaws,90,row2479,"2,4-dimethyl-3-ethylpentane",CC(C)C(CC)C(C)C,-54.4694,,True
CC(C)CCCC(C)C,KBPCCVWUMVGXGF-UHFFFAOYSA-N,C9H20,9,bains:Yaws,90,row2480,"2,6-dimethylheptane",CC(C)CCCC(C)C,-58.0306,,True
CCCCCCCCCO,ZWRUINPWMLAQRD-UHFFFAOYSA-N,C9H20O,10,bains:Pedley,12,row2481,1-nonanol,CCCCCCCCCO,-89.9379,,True
CCCCCCCCCO,ZWRUINPWMLAQRD-UHFFFAOYSA-N,C9H20O,10,bains:Cox-1,13,row2481,1-nonanol,CCCCCCCCCO,-91.1200,,True
CCCCCCCCCO,ZWRUINPWMLAQRD-UHFFFAOYSA-N,C9H20O,10,bains:Yaws,90,row2481,1-nonanol,CCCCCCCCCO,-90.4637,,True
CCCCCCCC(C)O,NGDNVOAEIVQRFH-UHFFFAOYSA-N,C9H20O,10,bains:Yaws,90,row2482,2-nonanol,CC(O)CCCCCCC,-95.1243,,True
CCCCCCC(C)CO,IGVGCQGTEINVOH-UHFFFAOYSA-N,C9H20O,10,bains:Yaws,90,row2483,2-methyl-1-octanol,CCCCCCC(C)CO,-92.3996,,True
CCCCCC(C)CCO,CLFSZAMBOZSCOS-UHFFFAOYSA-N,C9H20O,10,bains:Yaws,90,row2484,3-methyl-1-octanol,CCCCCC(C)CCO,-92.3996,,True
CCCCC(C)CCCO,MWWKESKJRHQWEF-UHFFFAOYSA-N,C9H20O,10,bains:Yaws,90,row2485,4-methyl-1-octanol,CCCCC(C)CCCO,-92.3996,,True
CCCCCCC(O)CC,GYSCXPVAKHVAAY-UHFFFAOYSA-N,C9H20O,10,bains:Yaws,90,row2486,3-nonanol,CCC(O)CCCCCC,-92.3996,,True
CCCCCC(CC)CO,QNJAZNNWHWYOEO-UHFFFAOYSA-N,C9H20O,10,bains:Yaws,90,row2487,2-ethyl-1-heptanol,CCCCCC(CC)CO,-92.3996,,True
CCCCCC(O)CCC,IXUOEGRSQCCEHB-UHFFFAOYSA-N,C9H20O,10,bains:Yaws,90,row2488,4-nonanol,CCCC(O)CCCCC,-92.3996,,True
CCCCC(CC)CCO,VRZRVMXNGMZLDB-UHFFFAOYSA-N,C9H20O,10,bains:Yaws,90,row2489,3-ethyl-1-heptanol,CCCCC(CC)CCO,-92.3996,,True
CCCCC(O)CCCC,FCBBRODPXVPZAH-UHFFFAOYSA-N,C9H20O,10,bains:Yaws,90,row2490,5-nonanol,CCCCC(O)CCCC,-92.3996,,True
CCCCC(CO)CCC,JSUXZEJWGVYJJG-UHFFFAOYSA-N,C9H20O,10,bains:Yaws,90,row2491,2-propyl-1-hexanol,CCCCC(CCC)CO,-92.3996,,True
CCCC(CCC)CCO,MHJIVMDBOGBUHH-UHFFFAOYSA-N,C9H20O,10,bains:Yaws,90,row2492,3-propyl-1-hexanol,CCCC(CCC)CCO,-92.3996,,True
CCCC(C)CCCCO,CGCDFYUPZXVGIX-UHFFFAOYSA-N,C9H20O,10,bains:Yaws,90,row2493,5-methyl-1-octanol,CCCC(C)CCCCO,-92.3996,,True
CCC(C)CCCCCO,WWRGKAMABZHMCN-UHFFFAOYSA-N,C9H20O,10,bains:Yaws,90,row2494,6-methyl-1-octanol,CCC(C)CCCCCO,-92.3996,,True
CCC(CC)CCCCO,GOJBFVJUMYSMJJ-UHFFFAOYSA-N,C9H20O,10,bains:Yaws,90,row2495,5-ethyl-1-heptanol,CCC(CC)CCCCO,-92.3996,,True
CCCCCC(C)C(C)O,WQADSKJNOTZWML-UHFFFAOYSA-N,C9H20O,10,bains:Yaws,90,row2496,3-methyl-2-octanol,CC(O)C(C)CCCCC,-93.6616,,True
CCCCCCC(C)(C)O,KBCNUEXDHWDIFX-UHFFFAOYSA-N,C9H20O,10,bains:Yaws,90,row2497,2-methyl-2-octanol,CC(O)(C)CCCCCC,-93.2290,,True
CCCCCC(O)C(C)C,DIVBBSLQUDHECU-UHFFFAOYSA-N,C9H20O,10,bains:Yaws,90,row2498,2-methyl-3-octanol,CC(C)C(O)CCCCC,-93.6616,,True
CCCCCC(C)(C)CO,WENIXZFPXMQPQQ-UHFFFAOYSA-N,C9H20O,10,bains:Yaws,90,row2499,"2,2-dimethyl-1-heptanol",CCCCCC(C)(C)CO,-93.2290,,True
CCCCC(O)CC(C)C,BIAVIOIDPRPYJK-UHFFFAOYSA-N,C9H20O,10,bains:Yaws,90,row2500,2-methyl-4-octanol,CC(C)CC(O)CCCC,-93.6616,,True
CCCC(C)CCC(C)O,IWFICVXFFNDWOJ-UHFFFAOYSA-N,C9H20O,10,bains:Yaws,90,row2501,5-methyl-2-octanol,CC(O)CCC(C)CCC,-93.6616,,True
CCCC(O)CCC(C)C,KJMBBHZOLRRVMV-UHFFFAOYSA-N,C9H20O,10,bains:Yaws,90,row2502,7-methyl-4-octanol,CCCC(O)CCC(C)C,-93.6616,,True
CCCC(CO)CC(C)C,IGSWOIOCVJEQRH-UHFFFAOYSA-N,C9H20O,10,bains:Yaws,90,row2503,4-methyl-2-propyl-1-pentanol,CC(C)CC(CCC)CO,-81.5846,,True
CCCCC(C)C(O)CC,XPWBBDBJJRZCPW-UHFFFAOYSA-N,C9H20O,10,bains:Yaws,90,row2504,4-methyl-3-octanol,CCC(O)C(C)CCCC,-93.6616,,True
CCCCCC(C)(O)CC,JEWXYDDSLPIBBO-UHFFFAOYSA-N,C9H20O,10,bains:Yaws,90,row2505,2-ethyl-2-heptanol,CC(O)(CC)CCCCC,-93.2290,,True
CCCCC(O)C(C)CC,MJOKZMZDONULOD-UHFFFAOYSA-N,C9H20O,10,bains:Yaws,90,row2506,3-methyl-4-octanol,CCC(C)C(O)CCCC,-93.6616,,True
CCCCC(CC)C(C)O,MMQDVLWWGWJSFS-UHFFFAOYSA-N,C9H20O,10,bains:Yaws,90,row2507,3-ethyl-2-heptanol,CC(O)C(CC)CCCC,-93.6616,,True
CCCC(C)C(O)CCC,YLTHHPQUTLMNIF-UHFFFAOYSA-N,C9H20O,10,bains:Yaws,90,row2508,5-methyl-4-octanol,CCCC(O)C(C)CCC,-93.6616,,True
CCCC(C)C(CC)CO,DXXCMAAACWSRPE-UHFFFAOYSA-N,C9H20O,10,bains:Yaws,90,row2509,3-methyl-2-ethyl-1-hexanol,CCCC(C)C(CC)CO,-93.6616,,True
CCCCC(C)(O)CCC,RXSIKQJQLQRQQY-UHFFFAOYSA-N,C9H20O,10,bains:Yaws,90,row2510,4-methyl-4-octanol,CCCC(O)(C)CCCC,-93.2290,,True
CCCC(O)CC(C)CC,KFRCBGHGDZSOJV-UHFFFAOYSA-N,C9H20O,10,bains:Yaws,90,row2511,6-methyl-4-octanol,CCCC(O)CC(C)CC,-93.6616,,True
CCCC(CC)CC(C)O,YNZQSDTXBBBFQH-UHFFFAOYSA-N,C9H20O,10,bains:Yaws,90,row2512,1-methyl-3-ethyl-1-hexanol,CCCC(CC)CC(C)O,-93.6616,,True
CCCCC(O)(CC)CC,XKRZDNKKANUBPV-UHFFFAOYSA-N,C9H20O,10,bains:Yaws,90,row2513,3-ethyl-3-heptanol,CCC(O)(CC)CCCC,-93.2290,,True
CCCC(O)(CC)CCC,GNROHGFUVTWFNG-UHFFFAOYSA-N,C9H20O,10,bains:Yaws,90,row2514,4-ethyl-4-heptanol,CCCC(O)(CC)CCC,-93.2290,,True
CCC(C)CCC(O)CC,MFYHIHFYDULUQP-UHFFFAOYSA-N,C9H20O,10,bains:Yaws,90,row2515,6-methyl-3-octanol,CCC(O)CCC(C)CC,-93.6616,,True
CCC(C)CC(CC)CO,NRZVENBFUFCASY-UHFFFAOYSA-N,C9H20O,10,bains:Yaws,90,row2516,4-methyl-2-ethyl-1-hexanol,CCC(C)CC(CC)CO,-93.6616,,True
CCC(O)CCCC(C)C,IDCFJIMYNKBKMB-UHFFFAOYSA-N,C9H20O,10,bains:Yaws,90,row2517,7-methyl-3-octanol,CCC(O)CCCC(C)C,-93.6616,,True
CCC(CO)CCC(C)C,KVJOUCNJVQBRAO-UHFFFAOYSA-N,C9H20O,10,bains:Yaws,90,row2518,5-methyl-2-ethyl-1-hexanol,CC(C)CCC(CC)CO,-93.6616,,True
CCCCC(O)C(C)(C)C,QENWAAAGDINHGE-UHFFFAOYSA-N,C9H20O,10,bains:Yaws,90,row2519,"2,2-dimethyl-3-heptanol",CC(C)(C)C(O)CCCC,-94.4909,,True
CCCCC(C)C(C)(C)O,PQSMEVPHTJECDZ-UHFFFAOYSA-N,C9H20O,10,bains:Yaws,90,row2520,"2,3-dimethyl-2-heptanol",CC(O)(C)C(C)CCCC,-94.4909,,True
CCCCC(C)(O)C(C)C,JIEGVNXCNNWVPH-UHFFFAOYSA-N,C9H20O,10,bains:Yaws,90,row2521,"2,3-dimethyl-3-heptanol",CC(C)C(O)(C)CCCC,-94.4909,,True
CCCC(O)CC(C)(C)C,ZIKNXBYJTDTRQA-UHFFFAOYSA-N,C9H20O,10,bains:Yaws,90,row2522,"2,2-dimethyl-4-heptanol",CC(C)(C)CC(O)CCC,-94.4909,,True
CCCC(C)CC(C)(C)O,VORBOMMQBCSRQF-UHFFFAOYSA-N,C9H20O,10,bains:Yaws,90,row2523,"2,4-dimethyl-2-heptanol",CC(O)(C)CC(C)CCC,-94.4909,,True
CCCC(C)(O)CC(C)C,QKRRAXACNUNGCF-UHFFFAOYSA-N,C9H20O,10,bains:Yaws,90,row2524,"2,4-dimethyl-4-heptanol",CC(C)CC(O)(C)CCC,-94.4909,,True
CCC(C)C(O)C(C)CC,ZKXITRNXHWEQJU-UHFFFAOYSA-N,C9H20O,10,bains:Yaws,90,row2525,"3,5-dimethyl-4-heptanol",CCC(C)C(O)C(C)CC,-94.9235,,True
CCCC(O)C(C)(C)CC,UGAZGYFCTFGQQH-UHFFFAOYSA-N,C9H20O,10,bains:Yaws,90,row2526,"3,3-dimethyl-4-heptanol",CCC(C)(C)C(O)CCC,-94.4909,,True
CCCC(CC)C(C)(C)O,HTOYXTGJEOUKPM-UHFFFAOYSA-N,C9H20O,10,bains:Yaws,90,row2527,2-methyl-3-ethyl-2-hexanol,CC(O)(C)C(CC)CCC,-94.4909,,True
CCCC(O)(CC)C(C)C,VUMFTWNZYFBYEB-UHFFFAOYSA-N,C9H20O,10,bains:Yaws,90,row2528,2-methyl-3-ethyl-3-hexanol,CC(C)C(O)(CC)CCC,-94.4909,,True
CCC(C)CCC(C)(C)O,LVIFBEPHIBJBEU-UHFFFAOYSA-N,C9H20O,10,bains:Yaws,90,row2529,"2,5-dimethyl-2-heptanol",CC(O)(C)CCC(C)CC,-94.4909,,True
CCC(C)CC(C)(O)CC,NOSOEGQGQOMHBF-UHFFFAOYSA-N,C9H20O,10,bains:Yaws,90,row2530,"3,5-dimethyl-3-heptanol",CCC(O)(C)CC(C)CC,-94.4909,,True
CCC(C)C(O)(CC)CC,YOCLWWFBEJQTBM-UHFFFAOYSA-N,C9H20O,10,bains:Yaws,90,row2531,4-methyl-3-ethyl-3-hexanol,CCC(O)(CC)C(C)CC,-94.4909,,True
CCC(CC)C(O)C(C)C,GBUYIUMHXYBONU-UHFFFAOYSA-N,C9H20O,10,bains:Yaws,90,row2532,2-methyl-4-ethyl-3-hexanol,CC(C)C(O)C(CC)CC,-94.9235,,True
CCC(CC)C(C)(C)CO,HEQYMZTUSVDQBW-UHFFFAOYSA-N,C9H20O,10,bains:Yaws,90,row2533,"2,2-dimethyl-3-ethyl-1-pentanol",CCC(CC)C(C)(C)CO,-94.4909,,True
CCC(CC)C(C)(O)CC,DUGZCTGTSJAPCV-UHFFFAOYSA-N,C9H20O,10,bains:Yaws,90,row2534,3-methyl-4-ethyl-3-hexanol,CCC(O)(C)C(CC)CC,-94.4909,,True
CCC(O)(CC)CC(C)C,RMBUNHOAKTUXTC-UHFFFAOYSA-N,C9H20O,10,bains:Yaws,90,row2535,5-methyl-3-ethyl-3-hexanol,CCC(O)(CC)CC(C)C,-94.4909,,True
CCC(C)(C)C(C)CCO,OLRPKAJSAOYYCY-UHFFFAOYSA-N,C9H20O,10,bains:Yaws,90,row2536,"3,4,4-trimethyl-1-hexanol",CCC(C)(C)C(C)CCO,-94.4909,,True
CCC(C)(O)CCC(C)C,HVPGGLNDHUWMLS-UHFFFAOYSA-N,C9H20O,10,bains:Yaws,90,row2537,"3,6-dimethyl-3-heptanol",CCC(O)(C)CCC(C)C,-94.4909,,True
CCC(C)(CO)CC(C)C,JIZZVMCXCCJUHI-UHFFFAOYSA-N,C9H20O,10,bains:Yaws,90,row2538,"2,4-dimethyl-2-ethyl-1-pentanol",CC(C)CC(CC)(C)CO,-94.4909,,True
CCC(CC)(CC)C(C)O,IENXYHLNFHBNRR-UHFFFAOYSA-N,C9H20O,10,bains:Yaws,90,row2539,"3,3-diethyl-2-pentanol",CC(O)C(CC)(CC)CC,-94.4909,,True
CCC(C)C(O)C(C)(C)C,YMBVVPXERVAJTB-UHFFFAOYSA-N,C9H20O,10,bains:Yaws,90,row2540,"2,2,4-trimethyl-3-hexanol",CC(C)(C)C(O)C(C)CC,-95.7529,,True
CCC(C)C(C)C(C)(C)O,JTOONBKGYWVPOY-UHFFFAOYSA-N,C9H20O,10,bains:Yaws,90,row2541,"2,3,4-trimethyl-2-hexanol",CC(O)(C)C(C)C(C)CC,-95.7529,,True
CCCC(C)(O)C(C)(C)C,DHNHHYWBZNQHGN-UHFFFAOYSA-N,C9H20O,10,bains:Yaws,90,row2542,"2,2,3-trimethyl-3-hexanol",CC(C)(C)C(O)(C)CCC,-95.3203,,True
CCC(C)(C)CC(C)(C)O,QMEHJTXRYVSFES-UHFFFAOYSA-N,C9H20O,10,bains:Yaws,90,row2543,"2,4,4-trimethyl-2-hexanol",CC(O)(C)CC(C)(C)CC,-95.3203,,True
CCC(C)(C)C(C)(O)CC,QWJDXMFJOMPTCV-UHFFFAOYSA-N,C9H20O,10,bains:Yaws,90,row2544,"3,4,4-trimethyl-3-hexanol",CCC(O)(C)C(C)(C)CC,-95.3203,,True
CCC(C)C(C)(O)C(C)C,LTKHKGAPVGSECA-UHFFFAOYSA-N,C9H20O,10,bains:Yaws,90,row2545,"2,3,4-trimethyl-3-hexanol",CC(C)C(O)(C)C(C)CC,-95.7529,,True
CCC(C(C)O)C(C)(C)C,YGQDLQQRBCOMKJ-UHFFFAOYSA-N,C9H20O,10,bains:Yaws,90,row2546,"4,4-dimethyl-3-ethyl-2-pentanol",CC(O)C(CC)C(C)(C)C,-95.7529,,True
CCC(O)(C(C)C)C(C)C,PZPYIRQFCOFLGJ-UHFFFAOYSA-N,C9H20O,10,bains:Yaws,90,row2547,"2,4-dimethyl-3-ethyl-3-pentanol",CC(C)C(O)(CC)C(C)C,-95.7529,,True
CCC(O)(CC)C(C)(C)C,CFWIFHZJKFFDFU-UHFFFAOYSA-N,C9H20O,10,bains:Yaws,90,row2548,"2,2-dimethyl-3-ethyl-3-pentanol",CC(C)(C)C(O)(CC)CC,-95.3203,,True
CCC(C)(C)C(O)C(C)C,PDIVDRVTPZNRDZ-UHFFFAOYSA-N,C9H20O,10,bains:Yaws,90,row2549,"2,4,4-trimethyl-3-hexanol",CC(C)C(O)C(C)(C)CC,-95.7529,,True
CCC(C)(O)CC(C)(C)C,HGGJNDQMXCTKCR-UHFFFAOYSA-N,C9H20O,10,bains:Yaws,90,row2550,"3,5,5-trimethyl-3-hexanol",CCC(O)(C)CC(C)(C)C,-95.3203,,True
CCC(C)(CC)C(C)(C)O,AVQHNUMJCWRCBA-UHFFFAOYSA-N,C9H20O,10,bains:Yaws,90,row2551,"2,3-dimethyl-3-ethyl-2-pentanol",CC(O)(C)C(CC)(C)CC,-95.3203,,True
CC(O)C(C)(C)C(C)(C)C,AIQOKYGLKGGWOI-UHFFFAOYSA-N,C9H20O,10,bains:Yaws,90,row2552,"3,3,4,4-tetramethyl-2-pentanol",CC(O)C(C)(C)C(C)(C)C,-96.5822,,True
CC(C)CCC(O)C(C)C,XZDMJRIWJSNEGC-UHFFFAOYSA-N,C9H20O,10,bains:Yaws,90,row2553,"2,6-dimethyl-3-heptanol",CC(C)C(O)CCC(C)C,-94.9235,,True
CC(C)CC(C)CC(C)O,YYUGBYFBCFRGNZ-UHFFFAOYSA-N,C9H20O,10,bains:Yaws,90,row2554,"4,6-dimethyl-2-heptanol",CC(O)CC(C)CC(C)C,-94.9235,,True
CC(C)CC(O)CC(C)C,HXQPUEQDBSPXTE-UHFFFAOYSA-N,C9H20O,10,bains:Yaws,90,row2555,"2,6-dimethyl-4-heptanol",CC(C)CC(O)CC(C)C,-97.9924,,True
CC(C)CC(CO)C(C)C,CBHPZSADBWMIGE-UHFFFAOYSA-N,C9H20O,10,bains:Yaws,90,row2556,4-methyl-2-isopropyl-1-pentanol,CC(C)CC(C(C)C)CO,-107.0005,,True
CC(C)CC(O)C(C)(C)C,UCLXUUYVWJKXIK-UHFFFAOYSA-N,C9H20O,10,bains:Yaws,90,row2557,"2,2,5-trimethyl-3-hexanol",CC(C)(C)C(O)CC(C)C,-95.7529,,True
CC(C)CC(C)(O)C(C)C,ZVKQNIUBLJYSGN-UHFFFAOYSA-N,C9H20O,10,bains:Yaws,90,row2558,"2,3,5-trimethyl-3-hexanol",CC(C)C(O)(C)CC(C)C,-95.7529,,True
CC(C)C(O)CC(C)(C)C,NPUIBFBNZSKEAP-UHFFFAOYSA-N,C9H20O,10,bains:Yaws,90,row2559,"2,5,5-trimethyl-3-hexanol",CC(C)C(O)CC(C)(C)C,-95.7529,,True
CC(O)CCC(C)C(C)C,ONBXNGYZXZBRJA-UHFFFAOYSA-N,C9H20O,10,bains:Yaws,90,row2560,"5,6-dimethyl-2-heptanol",CC(O)CCC(C)C(C)C,-94.9235,,True
CC(C)C(C)CC(C)(C)O,CIVZBWYMPDUPSQ-UHFFFAOYSA-N,C9H20O,10,bains:Yaws,90,row2561,"2,4,5-trimethyl-2-hexanol",CC(O)(C)CC(C)C(C)C,-95.7529,,True
CC(C)C(C)(C)C(C)(C)O,HLWCPAJEXXTJHY-UHFFFAOYSA-N,C9H20O,10,bains:Yaws,90,row2562,"2,3,3,4-tetramethyl-2-pentanol",CC(O)(C)C(C)(C)C(C)C,-96.5822,,True
CC(C)C(C)(O)C(C)(C)C,KNTFAYXQHRNXSM-UHFFFAOYSA-N,C9H20O,10,bains:Yaws,90,row2563,"2,2,3,4-tetramethyl-3-pentanol",CC(C)(C)C(O)(C)C(C)C,-96.5822,,True
CC(C(C)(C)C)C(C)(C)O,DBCCRNKDJIOKIO-UHFFFAOYSA-N,C9H20O,10,bains:Yaws,90,row2564,"2,3,4,4-tetramethyl-2-pentanol",CC(O)(C)C(C)C(C)(C)C,-96.5822,,True
CC(C)CCCCC(C)O,NOEKZKTXHKNMAQ-UHFFFAOYSA-N,C9H20O,10,bains:Yaws,90,row2565,7-methyl-2-octanol,CC(O)CCCCC(C)C,-93.6616,,True
CC(C)CCCC(C)(C)O,HGDVHRITTGWMJK-UHFFFAOYSA-N,C9H20O,10,bains:Yaws,90,row2566,"2,6-dimethyl-2-heptanol",CC(O)(C)CCCC(C)C,-94.4909,,True
CC(C)CC(C)CCCO,GCBXGQPBCBPHSP-UHFFFAOYSA-N,C9H20O,10,bains:Yaws,90,row2567,"4,6-dimethyl-1-heptanol",CC(C)CC(C)CCCO,-93.6616,,True
CC(C)CC(C)(C)CCO,HRXNWQMMTLLJJQ-UHFFFAOYSA-N,C9H20O,10,bains:Yaws,90,row2568,"3,3,5-trimethyl-1-hexanol",CC(C)CC(C)(C)CCO,-94.4909,,True
CC(C)(C)CCC(C)(C)O,ASOCSFZHADJKFU-UHFFFAOYSA-N,C9H20O,10,bains:Yaws,90,row2569,"2,5,5-trimethyl-2-hexanol",CC(O)(C)CCC(C)(C)C,-95.3203,,True
CC(C)(C)C(O)C(C)(C)C,WFJSIIHYYLHRHB-UHFFFAOYSA-N,C9H20O,10,bains:Yaws,90,row2570,"2,2,4,4-tetramethyl-3-pentanol",CC(C)(C)C(O)C(C)(C)C,-96.5822,,True
CC(CCO)CC(C)(C)C,BODRLKRKPXBDBN-UHFFFAOYSA-N,C9H20O,10,bains:Yaws,90,row2571,"3,5,5-trimethyl-1-hexanol",CC(C)(C)CC(C)CCO,-94.4909,,True
CC(CCCO)C(C)(C)C,IECJUMYEWJOKHM-UHFFFAOYSA-N,C9H20O,10,bains:Yaws,90,row2572,"4,5,5-trimethyl-1-hexanol",CC(C)(C)C(C)CCCO,-94.4909,,True
CC(C)CCCCCCO,QDTDKYHPHANITQ-UHFFFAOYSA-N,C9H20O,10,bains:Yaws,90,row2573,7-methyl-1-octanol,CC(C)CCCCCCO,-92.3996,,True
CC(C)(C)CCCCCO,IOFUAVGBFVXDAO-UHFFFAOYSA-N,C9H20O,10,bains:Yaws,90,row2574,"6,6-dimethyl-1-heptanol",CC(C)(C)CCCCCO,-93.2290,,True
CCCCOCOCCCC,QLCJOAMJPCOIDI-UHFFFAOYSA-N,C9H20O2,11,bains:Pedley,12,row2575,dibutyl formal,CCCCOCOCCCC,-119.8136,,True
CCCCOCOCCCC,QLCJOAMJPCOIDI-UHFFFAOYSA-N,C9H20O2,11,bains:Cox-1,13,row2575,dibutyl formal,CCCCOCOCCCC,-119.8000,,True
CCCCCCCCCN,FJDUDHYHRVPMJZ-UHFFFAOYSA-N,C9H21N,10,bains:Yaws,90,row2587,nonylamine,NCCCCCCCCC,-46.6539,,True
CCCCCCCCNC,SEGJNMCIMOLEDM-UHFFFAOYSA-N,C9H21N,10,bains:Yaws,90,row2588,methyloctylamine,CCCCCCCCNC,-41.9742,,True
CCCCCCCNCC,IUZZLNVABCISOI-UHFFFAOYSA-N,C9H21N,10,bains:Yaws,90,row2589,ethylheptylamine,CCCCCCCNCC,-41.9742,,True
CCCCCCCN(C)C,LSICDRUYCNGRIF-UHFFFAOYSA-N,C9H21N,10,bains:Yaws,90,row2590,dimethylheptylamine,CCCCCCCN(C)C,-38.6138,,True
CCCN(CCC)CCC,YFTHZRPMJXBUME-UHFFFAOYSA-N,C9H21N,10,bains:Pedley,12,row2591,tripropylamine,CCCN(CCC)CCC,-38.4799,,True
CCCN(CCC)CCC,YFTHZRPMJXBUME-UHFFFAOYSA-N,C9H21N,10,bains:Yaws,90,row2591,tripropylamine,CCCN(CCC)CCC,-38.4799,,True
CCCCCN(CC)CC,YZULHOOBWDXEOT-UHFFFAOYSA-N,C9H21N,10,bains:Yaws,90,row2592,diethylpentylamine,CCCCCN(CC)CC,-38.6138,,True
c1ccc2cnccc2c1,AWJUIBRHMBBTKR-UHFFFAOYSA-N,C9H7N,10,bains:Cioslowski,11,row2598,isoquinoline,C12=C(C=NC=C2)C=CC=C1,48.9000,,True
c1ccc2ncccc2c1,SMWDFEZZVXVKRB-UHFFFAOYSA-N,C9H7N,10,bains:Cioslowski,11,row2599,quinoline,C12=CC=CC=C1N=CC=C2,47.9000,,True
N#CCC(=O)c1ccccc1,ZJRCIQAMTAINCB-UHFFFAOYSA-N,C9H7NO,11,bains:Pedley,12,row2600,benzoylacetonitrile,N#CCC(C1=CC=CC=C1)=O,16.7782,,True
Oc1cccc2cccnc12,MCJGNVYPOGVAJF-UHFFFAOYSA-N,C9H7NO,11,bains:Pedley,12,row2601,8-hydroxyquinoline,Oc1cccc2cccnc12,5.4971,,True
Oc1cccc2cccnc12,MCJGNVYPOGVAJF-UHFFFAOYSA-N,C9H7NO,11,bains:Cox-1,13,row2601,8-hydroxyquinoline,Oc1cccc2cccnc12,5.1000,,True
c1ccc(-c2ccno2)cc1,BXQDLEHCXQQSCH-UHFFFAOYSA-N,C9H7NO,11,bains:Pedley,12,row2602,5-phenylisoxazole,o1nccc1c2ccccc2,38.3365,,True
c1ccc(-c2ccno2)cc1,BXQDLEHCXQQSCH-UHFFFAOYSA-N,C9H7NO,11,bains:Cox-1,13,row2602,5-phenylisoxazole,o1nccc1c2ccccc2,38.3000,,True
c1ccc(-c2ccon2)cc1,ZBRDJMFLJXFIGJ-UHFFFAOYSA-N,C9H7NO,11,bains:Pedley,12,row2603,3-phenylisoxazole,o1ccc(n1)c2ccccc2,33.3413,,True
c1ccc(-c2ccon2)cc1,ZBRDJMFLJXFIGJ-UHFFFAOYSA-N,C9H7NO,11,bains:Cox-1,13,row2603,3-phenylisoxazole,o1ccc(n1)c2ccccc2,33.3000,,True
C1=Cc2ccccc2C1,YBYIRNPNPLQARY-UHFFFAOYSA-N,C9H8,9,bains:Cox-1,13,row2604,Indene,C1C=Cc2ccccc12,39.0800,,True
C1=Cc2ccccc2C1,YBYIRNPNPLQARY-UHFFFAOYSA-N,C9H8,9,bains:Cox-2,13,row2604,Indene,C1C=Cc2ccccc12,39.0000,,True
C1=Cc2ccccc2C1,YBYIRNPNPLQARY-UHFFFAOYSA-N,C9H8,9,bains:Cox-3,13,row2604,Indene,C1C=Cc2ccccc12,39.0800,,True
C=[N+]=[N-],YXHKONLOYHBTNS-UHFFFAOYSA-N,CH2N2,3,bains:Winget,18,row2653,Diazomethane,C=[N+]=[N-],70.9661,,True
C=[N+]=[N-],YXHKONLOYHBTNS-UHFFFAOYSA-N,CH2N2,3,bains:Stewart,91,row2653,Diazomethane,C=[N+]=[N-],70.9661,,True
N#CN,XZMCDFZZKTWFGF-UHFFFAOYSA-N,CH2N2,3,bains:ATcT,10,row2654,Cyanamide,NC#N,32.1463,,True
O=[N+]([O-])C[N+](=O)[O-],WINNISSSXBRWMA-UHFFFAOYSA-N,CH2N2O4,7,bains:Add Lit 1,17,row2655,dinitromethane,O=[N+](C[N+]([O-])=O)[O-],-14.1932,,True
O=[N+]([O-])C[N+](=O)[O-],WINNISSSXBRWMA-UHFFFAOYSA-N,CH2N2O4,7,bains:Pedley,12,row2655,dinitromethane,O=[N+](C[N+]([O-])=O)[O-],-14.0774,,True
O=[N+]([O-])C[N+](=O)[O-],WINNISSSXBRWMA-UHFFFAOYSA-N,CH2N2O4,7,bains:Winget,18,row2655,dinitromethane,O=[N+](C[N+]([O-])=O)[O-],-13.2936,,True
c1nn[nH]n1,KJUGUADJHNHALS-UHFFFAOYSA-N,CH2N4,5,bains:Pedley,12,row2656,2H-tetrazole,N1N=NC=N1,79.9474,,True
c1nn[nH]n1,KJUGUADJHNHALS-UHFFFAOYSA-N,CH2N4,5,bains:Cox-1,13,row2656,2H-tetrazole,N1N=NC=N1,79.9500,,True
c1nn[nH]n1,KJUGUADJHNHALS-UHFFFAOYSA-N,CH2N4,5,bains:Winget,18,row2656,2H-tetrazole,N1N=NC=N1,79.8618,,True
c1nn[nH]n1,KJUGUADJHNHALS-UHFFFAOYSA-N,CH2N4,5,bains:Stewart,91,row2656,2H-tetrazole,N1N=NC=N1,79.8618,,True
c1nn[nH]n1,KJUGUADJHNHALS-UHFFFAOYSA-N,CH2N4,5,bains:Cioslowski,11,row2656,2H-tetrazole,N1N=NC=N1,80.0000,,True
c1nn[nH]n1,KJUGUADJHNHALS-UHFFFAOYSA-N,CH2N4,5,bains:NIST-1,14,row2656,2H-tetrazole,N1N=NC=N1,76.4818,,True
c1nn[nH]n1,KJUGUADJHNHALS-UHFFFAOYSA-N,CH2N4,5,bains:NIST-2,14,row2656,2H-tetrazole,N1N=NC=N1,76.7447,,True
C=O,WSFSSNUMVMOOMR-UHFFFAOYSA-N,CH2O,2,bains:Pedley,12,row2657,formaldehyde,C=O,-25.9560,,True
C=O,WSFSSNUMVMOOMR-UHFFFAOYSA-N,CH2O,2,bains:Cox-1,13,row2657,formaldehyde,C=O,-25.1000,,True
C=O,WSFSSNUMVMOOMR-UHFFFAOYSA-N,CH2O,2,bains:Cox-2,13,row2657,formaldehyde,C=O,-29.3000,,True
C=O,WSFSSNUMVMOOMR-UHFFFAOYSA-N,CH2O,2,bains:Cox-3,13,row2657,formaldehyde,C=O,-28.6900,,True
C=O,WSFSSNUMVMOOMR-UHFFFAOYSA-N,CH2O,2,bains:Cox-4,13,row2657,formaldehyde,C=O,-25.9500,,True
C=O,WSFSSNUMVMOOMR-UHFFFAOYSA-N,CH2O,2,bains:Cox-5,13,row2657,formaldehyde,C=O,-25.9500,,True
C=O,WSFSSNUMVMOOMR-UHFFFAOYSA-N,CH2O,2,bains:Winget,18,row2657,formaldehyde,C=O,-25.9876,,True
C=O,WSFSSNUMVMOOMR-UHFFFAOYSA-N,CH2O,2,bains:ATcT,10,row2657,formaldehyde,C=O,-26.0961,,True
C=O,WSFSSNUMVMOOMR-UHFFFAOYSA-N,CH2O,2,bains:Cioslowski,11,row2657,formaldehyde,C=O,-26.0000,,True
C=O,WSFSSNUMVMOOMR-UHFFFAOYSA-N,CH2O,2,bains:NIST-1,14,row2657,formaldehyde,C=O,-27.7008,,True
C=O,WSFSSNUMVMOOMR-UHFFFAOYSA-N,CH2O,2,bains:NIST-2,14,row2657,formaldehyde,C=O,-25.9560,,True
C=O,WSFSSNUMVMOOMR-UHFFFAOYSA-N,CH2O,2,bains:JANAF,15,row2657,formaldehyde,C=O,-27.7000,,True
C1OO1,ASQQEOXYFGEFKQ-UHFFFAOYSA-N,CH2O2,3,bains:ATcT,10,row2658,Dioxirane,C1OO1,0.4254,,True
O=CO,BDAGIHXWWSANSR-UHFFFAOYSA-N,CH2O2,3,bains:Pedley,12,row2659,formic acid,O=CO,-90.5115,,True
O=CO,BDAGIHXWWSANSR-UHFFFAOYSA-N,CH2O2,3,bains:Cox-1,13,row2659,formic acid,O=CO,-90.4800,,True
O=CO,BDAGIHXWWSANSR-UHFFFAOYSA-N,CH2O2,3,bains:Cox-2,13,row2659,formic acid,O=CO,-90.6700,,True
O=CO,BDAGIHXWWSANSR-UHFFFAOYSA-N,CH2O2,3,bains:Cox-3,13,row2659,formic acid,O=CO,-90.5700,,True
O=CO,BDAGIHXWWSANSR-UHFFFAOYSA-N,CH2O2,3,bains:Winget,18,row2659,formic acid,O=CO,-90.4567,,True
O=CO,BDAGIHXWWSANSR-UHFFFAOYSA-N,CH2O2,3,bains:Stewart,91,row2659,formic acid,O=CO,-90.4567,,True
O=CO,BDAGIHXWWSANSR-UHFFFAOYSA-N,CH2O2,3,bains:ATcT,10,row2659,formic acid,O=CO,-86.5057,,True
O=CO,BDAGIHXWWSANSR-UHFFFAOYSA-N,CH2O2,3,bains:Cioslowski,11,row2659,formic acid,O=CO,-90.5000,,True
O=CO,BDAGIHXWWSANSR-UHFFFAOYSA-N,CH2O2,3,bains:NIST-1,14,row2659,formic acid,O=CO,-90.4876,,True
O=CO,BDAGIHXWWSANSR-UHFFFAOYSA-N,CH2O2,3,bains:NIST-2,14,row2659,formic acid,O=CO,-90.5832,,True
O=CO,BDAGIHXWWSANSR-UHFFFAOYSA-N,CH2O2,3,bains:NIST-3,14,row2659,formic acid,O=CO,-90.6310,,True
O=CO,BDAGIHXWWSANSR-UHFFFAOYSA-N,CH2O2,3,bains:NIST-4,14,row2659,formic acid,O=CO,-90.4159,,True
O=CO,BDAGIHXWWSANSR-UHFFFAOYSA-N,CH2O2,3,bains:NIST-5,14,row2659,formic acid,O=CO,-90.4637,,True
O=C(O)O,BVKZGUZCCUSVTD-UHFFFAOYSA-N,CH2O3,4,bains:ATcT,10,row2660,Carbonic acid,OC(=O)O,-146.2835,,True
O=COO,SCKXCAADGDQQCS-UHFFFAOYSA-N,CH2O3,4,bains:ATcT,10,row2661,Peroxyformic acid,C(=O)OO,-69.0488,,True
C=N,WDWDWGRYHDPSDS-UHFFFAOYSA-N,CH3N,2,bains:ATcT,10,row2677,Methanimine,C=N,21.1138,,True
N=CO,ZHNUHDYFZUAESO-UHFFFAOYSA-N,CH3NO,3,bains:Winget,18,row2678,formimidic acid,OC=N,-44.4787,,True
N=CO,ZHNUHDYFZUAESO-UHFFFAOYSA-N,CH3NO,3,bains:Stewart,91,row2678,formimidic acid,OC=N,-44.4787,,True
N=CO,ZHNUHDYFZUAESO-UHFFFAOYSA-N,CH3NO,3,bains:Cioslowski,11,row2678,formimidic acid,OC=N,-44.5000,,True
N=CO,ZHNUHDYFZUAESO-UHFFFAOYSA-N,CH3NO,3,bains:NIST-1,14,row2678,formimidic acid,OC=N,-44.4551,,True
C[N+](=O)[O-],LYGJENNIWJXYER-UHFFFAOYSA-N,CH3NO2,4,bains:Add Lit 1,17,row2679,nitromethane,C[N+]([O-])=O,-19.2908,,True
C[N+](=O)[O-],LYGJENNIWJXYER-UHFFFAOYSA-N,CH3NO2,4,bains:Pedley,12,row2679,nitromethane,C[N+]([O-])=O,-17.7581,,True
C[N+](=O)[O-],LYGJENNIWJXYER-UHFFFAOYSA-N,CH3NO2,4,bains:Cox-1,13,row2679,nitromethane,C[N+]([O-])=O,-12.1000,,True
C[N+](=O)[O-],LYGJENNIWJXYER-UHFFFAOYSA-N,CH3NO2,4,bains:Cox-2,13,row2679,nitromethane,C[N+]([O-])=O,-13.6000,,True
C[N+](=O)[O-],LYGJENNIWJXYER-UHFFFAOYSA-N,CH3NO2,4,bains:Cox-3,13,row2679,nitromethane,C[N+]([O-])=O,-17.8600,,True
C[N+](=O)[O-],LYGJENNIWJXYER-UHFFFAOYSA-N,CH3NO2,4,bains:Winget,18,row2679,nitromethane,C[N+]([O-])=O,-17.7915,,True
C[N+](=O)[O-],LYGJENNIWJXYER-UHFFFAOYSA-N,CH3NO2,4,bains:Stewart,91,row2679,nitromethane,C[N+]([O-])=O,-17.8914,,True
C[N+](=O)[O-],LYGJENNIWJXYER-UHFFFAOYSA-N,CH3NO2,4,bains:ATcT,10,row2679,nitromethane,C[N+]([O-])=O,-17.8657,,True
C[N+](=O)[O-],LYGJENNIWJXYER-UHFFFAOYSA-N,CH3NO2,4,bains:Sandler,16,row2679,nitromethane,C[N+]([O-])=O,-17.7581,,True
C[N+](=O)[O-],LYGJENNIWJXYER-UHFFFAOYSA-N,CH3NO2,4,bains:Cioslowski,11,row2679,nitromethane,C[N+]([O-])=O,-17.8000,,True
C[N+](=O)[O-],LYGJENNIWJXYER-UHFFFAOYSA-N,CH3NO2,4,bains:NIST-1,14,row2679,nitromethane,C[N+]([O-])=O,-19.3595,,True
CON=O,BLLFVUPNHCTMSV-UHFFFAOYSA-N,CH3NO2,4,bains:Pedley,12,row2680,methyl nitrite,CON=O,-15.8700,,True
CON=O,BLLFVUPNHCTMSV-UHFFFAOYSA-N,CH3NO2,4,bains:Cox-1,13,row2680,methyl nitrite,CON=O,-16.8000,,True
CON=O,BLLFVUPNHCTMSV-UHFFFAOYSA-N,CH3NO2,4,bains:Cox-2,13,row2680,methyl nitrite,CON=O,-15.7900,,True
CON=O,BLLFVUPNHCTMSV-UHFFFAOYSA-N,CH3NO2,4,bains:Winget,18,row2680,methyl nitrite,CON=O,-15.8924,,True
CON=O,BLLFVUPNHCTMSV-UHFFFAOYSA-N,CH3NO2,4,bains:Stewart,91,row2680,methyl nitrite,CON=O,-15.7924,,True
CON=O,BLLFVUPNHCTMSV-UHFFFAOYSA-N,CH3NO2,4,bains:ATcT,10,row2680,methyl nitrite,CON=O,-15.3967,,True
CON=O,BLLFVUPNHCTMSV-UHFFFAOYSA-N,CH3NO2,4,bains:Cioslowski,11,row2680,methyl nitrite,CON=O,-15.9000,,True
CO[N+](=O)[O-],LRMHVVPPGGOAJQ-UHFFFAOYSA-N,CH3NO3,5,bains:Pedley,12,row2681,methyl nitrate,O=[N+]([O-])OC,-29.2065,,True
CO[N+](=O)[O-],LRMHVVPPGGOAJQ-UHFFFAOYSA-N,CH3NO3,5,bains:Cox-1,13,row2681,methyl nitrate,O=[N+]([O-])OC,-29.1100,,True
CO[N+](=O)[O-],LRMHVVPPGGOAJQ-UHFFFAOYSA-N,CH3NO3,5,bains:Winget,18,row2681,methyl nitrate,O=[N+]([O-])OC,-29.0861,,True
CO[N+](=O)[O-],LRMHVVPPGGOAJQ-UHFFFAOYSA-N,CH3NO3,5,bains:Stewart,91,row2681,methyl nitrate,O=[N+]([O-])OC,-29.0861,,True
CO[N+](=O)[O-],LRMHVVPPGGOAJQ-UHFFFAOYSA-N,CH3NO3,5,bains:Sandler,16,row2681,methyl nitrate,O=[N+]([O-])OC,-29.2065,,True
CO[N+](=O)[O-],LRMHVVPPGGOAJQ-UHFFFAOYSA-N,CH3NO3,5,bains:NIST-1,14,row2681,methyl nitrate,O=[N+]([O-])OC,-29.1587,,True
O=[N+]([O-])CO,GBAPRSGLWUEXIR-UHFFFAOYSA-N,CH3NO3,5,bains:Add Lit 1,17,row2682,nitromethanol,OC[N+]([O-])=O,-53.4744,,True
C,VNWKTOKETHGBQD-UHFFFAOYSA-N,CH4,1,bains:Add Lit 1,17,row2683,methane,C,-17.8814,,True
C,VNWKTOKETHGBQD-UHFFFAOYSA-N,CH4,1,bains:Pedley,12,row2683,methane,C,-17.7820,,True
C,VNWKTOKETHGBQD-UHFFFAOYSA-N,CH4,1,bains:Cox-1,13,row2683,methane,C,-17.8900,,True
C,VNWKTOKETHGBQD-UHFFFAOYSA-N,CH4,1,bains:Cox-2,13,row2683,methane,C,-17.5400,,True
C,VNWKTOKETHGBQD-UHFFFAOYSA-N,CH4,1,bains:Cox-3,13,row2683,methane,C,-17.8900,,True
C,VNWKTOKETHGBQD-UHFFFAOYSA-N,CH4,1,bains:Winget,18,row2683,methane,C,-17.8914,,True
C,VNWKTOKETHGBQD-UHFFFAOYSA-N,CH4,1,bains:Stewart,91,row2683,methane,C,-17.8914,,True
C,VNWKTOKETHGBQD-UHFFFAOYSA-N,CH4,1,bains:ATcT,10,row2683,methane,C,-17.8119,,True
C,VNWKTOKETHGBQD-UHFFFAOYSA-N,CH4,1,bains:Sandler,16,row2683,methane,C,-17.8011,,True
C,VNWKTOKETHGBQD-UHFFFAOYSA-N,CH4,1,bains:Cioslowski,11,row2683,methane,C,-17.9000,,True
C,VNWKTOKETHGBQD-UHFFFAOYSA-N,CH4,1,bains:NIST-1,14,row2683,methane,C,-17.8944,,True
C,VNWKTOKETHGBQD-UHFFFAOYSA-N,CH4,1,bains:NIST-2,14,row2683,methane,C,-17.8298,,True
C,VNWKTOKETHGBQD-UHFFFAOYSA-N,CH4,1,bains:NIST-3,14,row2683,methane,C,-17.8059,,True
C,VNWKTOKETHGBQD-UHFFFAOYSA-N,CH4,1,bains:NIST-4,14,row2683,methane,C,-17.8896,,True
C,VNWKTOKETHGBQD-UHFFFAOYSA-N,CH4,1,bains:NIST-5,14,row2683,methane,C,-17.5430,,True
C,VNWKTOKETHGBQD-UHFFFAOYSA-N,CH4,1,bains:JANAF,15,row2683,methane,C,-17.8951,,True
NC(N)=O,XSQUKJJJFZCRTK-UHFFFAOYSA-N,CH4N2O,4,bains:Pedley,12,row2686,urea,NC(N)=O,-58.7476,,True
NC(N)=O,XSQUKJJJFZCRTK-UHFFFAOYSA-N,CH4N2O,4,bains:Cox-1,13,row2686,urea,NC(N)=O,-58.7000,,True
NC(N)=O,XSQUKJJJFZCRTK-UHFFFAOYSA-N,CH4N2O,4,bains:Cox-2,13,row2686,urea,NC(N)=O,-58.2000,,True
NC(N)=O,XSQUKJJJFZCRTK-UHFFFAOYSA-N,CH4N2O,4,bains:Cox-3,13,row2686,urea,NC(N)=O,-58.8000,,True
NC(N)=O,XSQUKJJJFZCRTK-UHFFFAOYSA-N,CH4N2O,4,bains:NIST-1,14,row2686,urea,NC(N)=O,-56.2859,,True
NC[N+](=O)[O-],KHXLYFSTSOVKSI-UHFFFAOYSA-N,CH4N2O2,5,bains:Add Lit 1,17,row2687,nitromethylamine,NC[N+]([O-])=O,-17.2717,,True
CO,OKKJLVBELUTLKV-UHFFFAOYSA-N,CH4O,2,bains:Add Lit 1,17,row2689,methanol,OC,-48.0470,,True
CO,OKKJLVBELUTLKV-UHFFFAOYSA-N,CH4O,2,bains:Pedley,12,row2689,methanol,OC,-48.1597,,True
CO,OKKJLVBELUTLKV-UHFFFAOYSA-N,CH4O,2,bains:Cox-1,13,row2689,methanol,OC,-48.0700,,True
CO,OKKJLVBELUTLKV-UHFFFAOYSA-N,CH4O,2,bains:Cox-2,13,row2689,methanol,OC,-48.2900,,True
CO,OKKJLVBELUTLKV-UHFFFAOYSA-N,CH4O,2,bains:Cox-3,13,row2689,methanol,OC,-48.0700,,True
CO,OKKJLVBELUTLKV-UHFFFAOYSA-N,CH4O,2,bains:Winget,18,row2689,methanol,OC,-47.9771,,True
CO,OKKJLVBELUTLKV-UHFFFAOYSA-N,CH4O,2,bains:ATcT,10,row2689,methanol,OC,-48.0019,,True
CO,OKKJLVBELUTLKV-UHFFFAOYSA-N,CH4O,2,bains:Sandler,16,row2689,methanol,OC,-48.0402,,True
CO,OKKJLVBELUTLKV-UHFFFAOYSA-N,CH4O,2,bains:Cioslowski,11,row2689,methanol,OC,-48.2000,,True
CO,OKKJLVBELUTLKV-UHFFFAOYSA-N,CH4O,2,bains:NIST-1,14,row2689,methanol,OC,-48.9962,,True
COO,MEUKEBNAABNAEX-UHFFFAOYSA-N,CH4O2,3,bains:ATcT,10,row2690,hydroperoxymethane,COO,-30.5569,,True
COO,MEUKEBNAABNAEX-UHFFFAOYSA-N,CH4O2,3,bains:Sandler,16,row2690,hydroperoxymethane,COO,-33.2218,,True
COO,MEUKEBNAABNAEX-UHFFFAOYSA-N,CH4O2,3,bains:NIST-1,14,row2690,hydroperoxymethane,COO,-31.3098,,True
CN,BAVYZALUXZFZLV-UHFFFAOYSA-N,CH5N,2,bains:Add Lit 1,17,row2695,methanamine,NC,-5.4974,,True
CN,BAVYZALUXZFZLV-UHFFFAOYSA-N,CH5N,2,bains:Pedley,12,row2695,methanamine,NC,-5.4971,,True
CN,BAVYZALUXZFZLV-UHFFFAOYSA-N,CH5N,2,bains:Cox-1,13,row2695,methanamine,NC,-5.5000,,True
CN,BAVYZALUXZFZLV-UHFFFAOYSA-N,CH5N,2,bains:Winget,18,row2695,methanamine,NC,-5.4974,,True
CN,BAVYZALUXZFZLV-UHFFFAOYSA-N,CH5N,2,bains:Stewart,91,row2695,methanamine,NC,-5.4974,,True
CN,BAVYZALUXZFZLV-UHFFFAOYSA-N,CH5N,2,bains:ATcT,10,row2695,methanamine,NC,-5.1912,,True
CN,BAVYZALUXZFZLV-UHFFFAOYSA-N,CH5N,2,bains:Sandler,16,row2695,methanamine,NC,-5.5927,,True
CN,BAVYZALUXZFZLV-UHFFFAOYSA-N,CH5N,2,bains:Cioslowski,11,row2695,methanamine,NC,-5.5000,,True
CN,BAVYZALUXZFZLV-UHFFFAOYSA-N,CH5N,2,bains:NIST-1,14,row2695,methanamine,NC,-5.6166,,True
CN,BAVYZALUXZFZLV-UHFFFAOYSA-N,CH5N,2,bains:NIST-2,14,row2695,methanamine,NC,-2.9159,,True
CNN,HDZGCSFEDULWCS-UHFFFAOYSA-N,CH6N2,3,bains:Pedley,12,row2699,methylhydrazine,NNC,22.6099,,True
CNN,HDZGCSFEDULWCS-UHFFFAOYSA-N,CH6N2,3,bains:Cox-1,13,row2699,methylhydrazine,NNC,22.6000,,True
CNN,HDZGCSFEDULWCS-UHFFFAOYSA-N,CH6N2,3,bains:Winget,18,row2699,methylhydrazine,NNC,22.5892,,True
CNN,HDZGCSFEDULWCS-UHFFFAOYSA-N,CH6N2,3,bains:Stewart,91,row2699,methylhydrazine,NNC,22.5892,,True
CNN,HDZGCSFEDULWCS-UHFFFAOYSA-N,CH6N2,3,bains:NIST-1,14,row2699,methylhydrazine,NNC,22.5860,,True
C#N,LELOWRISYMNNSU-UHFFFAOYSA-N,CHN,2,bains:Winget,18,row2721,hydrogen cyanide,C#N,31.4849,,True
C#N,LELOWRISYMNNSU-UHFFFAOYSA-N,CHN,2,bains:Stewart,91,row2721,hydrogen cyanide,C#N,32.2846,,True
C#N,LELOWRISYMNNSU-UHFFFAOYSA-N,CHN,2,bains:ATcT,10,row2721,hydrogen cyanide,C#N,30.8994,,True
C#N,LELOWRISYMNNSU-UHFFFAOYSA-N,CHN,2,bains:Sandler,16,row2721,hydrogen cyanide,C#N,31.6444,,True
C#N,LELOWRISYMNNSU-UHFFFAOYSA-N,CHN,2,bains:Cioslowski,11,row2721,hydrogen cyanide,C#N,31.5000,,True
C#N,LELOWRISYMNNSU-UHFFFAOYSA-N,CHN,2,bains:NIST-1,14,row2721,hydrogen cyanide,C#N,32.2992,,True
C#N,LELOWRISYMNNSU-UHFFFAOYSA-N,CHN,2,bains:JANAF,15,row2721,hydrogen cyanide,C#N,32.3000,,True
O=[N+]([O-])C([N+](=O)[O-])[N+](=O)[O-],LZGVDNRJCGPNDS-UHFFFAOYSA-N,CHN3O6,10,bains:Pedley,12,row2722,Trinitromethane,O=[N+](C([N+]([O-])=O)[N+]([O-])=O)[O-],-0.0478,,True
O=[N+]([O-])C([N+](=O)[O-])[N+](=O)[O-],LZGVDNRJCGPNDS-UHFFFAOYSA-N,CHN3O6,10,bains:Winget,18,row2722,Trinitromethane,O=[N+](C([N+]([O-])=O)[N+]([O-])=O)[O-],-3.1985,,True
O=[N+]([O-])C([N+](=O)[O-])[N+](=O)[O-],LZGVDNRJCGPNDS-UHFFFAOYSA-N,CHN3O6,10,bains:Stewart,91,row2722,Trinitromethane,O=[N+](C([N+]([O-])=O)[N+]([O-])=O)[O-],-3.1985,,True
N=C=O,OWIKHYCFFJSOEH-UHFFFAOYSA-N,CHNO,3,bains:Winget,18,row2723,isocyanic acid,N=C=O,-24.2884,,True
N=C=O,OWIKHYCFFJSOEH-UHFFFAOYSA-N,CHNO,3,bains:Stewart,91,row2723,isocyanic acid,N=C=O,-24.2884,,True
N=C=O,OWIKHYCFFJSOEH-UHFFFAOYSA-N,CHNO,3,bains:Sandler,16,row2723,isocyanic acid,N=C=O,-24.8566,,True
N=C=O,OWIKHYCFFJSOEH-UHFFFAOYSA-N,CHNO,3,bains:Cioslowski,11,row2723,isocyanic acid,N=C=O,-24.3000,,True
N=C=O,OWIKHYCFFJSOEH-UHFFFAOYSA-N,CHNO,3,bains:NIST-1,14,row2723,isocyanic acid,N=C=O,-24.2997,,True
N=C=O,OWIKHYCFFJSOEH-UHFFFAOYSA-N,CHNO,3,bains:NIST-2,14,row2723,isocyanic acid,N=C=O,-23.1836,,True
N=C=O,OWIKHYCFFJSOEH-UHFFFAOYSA-N,CHNO,3,bains:JANAF,15,row2723,isocyanic acid,N=C=O,-24.3000,,True
N#CO,XLJMAIOERFSOGZ-UHFFFAOYSA-N,CHNO,3,bains:ATcT,10,row2724,Cyanic acid,OC#N,-3.5636,,True
O=[N+]([O-])N=C=N[N+](=O)[O-],FXNCVLAYFNWLQV-UHFFFAOYSA-N,CN4O4,9,bains:Add Lit 1,17,row2766,"N,N'-methanediylidenedinitramide",O=[N+](N=C=N[N+]([O-])=O)[O-],87.3327,,True
O=[N+]([O-])C([N+](=O)[O-])([N+](=O)[O-])[N+](=O)[O-],NYTOUQBROMCLBJ-UHFFFAOYSA-N,CN4O8,13,bains:Cox-1,13,row2767,tetranitromethane,O=[N+]([O-])C([N+]([O-])=O)([N+]([O-])=O)[N+]([O-])=O,20.1000,,True
O=[N+]([O-])C([N+](=O)[O-])([N+](=O)[O-])[N+](=O)[O-],NYTOUQBROMCLBJ-UHFFFAOYSA-N,CN4O8,13,bains:Cox-2,13,row2767,tetranitromethane,O=[N+]([O-])C([N+]([O-])=O)([N+]([O-])=O)[N+]([O-])=O,19.2000,,True
O=[N+]([O-])C([N+](=O)[O-])([N+](=O)[O-])[N+](=O)[O-],NYTOUQBROMCLBJ-UHFFFAOYSA-N,CN4O8,13,bains:Winget,18,row2767,tetranitromethane,O=[N+]([O-])C([N+]([O-])=O)([N+]([O-])=O)[N+]([O-])=O,18.4912,,True
O=[N+]([O-])C([N+](=O)[O-])([N+](=O)[O-])[N+](=O)[O-],NYTOUQBROMCLBJ-UHFFFAOYSA-N,CN4O8,13,bains:Stewart,91,row2767,tetranitromethane,O=[N+]([O-])C([N+]([O-])=O)([N+]([O-])=O)[N+]([O-])=O,18.4912,,True
O=[N+]([O-])C([N+](=O)[O-])([N+](=O)[O-])[N+](=O)[O-],NYTOUQBROMCLBJ-UHFFFAOYSA-N,CN4O8,13,bains:Cioslowski,11,row2767,tetranitromethane,O=[N+]([O-])C([N+]([O-])=O)([N+]([O-])=O)[N+]([O-])=O,19.7000,,True
[C-]#[O+],UGFAIRIUMAVXCW-UHFFFAOYSA-N,CO,2,bains:Cox-1,13,row2768,Carbon monoxide,[C-]#[O+],-26.4200,,True
[C-]#[O+],UGFAIRIUMAVXCW-UHFFFAOYSA-N,CO,2,bains:Cox-2,13,row2768,Carbon monoxide,[C-]#[O+],-26.1900,,True
[C-]#[O+],UGFAIRIUMAVXCW-UHFFFAOYSA-N,CO,2,bains:Cox-3,13,row2768,Carbon monoxide,[C-]#[O+],-26.4200,,True
[C-]#[O+],UGFAIRIUMAVXCW-UHFFFAOYSA-N,CO,2,bains:Winget,18,row2768,Carbon monoxide,[C-]#[O+],-26.3874,,True
[C-]#[O+],UGFAIRIUMAVXCW-UHFFFAOYSA-N,CO,2,bains:ATcT,10,row2768,Carbon monoxide,[C-]#[O+],-26.4154,,True
[C-]#[O+],UGFAIRIUMAVXCW-UHFFFAOYSA-N,CO,2,bains:Sandler,16,row2768,Carbon monoxide,[C-]#[O+],-26.4173,,True
[C-]#[O+],UGFAIRIUMAVXCW-UHFFFAOYSA-N,CO,2,bains:Cioslowski,11,row2768,Carbon monoxide,[C-]#[O+],-26.4000,,True
[C-]#[O+],UGFAIRIUMAVXCW-UHFFFAOYSA-N,CO,2,bains:Yaws,90,row2768,Carbon monoxide,[C-]#[O+],-26.4101,,True
[C-]#[O+],UGFAIRIUMAVXCW-UHFFFAOYSA-N,CO,2,bains:NIST-1,14,row2768,Carbon monoxide,[C-]#[O+],-26.4173,,True
[C-]#[O+],UGFAIRIUMAVXCW-UHFFFAOYSA-N,CO,2,bains:NIST-2,14,row2768,Carbon monoxide,[C-]#[O+],-26.4173,,True
[C-]#[O+],UGFAIRIUMAVXCW-UHFFFAOYSA-N,CO,2,bains:JANAF,15,row2768,Carbon monoxide,[C-]#[O+],-26.4166,,True
O=C=O,CURLTUGMZLYLDI-UHFFFAOYSA-N,CO2,3,bains:Cox-1,13,row2769,carbon dioxide,O=C=O,-94.0500,,True
O=C=O,CURLTUGMZLYLDI-UHFFFAOYSA-N,CO2,3,bains:Cox-2,13,row2769,carbon dioxide,O=C=O,-94.0370,,True
O=C=O,CURLTUGMZLYLDI-UHFFFAOYSA-N,CO2,3,bains:Cox-3,13,row2769,carbon dioxide,O=C=O,-94.0650,,True
O=C=O,CURLTUGMZLYLDI-UHFFFAOYSA-N,CO2,3,bains:Cox-4,13,row2769,carbon dioxide,O=C=O,-94.0400,,True
O=C=O,CURLTUGMZLYLDI-UHFFFAOYSA-N,CO2,3,bains:Cox-5,13,row2769,carbon dioxide,O=C=O,-94.0510,,True
O=C=O,CURLTUGMZLYLDI-UHFFFAOYSA-N,CO2,3,bains:Winget,18,row2769,carbon dioxide,O=C=O,-94.0550,,True
O=C=O,CURLTUGMZLYLDI-UHFFFAOYSA-N,CO2,3,bains:Stewart,91,row2769,carbon dioxide,O=C=O,-94.0550,,True
O=C=O,CURLTUGMZLYLDI-UHFFFAOYSA-N,CO2,3,bains:ATcT,10,row2769,carbon dioxide,O=C=O,-94.0428,,True
O=C=O,CURLTUGMZLYLDI-UHFFFAOYSA-N,CO2,3,bains:Sandler,16,row2769,carbon dioxide,O=C=O,-94.0511,,True
O=C=O,CURLTUGMZLYLDI-UHFFFAOYSA-N,CO2,3,bains:Cioslowski,11,row2769,carbon dioxide,O=C=O,-94.1000,,True
O=C=O,CURLTUGMZLYLDI-UHFFFAOYSA-N,CO2,3,bains:Yaws,90,row2769,carbon dioxide,O=C=O,-94.0488,,True
O=C=O,CURLTUGMZLYLDI-UHFFFAOYSA-N,CO2,3,bains:NIST-1,14,row2769,carbon dioxide,O=C=O,-94.0511,,True
O=C=O,CURLTUGMZLYLDI-UHFFFAOYSA-N,CO2,3,bains:NIST-2,14,row2769,carbon dioxide,O=C=O,-94.0535,,True
O=C=O,CURLTUGMZLYLDI-UHFFFAOYSA-N,CO2,3,bains:JANAF,15,row2769,carbon dioxide,O=C=O,-94.0540,,True
