exp_id,inchikey,smiles,formula,charge,multiplicity,nheavy,phase,H298_exp,uncertainty,uncertainty_kind,source,source_id,name,n_values,n_sources,source_spread,n_conflicts,isomers_collapsed,low_priority_only,stewart_reference,conflict_flag
exp_00000,AABBHSMFGKYLKE-SNAWJCMRSA-N,C/C=C/C(=O)OC(C)C,C7H12O2,0,1,9,g,-98.2553,,none,bains:Pedley,row1888,isopropyl crotonate,2,2,0.0553,0,0,False,False,False
exp_00001,AABTWRKUKUPMJG-UHFFFAOYSA-N,Cc1coc(C)c1,C6H8O,0,1,7,g,-23.3987,,none,bains:Yaws,row1821,"2,4-dimethylfuran",1,1,0.0000,0,0,True,False,False
exp_00002,ABDKAPXRBAPSQN-UHFFFAOYSA-N,COc1ccccc1OC,C8H10O2,0,1,10,g,-53.4000,,none,bains:Cox-1,row2130,o-dimethoxybenzene,1,1,0.0000,0,0,False,False,False
exp_00003,ABYGSZMCWVXFCQ-UHFFFAOYSA-N,CCCC(CCC)CCC,C10H22,0,1,10,g,-60.0096,,none,bains:Yaws,row135,4-propylheptane,1,1,0.0000,0,0,True,False,False
exp_00004,ACJPFLIEHGFXGP-UHFFFAOYSA-N,CC1(C)CC(=O)OC1=O,C6H8O3,0,1,9,g,-139.0296,,none,bains:Pedley,row1824,"1,1-dimethylsuccinic anhydride",2,2,0.0004,0,0,False,False,False
exp_00005,ACKALUBLCWJVNB-UHFFFAOYSA-N,CC(=O)OC(C)OC(C)=O,C6H10O4,0,1,10,g,-194.0727,,none,bains:Yaws,row1467,ethylidene diacetate,1,1,0.0000,0,0,True,False,False
exp_00006,ACYHSTUWOQNWCX-UHFFFAOYSA-N,CCCCC(C)C(C)(C)C,C10H22,0,1,10,g,-62.5789,,none,bains:Yaws,row168,"2,2,3-trimethylheptane",1,1,0.0000,0,0,True,False,False
exp_00007,ADCBFAJTLMJGTB-UHFFFAOYSA-O,N#C[CH-]C#N.c1cc[nH+]cc1,C8H7N3,0,1,11,g,125.1000,,none,bains:Cox-1,row1288,pyridinium dicyanomethylide,1,1,0.0000,0,0,False,False,False
exp_00008,ADHCYQWFCLQBFG-UHFFFAOYSA-N,C=C(CC)C(C)C,C7H14,0,1,7,g,-19.0010,,none,bains:Pedley,row1918,3-methyl-2-ethyl-1-butene,2,2,0.0090,0,0,False,False,False
exp_00009,ADNADZOSMJDVIS-UHFFFAOYSA-N,CCCCC(=O)OCC(C)C,C9H18O2,0,1,11,g,-135.8987,,none,bains:Pedley,row2461,isobutyl pentanoate,2,2,0.0013,0,0,False,False,False
exp_00010,ADNHKZRYBOUYGM-PEBLOWIWSA-N,CC1C(C)[C@H]2CC[C@H]1C2,C9H16,0,1,9,g,-25.6977,,none,bains:Add Lit 1,row2416,"2,3-dimethylbicyclo[2.2.1]heptane",1,1,0.0000,0,0,False,False,False
exp_00011,AEBWATHAIVJLTA-ZKCHVHJHSA-N,C1C[C@H]2CCC[C@@H]2C1,C8H14,0,1,8,g,-15.9178,,none,bains:Pedley,row2156,trans-bicyclo[3.3.0]octane,1,1,0.0000,0,0,False,False,False
exp_00012,AEIJTFQOBWATKX-UHFFFAOYSA-N,CCCCCCC(O)CO,C8H18O2,0,1,10,g,-123.8504,,none,bains:Yaws,row2318,"1,2-octanediol",1,1,0.0000,0,0,True,False,False
exp_00013,AEMRFAOFKBGASW-UHFFFAOYSA-N,O=C(O)CO,C2H4O3,0,1,5,g,-139.3403,,none,bains:Sandler,row438,2-hydroxy acetic acid,1,1,0.0000,0,0,False,False,False
exp_00014,AEXMKKGTQYQZCS-UHFFFAOYSA-N,CCC(C)(C)CC,C7H16,0,1,7,g,-48.0880,,none,bains:Pedley,row1966,"3,3-dimethylpentane",5,5,0.7728,0,0,False,False,False
exp_00015,AFABGHUZZDYHJO-UHFFFAOYSA-N,CCCC(C)C,C6H14,0,1,6,g,-41.5201,0.1745,reported,atct,107-83-5*0,2-Methylpentane,4,4,0.2581,0,0,False,False,False
exp_00016,AFFLGGQVNFXPEV-UHFFFAOYSA-N,C=CCCCCCCCC,C10H20,0,1,10,g,-29.8016,,none,bains:Yaws,row124,1-decene,1,1,0.0000,0,0,True,False,False
exp_00017,AFVDZBIIBXWASR-UHFFFAOYSA-N,C=CC=CC=C,C6H8,0,1,6,g,39.2447,0.5736,reported,atct,821-07-8*0,"trans-1,3,5-Hexatriene",1,1,0.0000,0,1,False,False,False
exp_00018,AFZZYIJIWUTJFO-UHFFFAOYSA-N,CCc1cccc(CC)c1,C10H14,0,1,10,g,-5.0191,,none,bains:Yaws,row88,m-diethylbenzene,1,1,0.0000,0,0,True,False,False
exp_00019,AGMKVZDPATUSMS-AATRIKPKSA-N,CC/C=C/C(=O)OCC,C7H12O2,0,1,9,g,-94.2400,,none,bains:Pedley,row1885,ethyl-trans-2-pentenoate,2,2,0.0400,0,0,False,False,False
exp_00020,AGQOIYCTCOEHGR-UHFFFAOYSA-N,Cc1ccno1,C4H5NO,0,1,6,g,8.1405,0.1793,reported,rmg:CCCBDB,5-Methylisoxazole,5-Methylisoxazole,5,5,4.5650,2,0,False,False,True
exp_00021,AGSPXMVUFBBBMO-UHFFFAOYSA-N,N#CCCN,C3H6N2,0,1,5,g,21.4508,,none,bains:NIST-1,row656,3-aminopropanenitrile,1,1,0.0000,0,0,False,False,False
exp_00022,AHHWIHXENZJRFG-UHFFFAOYSA-N,C1COC1,C3H6O,0,1,4,g,-19.2400,0.1434,reported,rmg:CCCBDB,Oxetane,Oxetane,7,7,0.0600,0,0,False,False,False
exp_00023,AIJULSRZWUXGPQ-UHFFFAOYSA-N,CC(=O)C=O,C3H4O2,0,1,5,g,-64.7706,,none,bains:Pedley,row593,2-oxopropanal,3,3,0.0294,0,0,False,False,False
exp_00024,AIQOKYGLKGGWOI-UHFFFAOYSA-N,CC(O)C(C)(C)C(C)(C)C,C9H20O,0,1,10,g,-96.5822,,none,bains:Yaws,row2552,"3,3,4,4-tetramethyl-2-pentanol",1,1,0.0000,0,0,True,False,False
exp_00025,AJDIFHIHSYVDGP-UHFFFAOYSA-N,CCC(C)(CC)C(C)(C)C,C10H22,0,1,10,g,-60.3705,,none,bains:Yaws,row189,"3-ethyl-2,2,3-trimethylpentane",1,1,0.0000,0,0,True,False,False
exp_00026,AKHMHYGTZRJYBS-UHFFFAOYSA-N,C1CCC2CC2CC1,C8H14,0,1,8,g,-3.9675,,none,bains:Pedley,row2149,"bicyclo[5,1,0]octane",2,2,0.1175,0,0,False,False,False
exp_00027,AKOJBFZCIRFXBA-UHFFFAOYSA-N,C#CC#CCC,C6H6,0,1,6,g,94.0559,0.2247,reported,atct,4447-21-6*0,"1,3-Hexadiyne",1,1,0.0000,0,0,False,False,False
exp_00028,AKUUEDVRXOZTBF-UHFFFAOYSA-N,CC(C)C(C)C=O,C6H12O,0,1,7,g,-64.1013,,none,bains:Yaws,row1519,"2,3-dimethylbutanal",1,1,0.0000,0,0,True,False,False
exp_00029,ALBYIUDWACNRRB-UHFFFAOYSA-N,CCCCCC(N)=O,C6H13NO,0,1,8,g,-77.4857,,none,bains:Pedley,row1617,hexanamide,2,2,1.2743,1,0,False,False,True
exp_00030,ALQSHHUCVQOPAS-UHFFFAOYSA-N,OCCCCCO,C5H12O2,0,1,7,g,-107.3375,,none,bains:Pedley,row1249,"1,5-pentanediol",1,1,0.0000,0,0,False,False,False
exp_00031,ALYNCZNDIQEVRV-UHFFFAOYSA-N,Nc1ccc(C(=O)O)cc1,C7H7NO2,0,1,10,g,-70.9130,,none,bains:Pedley,row2075,4-aminobenzoic acid,1,1,0.0000,0,0,False,False,False
exp_00032,AMEDYNMUEPNLDH-UHFFFAOYSA-N,O=[N+]([O-])C1=C([N+](=O)[O-])C1([N+](=O)[O-])[N+](=O)[O-],C3N4O8,0,1,15,g,102.3901,,none,bains:Add Lit 1,row740,tetranitrocyclopropene,1,1,0.0000,0,0,False,False,False
exp_00033,AMIMRNSIRUDHCM-UHFFFAOYSA-N,CC(C)C=O,C4H8O,0,1,5,g,-59.1300,,none,bains:Pedley,row1020,isobutyraldehyde,7,7,7.5765,6,0,False,False,True
exp_00034,AMQJEAYHLZJPGS-UHFFFAOYSA-N,CCCCCO,C5H12O,0,1,6,g,-70.6573,0.1769,reported,rmg:CCCBDB,1-Pentanol,1-Pentanol,5,5,1.4950,1,0,False,False,True
exp_00035,AMSMVCOBCOZLEE-UHFFFAOYSA-N,c1ccc2c(c1)C2,C7H6,0,1,7,g,90.7266,0.3585,reported,atct,4646-69-9*0,Benzocyclopropene,1,1,0.0000,0,0,False,False,False
exp_00036,ANPYLYUCGAFKNQ-UHFFFAOYSA-N,CCOCOCOCC,C6H14O3,0,1,9,g,-138.8862,,none,bains:Pedley,row1663,"3,5,7-trioxa nonane",1,1,0.0000,0,0,False,False,False
exp_00037,AOGQPLXWSUTHQB-UHFFFAOYSA-N,CCCCCCOC(C)=O,C8H16O2,0,1,10,g,-125.7887,,none,bains:Yaws,row2233,hexyl acetate,1,1,0.0000,0,0,True,False,False
exp_00038,AOHJOMMDDJHIJH-UHFFFAOYSA-N,CC(N)CN,C3H10N2,0,1,5,g,-12.8298,0.1099,reported,rmg:CCCBDB,12-Diaminopropane,12-Diaminopropane,2,2,0.0191,0,0,False,False,False
exp_00039,AORMDLNPRGXHHL-UHFFFAOYSA-N,CCC(CC)CC,C7H16,0,1,7,g,-45.3155,,none,bains:Pedley,row1964,3-ethylpentane,4,4,0.1200,0,0,False,False,False
exp_00040,AQEFLFZSWDEAIP-UHFFFAOYSA-N,CC(C)(C)OC(C)(C)C,C8H18O,0,1,9,g,-86.5201,,none,bains:Pedley,row2315,di-tert-butyl ether,3,3,0.6788,0,0,False,False,False
exp_00041,AQIXEPGDORPWBJ-UHFFFAOYSA-N,CCC(O)CC,C5H12O,0,1,6,g,-75.8126,,none,bains:Pedley,row1235,pentan-3-ol,7,7,0.9832,0,0,False,False,False
exp_00042,AQSRRZGQRFFFGS-UHFFFAOYSA-N,Cc1ncccc1O,C6H7NO,0,1,8,g,-20.1721,,none,bains:Pedley,row1809,2-methyl-3-hydroxypyridine,1,1,0.0000,0,0,False,False,False
exp_00043,ARGCQEVBJHPOGB-UHFFFAOYSA-N,C1=CCOC1,C4H6O,0,1,5,g,-26.0038,,none,bains:Yaws,row862,"2,5-dihydrofuran",1,1,0.0000,0,0,True,False,False
exp_00044,ASOCSFZHADJKFU-UHFFFAOYSA-N,CC(C)(C)CCC(C)(C)O,C9H20O,0,1,10,g,-95.3203,,none,bains:Yaws,row2569,"2,5,5-trimethyl-2-hexanol",1,1,0.0000,0,0,True,False,False
exp_00045,ASQQEOXYFGEFKQ-UHFFFAOYSA-N,C1OO1,CH2O2,0,1,3,g,0.4183,0.0884,reported,atct,157-26-6*0,Dioxirane,3,3,0.0072,0,0,False,False,False
exp_00046,ATQUFXWBVZUTKO-UHFFFAOYSA-N,CC1=CCCC1,C6H10,0,1,6,g,-0.8604,0.1793,reported,rmg:CCCBDB,1-Methylcyclopentene,1-Methylcyclopentene,9,9,0.4517,0,0,False,False,False
exp_00047,ATUOYWHBWRKTHZ-UHFFFAOYSA-N,CCC,C3H8,0,1,3,g,-25.0956,0.0359,reported,atct,74-98-6*0,Propane,12,12,0.3146,0,0,False,True,False
exp_00048,AUAGGMPIKOZAJZ-UHFFFAOYSA-N,C1COCOCCO1,C5H10O3,0,1,8,g,-111.6396,,none,bains:Pedley,row1183,"1,3,6-trioxacyclooctane",1,1,0.0000,0,0,False,False,False
exp_00049,AUBDSFLQOBEOPX-UHFFFAOYSA-N,C=CC#CC=C,C6H6,0,1,6,g,83.8432,0.4541,reported,atct,821-08-9*0,Divinylacetylene,1,1,0.0000,0,0,False,False,False
exp_00050,AUKVIBNBLXQNIZ-UHFFFAOYSA-N,CCCC(C)CC(C)C,C9H20,0,1,9,g,-57.6004,,none,bains:Yaws,row2471,"2,4-dimethylheptane",1,1,0.0000,0,0,True,False,False
exp_00051,AUQDITHEDVOTCU-UHFFFAOYSA-N,N#CC1CC1,C4H5N,0,1,5,g,43.6663,0.1673,reported,rmg:CCCBDB,Cyclopropanecarbonitrile,Cyclopropanecarbonitrile,4,4,0.5019,0,0,False,False,False
exp_00052,AUYRUAVCWOAHQN-UHFFFAOYSA-N,C=C(C)C(C)(C)C,C7H14,0,1,7,g,-20.4350,,none,bains:Pedley,row1922,"2,3,3-trimethyl-butene",2,2,0.0050,0,0,False,False,False
exp_00053,AVQHNUMJCWRCBA-UHFFFAOYSA-N,CCC(C)(CC)C(C)(C)O,C9H20O,0,1,10,g,-95.3203,,none,bains:Yaws,row2551,"2,3-dimethyl-3-ethyl-2-pentanol",1,1,0.0000,0,0,True,False,False
exp_00054,AWJUIBRHMBBTKR-UHFFFAOYSA-N,c1ccc2cnccc2c1,C9H7N,0,1,10,g,48.9000,,none,bains:Cioslowski,row2598,isoquinoline,1,1,0.0000,0,0,False,False,False
exp_00055,AXPZDYVDTMMLNB-UHFFFAOYSA-N,CCOCc1ccccc1,C9H12O,0,1,10,g,-27.4857,,none,bains:Yaws,row2404,benzyl ethyl ether,1,1,0.0000,0,0,True,False,False
exp_00056,AYKYXWQEBUNJCN-UHFFFAOYSA-N,CC1=CC(=O)OC1=O,C5H4O3,0,1,8,g,-106.8834,,none,bains:Pedley,row1285,methylmaleic anhydride,2,2,0.0034,0,0,False,False,False
exp_00057,AZASWMGVGQEVCS-UHFFFAOYSA-N,CC(=O)CC(C)(C)C,C7H14O,0,1,8,g,-73.8862,,none,bains:Yaws,row1939,"4,4-dimethyl-2-pentanone",1,1,0.0000,0,0,True,False,False
exp_00058,AZLAWGCUDHUQDB-UHFFFAOYSA-N,CCCC(CCC)C(C)C,C10H22,0,1,10,g,-60.0191,,none,bains:Yaws,row146,4-isopropylheptane,1,1,0.0000,0,0,True,False,False
exp_00059,AZQWKYJCGOJGHM-UHFFFAOYSA-N,O=C1C=CC(=O)C=C1,C6H4O2,0,1,8,g,-29.3000,,none,bains:Cioslowski,row1761,benzoquinone,8,8,5.3700,1,0,False,True,True
exp_00060,BAPJBEWLBFYGME-UHFFFAOYSA-N,C=CC(=O)OC,C4H6O2,0,1,6,g,-79.5889,,none,bains:Pedley,row870,methyl acrylate,2,2,0.0000,0,0,False,False,False
exp_00061,BARKHVPKOOSMNW-UHFFFAOYSA-N,CCC(O)C(C)(C)CC,C8H18O,0,1,9,g,-89.5578,,none,bains:Yaws,row2303,"4,4-dimethyl-3-hexanol",1,1,0.0000,0,0,True,False,False
exp_00062,BAVYZALUXZFZLV-UHFFFAOYSA-N,CN,CH5N,0,1,2,g,-5.0550,0.0526,reported,atct,74-89-5*0,Methylamine,12,12,2.7008,1,0,False,True,True
exp_00063,BAYAKMPRFGNNFW-UHFFFAOYSA-N,CC(C)C(O)C(C)C,C7H16O,0,1,8,g,-85.0574,,none,bains:Yaws,row1976,"2,4-dimethyl-3-pentanol",1,1,0.0000,0,0,True,False,False
exp_00064,BBDKZWKEPDTENS-UHFFFAOYSA-N,C=CC1CC=CCC1,C8H12,0,1,8,g,15.5593,,none,bains:Pedley,row2141,4-vinylcyclohexene,1,1,0.0000,0,0,False,False,False
exp_00065,BBMCTIGTTCKYKF-UHFFFAOYSA-N,CCCCCCCO,C7H16O,0,1,8,g,-80.4015,,none,bains:Pedley,row1970,1-heptanol,2,2,1.3115,1,0,False,False,True
exp_00066,BCGCCTGNWPKXJL-UHFFFAOYSA-N,N#CCCOCCC#N,C6H8N2O,0,1,9,g,4.8757,,none,bains:Yaws,row1818,bis(cyanoethyl) ether,1,1,0.0000,0,0,True,False,False
exp_00067,BCJWVBNBMCOBEX-UHFFFAOYSA-N,CCOCOCOCOCC,C7H16O4,0,1,11,g,-177.1033,,none,bains:Pedley,row2004,"3,5,7,9-tetraoxaundecane",1,1,0.0000,0,0,False,False,False
exp_00068,BCMCBBGGLRIHSE-UHFFFAOYSA-N,c1ccc2ocnc2c1,C7H5NO,0,1,9,g,10.8000,,none,bains:Cioslowski,row2046,benzo[d]oxazole,1,1,0.0000,0,0,False,False,False
exp_00069,BDAGIHXWWSANSR-UHFFFAOYSA-N,O=CO,CH2O2,0,1,3,g,-90.4111,0.0478,reported,atct,64-18-6*0,Formic acid,15,15,4.1643,1,0,False,True,True
exp_00070,BDERNNFJNOPAEC-UHFFFAOYSA-N,CCCO,C3H8O,0,1,4,g,-60.9417,0.0478,reported,atct,71-23-8*0,1-Propanol,10,10,9.0083,1,0,False,False,True
exp_00071,BDNQWNOANNMPAQ-UHFFFAOYSA-N,C=C=C=CC=C,C6H6,0,1,6,g,90.9178,0.3824,reported,atct,60239-33-0*0,"1,2,3,5-Hexatetraene",1,1,0.0000,0,0,False,False,False
exp_00072,BEQGRRJLJLVQAQ-GQCTYLIASA-N,C/C=C(\C)CC,C6H12,0,1,6,g,-15.0813,,none,bains:Pedley,row1499,3-methyl-trans-2-pentene,2,2,0.0087,0,0,False,False,False
exp_00073,BFKOEFFCVFMWPF-UHFFFAOYSA-N,CCCC(C)C(C)(C)O,C8H18O,0,1,9,g,-89.5578,,none,bains:Yaws,row2293,"2,3-dimethyl-2-hexanol",1,1,0.0000,0,0,True,False,False
exp_00074,BFWVYBVSRYIDHI-UHFFFAOYSA-N,CC(C)(C)C1CCCC1,C9H18,0,1,9,g,-42.3901,,none,bains:Yaws,row2452,tert-butylcyclopentane,1,1,0.0000,0,0,True,False,False
exp_00075,BGCSUUSPRCDKBQ-UHFFFAOYSA-N,C1OCC2(CO1)COCOC2,C7H12O4,0,1,11,g,-150.4541,,none,bains:Pedley,row1889,"5,5'-spirobis-1,3-dioxan",2,2,0.0541,0,0,False,False,False
exp_00076,BGCWDXXJMUHZHE-UHFFFAOYSA-N,CC1=CCCO1,C5H8O,0,1,6,g,-29.3021,,none,bains:NIST-1,row1339,"5-methyl-2,3-dihydrofuran",2,2,1.8164,1,0,False,False,True
exp_00077,BGJSXRVXTHVRSN-UHFFFAOYSA-N,C1OCOCO1,C3H6O3,0,1,6,g,-111.3193,0.1195,reported,rmg:CCCBDB,135-Trioxane,135-Trioxane,8,8,7.9013,3,0,False,False,True
exp_00078,BGTOWKSIORTVQH-UHFFFAOYSA-N,O=C1CCCC1,C5H8O,0,1,6,g,-45.9130,,none,bains:Pedley,row1340,cyclopentanone,9,9,1.4597,1,0,False,False,True
exp_00079,BGXXXYLRPIRDHJ-UHFFFAOYSA-N,CCC(CC)(CC)CC,C9H20,0,1,9,g,-55.6405,,none,bains:Yaws,row2476,"3,3-diethylpentane",1,1,0.0000,0,0,True,False,False
exp_00080,BHGNYYIOYPFWKC-UHFFFAOYSA-N,CC(C)C(C)C(C)C(C)C,C10H22,0,1,10,g,-61.6707,,none,bains:Yaws,row185,"2,3,4,5-tetramethylhexane",1,1,0.0000,0,0,True,False,False
exp_00081,BHMZPPHMQJHCHQ-UHFFFAOYSA-N,CCC(C)CN(C)C,C7H17N,0,1,8,g,-30.0096,,none,bains:Yaws,row2010,dimethyl-2-methylbutylamine,1,1,0.0000,0,0,True,False,False
exp_00082,BHRZNVHARXXAHW-UHFFFAOYSA-N,CCC(C)N,C4H11N,0,1,5,g,-25.0717,,none,bains:Pedley,row790,sec-butylamine,3,3,0.3880,0,0,False,False,False
exp_00083,BHXFKXOIODIUJO-UHFFFAOYSA-N,N#Cc1ccc(C#N)cc1,C8H4N2,0,1,10,g,85.3489,,none,bains:Pedley,row2360,"1,4-benzenedicarbonitrile",1,1,0.0000,0,0,False,False,False
exp_00084,BHXIWUJLHYHGSJ-UHFFFAOYSA-N,CCOCCC(=O)OCC,C7H14O3,0,1,10,g,-151.2906,,none,bains:Yaws,row1954,ethyl-3-ethoxypropionate,1,1,0.0000,0,0,True,False,False
exp_00085,BIAVIOIDPRPYJK-UHFFFAOYSA-N,CCCCC(O)CC(C)C,C9H20O,0,1,10,g,-93.6616,,none,bains:Yaws,row2500,2-methyl-4-octanol,1,1,0.0000,0,0,True,False,False
exp_00086,BIDIHFPLDRSAMB-WAYWQWQTSA-N,C/C=C\C(C)(C)C,C7H14,0,1,7,g,-21.2237,,none,bains:Pedley,row1912,"4,4-dimethyl-cis-2-pentene",3,3,3.5134,1,0,False,False,True
exp_00087,BIFVSVOAVBNUKC-UHFFFAOYSA-N,C#CCC=C=C,C6H6,0,1,6,g,100.4063,0.3346,reported,atct,33142-15-3*0,Propargylallene,1,1,0.0000,0,0,False,False,False
exp_00088,BJEYNNFDAPPGST-UHFFFAOYSA-N,C1=CO1,C2H2O,0,1,3,g,64.5961,0.1434,reported,atct,157-18-6*0,Oxirene,2,2,27.5167,1,0,False,False,True
exp_00089,BKIMMITUMNQMOS-UHFFFAOYSA-N,CCCCCCCCC,C9H20,0,1,9,g,-54.5076,0.1147,reported,atct,111-84-2*0,n-Nonane,3,3,0.1662,0,0,False,False,False
exp_00090,BKOOMYPCSUNDGP-UHFFFAOYSA-N,CC=C(C)C,C5H10,0,1,5,g,-9.9904,,none,bains:Pedley,row1069,2-methylbut-2-ene,6,6,0.3208,0,0,False,True,False
exp_00091,BLLFVUPNHCTMSV-UHFFFAOYSA-N,CON=O,CH3NO2,0,1,4,g,-15.5306,0.1649,reported,atct,624-91-9*0,Methyl nitrite,9,9,1.4033,1,0,False,True,True
exp_00092,BLNBSBLKPFFJKQ-UHFFFAOYSA-N,CCCC(C)(C)C(C)CC,C10H22,0,1,10,g,-61.3193,,none,bains:Yaws,row172,"3,4,4-trimethylheptane",1,1,0.0000,0,0,True,False,False
exp_00093,BMRWNKZVCUKKSR-UHFFFAOYSA-N,CCC(O)CO,C4H10O2,0,1,6,g,-106.3576,,none,bains:Yaws,row758,"1,2-butanediol",1,1,0.0000,0,0,True,False,False
exp_00094,BNBQRQQYDMDJAH-UHFFFAOYSA-N,c1ccc2c(c1)OCCO2,C8H8O2,0,1,10,g,-48.7811,,none,bains:Pedley,row2379,"1,4-dioxatetralin",2,2,0.3811,0,0,False,False,False
exp_00095,BODRLKRKPXBDBN-UHFFFAOYSA-N,CC(CCO)CC(C)(C)C,C9H20O,0,1,10,g,-94.4909,,none,bains:Yaws,row2571,"3,5,5-trimethyl-1-hexanol",1,1,0.0000,0,0,True,False,False
exp_00096,BOFLDKIFLIFLJA-UHFFFAOYSA-N,C#CC(=C)C,C5H6,0,1,5,g,61.9025,,none,bains:NIST-1,row1299,2-methylbut-1-en-3-yne,1,1,0.0000,0,0,False,False,False
exp_00097,BPBOWYWUOUJKLO-UHFFFAOYSA-N,CC=C1CCCCC1,C8H14,0,1,8,g,-14.6989,,none,bains:Pedley,row2154,ethylidenecyclohexane,1,1,0.0000,0,0,False,False,False
exp_00098,BPPMXXJOMACYJD-UHFFFAOYSA-N,N#CC12CC1C2,C5H5N,0,1,6,g,72.8011,,none,bains:Pedley,row1290,bicyclo[1.1.0]butane-1-carbonitrile,1,1,0.0000,0,0,False,False,False
exp_00099,BQAZYKYBFAMHPG-YVMONPNESA-N,C/C=C(/C)CC(C)C,C8H16,0,1,8,g,-26.6013,,none,bains:Yaws,row2209,"3,5-dimethyl-cis-2-hexene",1,1,0.0000,0,0,True,False,False
exp_00100,BQTJMKIHKULPCZ-UHFFFAOYSA-N,C1=c2ccccc2=CC1,C9H8,0,1,9,g,58.9149,0.4541,reported,atct,270-53-1*0,Isoindene,1,1,0.0000,0,0,False,False,False
exp_00101,BSKHPKMHTQYZBB-UHFFFAOYSA-N,Cc1ccccn1,C6H7N,0,1,7,g,23.7094,,none,bains:Pedley,row1801,2-methylpyridine,3,3,0.5600,0,0,False,False,False
exp_00102,BSVZXPLUMFUWHW-OWOJBTEDSA-N,N#CC/C=C/CC#N,C6H6N2,0,1,8,g,62.3805,,none,bains:Yaws,row1786,"1,4-dicyano-2-butene",1,1,0.0000,0,0,True,False,False
exp_00103,BSYVTEYKTMYBMK-UHFFFAOYSA-N,OCC1CCCO1,C5H10O2,0,1,7,g,-88.2409,,none,bains:Pedley,row1180,tetrahydrofurfuryl alcohol,2,2,0.0409,0,0,False,False,False
exp_00104,BTANRVKWQNVYAZ-UHFFFAOYSA-N,CCC(C)O,C4H10O,0,1,5,g,-69.9570,0.0717,reported,rmg:CCCBDB,(R)-(-)-2-Butanol,(R)-(-)-2-Butanol,5,5,0.0478,0,0,False,False,False
exp_00105,BTFQKIATRPGRBS-UHFFFAOYSA-N,Cc1ccccc1C=O,C8H8O,0,1,9,g,-15.8700,0.2629,reported,atct,529-20-4*0,o-Tolualdehyde,1,1,0.0000,0,0,False,False,False
exp_00106,BTGGSWBKRYMHQK-UHFFFAOYSA-N,CCCC(CC)C(C)CC,C10H22,0,1,10,g,-59.8709,,none,bains:Yaws,row153,4-ethyl-3-methylheptane,1,1,0.0000,0,0,True,False,False
exp_00107,BTGRAWJCKBQKAO-UHFFFAOYSA-N,N#CCCCCC#N,C6H8N2,0,1,8,g,35.7314,,none,bains:Pedley,row1816,adiponitrile,2,2,0.0000,0,0,False,False,False
exp_00108,BTMVHUNTONAYDX-UHFFFAOYSA-N,CCCCOC(=O)CC,C7H14O2,0,1,9,g,-120.1243,,none,bains:Yaws,row1946,butyl propanoate,1,1,0.0000,0,0,True,False,False
exp_00109,BUDQDWGNQVEFAC-UHFFFAOYSA-N,C1=COCCC1,C5H8O,0,1,6,g,-26.9622,0.2151,reported,rmg:CCCBDB,34-Dihydro-2H-pyran,34-Dihydro-2H-pyran,3,3,2.9378,2,0,False,False,True
exp_00110,BVKZGUZCCUSVTD-UHFFFAOYSA-N,O=C(O)O,CH2O3,0,1,4,g,-146.1663,0.1315,reported,atct,463-79-6*0,Carbonic acid,3,3,0.3227,0,0,False,False,False
exp_00111,BXCOOPLIKAAONJ-BQYQJAHWSA-N,CC(C)/N=N/C(C)C,C6H14N2,0,1,8,g,8.5564,,none,bains:Pedley,row1627,azoisopropane,2,2,10.5436,1,0,False,False,True
exp_00112,BXQDLEHCXQQSCH-UHFFFAOYSA-N,c1ccc(-c2ccno2)cc1,C9H7NO,0,1,11,g,38.3365,,none,bains:Pedley,row2602,5-phenylisoxazole,2,2,0.0365,0,0,False,False,False
exp_00113,BYBGSCXPMGPLFP-UHFFFAOYSA-N,C1C2CC3C1C3C2,C7H10,0,1,7,g,19.6224,,none,bains:Pedley,row1847,"tricyclo[2,2,1,0 2,6]heptane",1,1,0.0000,0,0,False,False,False
exp_00114,BZHMBWZPUJHVEE-UHFFFAOYSA-N,CC(C)CC(C)C,C7H16,0,1,7,g,-48.2075,,none,bains:Pedley,row1968,"2,4-dimethylpentane",5,5,0.5225,0,0,False,False,False
exp_00115,BZLVMXJERCGZMT-UHFFFAOYSA-N,COC(C)(C)C,C5H12O,0,1,6,g,-67.7581,,none,bains:Pedley,row1242,2-methoxy-2-methylpropane,6,6,2.2526,1,0,False,False,True
exp_00116,CAZFANXQUXBGQQ-UHFFFAOYSA-N,C=CCCC(=O)OCCC,C8H14O2,0,1,10,g,-95.1004,,none,bains:Pedley,row2163,n-propyl 4-pentenoate,2,2,0.0004,0,0,False,False,False
exp_00117,CBHPZSADBWMIGE-UHFFFAOYSA-N,CC(C)CC(CO)C(C)C,C9H20O,0,1,10,g,-107.0005,,none,bains:Yaws,row2556,4-methyl-2-isopropyl-1-pentanol,1,1,0.0000,0,0,True,False,False
exp_00118,CBHXDVOSUKFRBE-UHFFFAOYSA-N,CCC(CC)(CC)CO,C8H18O,0,1,9,g,-88.2959,,none,bains:Yaws,row2291,"2,2-diethyl-1-butanol",1,1,0.0000,0,0,True,False,False
exp_00119,CBTGNLZUIZHUHY-UHFFFAOYSA-N,COC(=O)C1CCC1,C6H10O2,0,1,8,g,-84.9187,,none,bains:Pedley,row1463,cyclobutanecarboxylic acid methyl ester,1,1,0.0000,0,0,False,False,False
exp_00120,CBXMULHQEVXJDI-UHFFFAOYSA-N,c1ccc2c(c1)OCCCO2,C9H10O2,0,1,11,g,-44.3356,,none,bains:Pedley,row2394,"2,3-benzo-1,4-dioxacycloheptene",2,2,0.0356,0,0,False,False,False
exp_00121,CCGKOQOJPYTBIH-UHFFFAOYSA-N,C=C=O,C2H2O,0,1,3,g,-11.5679,0.0263,reported,atct,463-51-4*0,Ketene,9,9,9.4981,3,0,False,False,True
exp_00122,CCRUHKGZAQXBKC-UHFFFAOYSA-N,CCCCNCC(C)C,C8H19N,0,1,9,g,-40.8700,,none,bains:Pedley,row2348,N-butylisobutylamine,2,2,0.0300,0,0,False,False,False
exp_00123,CENLRESKVLHEPM-UHFFFAOYSA-N,COCCOC1CCCCO1,C8H16O3,0,1,11,g,-134.5602,,none,bains:Pedley,row2251,2-(2-methoxyethoxy)-tetrahydro-2H-pyran,1,1,0.0000,0,0,False,False,False
exp_00124,CERQOIWHTDAKMF-UHFFFAOYSA-N,C=C(C)C(=O)O,C4H6O2,0,1,6,g,-87.7868,,none,bains:NIST-1,row868,methacrylic acid,2,2,1.1711,1,0,False,False,True
exp_00125,CFBGXYDUODCMNS-UHFFFAOYSA-N,C1=CCC1,C4H6,0,1,4,g,38.4895,0.1434,reported,atct,822-35-5*0,Cyclobutene,10,10,1.1074,5,0,False,True,True
exp_00126,CFEPFAMBMGCTQM-UHFFFAOYSA-N,CC(C)(CCO)CCO,C7H16O2,0,1,9,g,-119.9809,,none,bains:Yaws,row2001,"3,3-dimethyl-1,5-pentanediol",1,1,0.0000,0,0,True,False,False
exp_00127,CFWIFHZJKFFDFU-UHFFFAOYSA-N,CCC(O)(CC)C(C)(C)C,C9H20O,0,1,10,g,-95.3203,,none,bains:Yaws,row2548,"2,2-dimethyl-3-ethyl-3-pentanol",1,1,0.0000,0,0,True,False,False
exp_00128,CGCDFYUPZXVGIX-UHFFFAOYSA-N,CCCC(C)CCCCO,C9H20O,0,1,10,g,-92.3996,,none,bains:Yaws,row2493,5-methyl-1-octanol,1,1,0.0000,0,0,True,False,False
exp_00129,CGHIBGNXEGJPQZ-UHFFFAOYSA-N,C#CCCCC,C6H10,0,1,6,g,29.2304,,none,bains:NIST-1,row1443,hex-1-yne,1,1,0.0000,0,0,False,False,False
exp_00130,CGKPQMCLTLUAOW-UHFFFAOYSA-N,C1=CC2CC12,C5H6,0,1,5,g,79.8000,,none,bains:Cioslowski,row1297,bicyclo[2.1.0]pent-2-ene,1,1,0.0000,0,0,False,False,False
exp_00131,CGMMPMYKMDITEA-UHFFFAOYSA-N,CCc1ccccc1C(=O)O,C9H10O2,0,1,11,g,-81.4054,,none,bains:Pedley,row2397,2-ethylbenzoic acid,1,1,0.0000,0,0,False,False,False
exp_00132,CGWJMIUMPDDHQC-UHFFFAOYSA-N,CCCC(C)(O)C(C)C,C8H18O,0,1,9,g,-89.5578,,none,bains:Yaws,row2296,"2,3-dimethyl-3-hexanol",1,1,0.0000,0,0,True,False,False
exp_00133,CGZZMOTZOONQIA-UHFFFAOYSA-N,O=C1CCCCCC1,C7H12O,0,1,8,g,-59.1539,,none,bains:Pedley,row1882,cycloheptanone,2,2,0.0539,0,0,False,False,False
exp_00134,CHBAWFGIXDBEBT-UHFFFAOYSA-N,CCCC(C)CCC,C8H18,0,1,8,g,-50.6692,,none,bains:Pedley,row2260,4-methylheptane,2,2,0.0092,0,0,False,False,False
exp_00135,CHVJITGCYZJHLR-UHFFFAOYSA-N,C1=CC=CCC=C1,C7H8,0,1,7,g,44.0679,0.2151,reported,atct,544-25-2*0,Cycloheptatriene,7,7,0.8885,0,0,False,True,False
exp_00136,CIHOLLKRGTVIJN-UHFFFAOYSA-N,CC(C)(C)OO,C4H10O2,0,1,6,g,-58.7715,,none,bains:Pedley,row762,2-hydroperoxy-2-methylpropane,5,5,6.6000,2,0,False,False,True
exp_00137,CIVZBWYMPDUPSQ-UHFFFAOYSA-N,CC(C)C(C)CC(C)(C)O,C9H20O,0,1,10,g,-95.7529,,none,bains:Yaws,row2561,"2,4,5-trimethyl-2-hexanol",1,1,0.0000,0,0,True,False,False
exp_00138,CIWKSGZHZBRQFA-UHFFFAOYSA-N,C=C=CC#CC,C6H6,0,1,6,g,95.0048,0.4063,reported,atct,34783-10-3*0,"1,2-Hexadien-4-yne",1,1,0.0000,0,0,False,False,False
exp_00139,CJGWLHDFPXIKQX-UHFFFAOYSA-N,CCC(C)(C)CC(C)O,C8H18O,0,1,9,g,-89.5578,,none,bains:Yaws,row2304,"4,4-dimethyl-2-hexanol",1,1,0.0000,0,0,True,False,False
exp_00140,CJSITSBWCLTCAP-UHFFFAOYSA-N,C1CCOCOCC1,C6H12O2,0,1,8,g,-80.4971,,none,bains:Pedley,row1530,pentamethylene formal,2,2,0.0029,0,0,False,False,False
exp_00141,CKFGINPQOCXMAZ-UHFFFAOYSA-N,OCO,CH4O2,0,1,3,g,-93.5899,0.1482,reported,atct,463-57-0*0,Methanediol,1,1,0.0000,0,0,False,False,False
exp_00142,CLFSZAMBOZSCOS-UHFFFAOYSA-N,CCCCCC(C)CCO,C9H20O,0,1,10,g,-92.3996,,none,bains:Yaws,row2484,3-methyl-1-octanol,1,1,0.0000,0,0,True,False,False
exp_00143,CLZCPQKGOAXOJT-UHFFFAOYSA-N,CCC(CC)C(C)(C)C,C9H20,0,1,9,g,-55.2820,,none,bains:Yaws,row2477,"2,2-dimethyl-3-ethylpentane",1,1,0.0000,0,0,True,False,False
exp_00144,CMFPYSAYYUSFQC-UHFFFAOYSA-N,CCC(O)C(CC)CO,C7H16O2,0,1,9,g,-119.3595,,none,bains:Yaws,row1988,"2-ethyl-1,3-pentanediol",1,1,0.0000,0,0,True,False,False
exp_00145,CNHDIAIOKMXOLK-UHFFFAOYSA-N,Cc1cc(O)ccc1O,C7H8O2,0,1,9,g,-73.1119,,none,bains:Yaws,row2093,"1,4-dihydroxy-2-methylbenzene",1,1,0.0000,0,0,True,False,False
exp_00146,CNMFHDIDIMZHKY-UHFFFAOYSA-N,COC(=O)C(C)(C)C,C6H12O2,0,1,8,g,-118.1405,,none,bains:Pedley,row1547,methyl pivalate,2,2,4.6595,1,0,False,False,True
exp_00147,CNVKWEINOAGGKG-UHFFFAOYSA-N,O=[N+]([O-])N=c1c([N+](=O)[O-])c1[N+](=O)[O-],C3N4O6,0,1,13,g,135.5163,,none,bains:Add Lit 1,row739,DCPN,1,1,0.0000,0,0,False,False,False
exp_00148,COLNVLDHVKWLRT-QMMMGPOBSA-N,N[C@@H](Cc1ccccc1)C(=O)O,C9H11NO2,0,1,12,g,-74.7849,,none,bains:Pedley,row2400,phenylalanine,2,2,0.0151,0,0,False,False,False
exp_00149,COTNUBDHGSIOTA-UHFFFAOYSA-N,CO.CO,C2H8O2,0,1,4,g,-100.1434,0.3346,reported,atct,42845-44-3*0,Methanol dimer,1,1,0.0000,0,0,False,False,False
exp_00150,CQEYYJKEWSMYFG-UHFFFAOYSA-N,C=CC(=O)OCCCC,C7H12O2,0,1,9,g,-94.4192,,none,bains:Yaws,row1886,butyl acrylate,1,1,0.0000,0,0,True,False,False
exp_00151,CRBJBYGJVIBWIY-UHFFFAOYSA-N,CC(C)c1ccccc1O,C9H12O,0,1,10,g,-43.5468,,none,bains:Pedley,row2407,2-isopropylphenol,1,1,0.0000,0,0,False,False,False
exp_00152,CRPUJAZIXJMDBK-UHFFFAOYSA-N,C=C1C2CCC(C2)C1(C)C,C10H16,0,1,10,g,-6.8356,,none,bains:Yaws,row107,camphene,1,1,0.0000,0,0,True,False,False
exp_00153,CRSOQBOWXPBRES-UHFFFAOYSA-N,CC(C)(C)C,C5H12,0,1,5,g,-39.9474,0.0908,reported,atct,463-82-1*0,neo-Pentane,13,13,0.7400,0,0,False,True,False
exp_00154,CRYATLIDHPPXDV-UHFFFAOYSA-N,C1=COC1,C3H4O,0,1,4,g,12.7390,0.2868,reported,atct,287-25-2*0,2H-Oxete,1,1,0.0000,0,0,False,False,False
exp_00155,CSCPPACGZOOCGX-UHFFFAOYSA-N,CC(C)=O,C3H6O,0,1,4,g,-51.8356,0.0621,reported,atct,67-64-1*0,Acetone,16,16,0.5378,0,0,False,False,False
exp_00156,CSGAUKGQUCHWDP-UHFFFAOYSA-N,CC1(C)CC(O)CC(C)(C)N1O,C9H19NO2,0,1,12,g,-82.4809,,none,bains:Pedley,row2467,"2,2,6,6,tetramethyl-1,4-dihydroxypiperidine",2,2,0.0109,0,0,False,False,False
exp_00157,CTAPFRYPJLPFDF-UHFFFAOYSA-N,c1cnoc1,C3H3NO,0,1,5,g,18.7859,,none,bains:Pedley,row562,isoxazole,3,3,0.8174,0,0,False,False,False
exp_00158,CTLSARLLLBZBRV-UHFFFAOYSA-N,C1=CC2C=CC12,C6H6,0,1,6,g,96.8212,0.4063,reported,atct,5649-95-6*0,Dewar benzene,1,1,0.0000,0,0,False,False,False
exp_00159,CTMHWPIWNRWQEG-UHFFFAOYSA-N,CC1=CCCCC1,C7H12,0,1,7,g,-10.3489,,none,bains:Pedley,row1879,1-methylcyclohexene,4,4,1.1489,1,0,False,False,True
exp_00160,CTQNGGLPUBDAKN-UHFFFAOYSA-N,Cc1ccccc1C,C8H10,0,1,8,g,4.6000,,none,bains:Cioslowski,row2117,o-xylene,6,6,1.1500,0,0,False,False,False
exp_00161,CUFNKYGDVFVPHO-UHFFFAOYSA-N,c1ccc2cccc-2cc1,C10H8,0,1,10,g,69.1000,,none,bains:Cioslowski,row218,azulene,3,3,6.5672,2,0,False,False,True
exp_00162,CUHMMDPUXJFCNB-UHFFFAOYSA-N,CCC(C)(C)N(C)C,C7H17N,0,1,8,g,-30.8389,,none,bains:Yaws,row2014,"dimethyl-1,1-dimethylpropylamine",1,1,0.0000,0,0,True,False,False
exp_00163,CUMCMYMKECWGHO-UHFFFAOYSA-N,Cc1ccon1,C4H5NO,0,1,6,g,8.5206,0.1601,reported,rmg:CCCBDB,3-Methylisoxazole,3-Methylisoxazole,3,3,3.7206,1,0,False,False,True
exp_00164,CUONGYYJJVDODC-UHFFFAOYSA-N,N#CCC#N,C3H2N2,0,1,5,g,63.6472,0.2390,reported,rmg:CCCBDB,Malononitrile,Malononitrile,5,5,0.1912,0,0,False,False,False
exp_00165,CURLTUGMZLYLDI-UHFFFAOYSA-N,O=C=O,CO2,0,1,3,g,-94.0433,0.0036,reported,atct,124-38-9*0,Carbon dioxide,16,16,0.0630,0,0,False,True,False
exp_00166,CWRYPZZKDGJXCA-UHFFFAOYSA-N,c1cc2c3c(cccc3c1)CC2,C12H10,0,1,12,g,37.3000,,none,bains:Cioslowski,row241,"1,2-dihydroacenaphthylene",1,1,0.0000,0,0,False,False,False
exp_00167,CXBDYQVECUFKRK-UHFFFAOYSA-N,CCCCOC,C5H12O,0,1,6,g,-61.6874,,none,bains:Pedley,row1233,1-methoxybutane,2,2,0.0000,0,0,False,False,False
exp_00168,CXHHBNMLPJOKQD-UHFFFAOYSA-N,COC(=O)O,C2H4O3,0,1,5,g,-141.4436,0.2079,reported,atct,7456-87-3*0,Methyl hydrocarbonate,1,1,0.0000,0,0,False,False,False
exp_00169,CXOWYJMDMMMMJO-UHFFFAOYSA-N,CCCC(C)(C)C,C7H16,0,1,7,g,-49.2113,,none,bains:Pedley,row1965,"2,2-dimethylpentane",5,5,0.5726,0,0,False,False,False
exp_00170,CXOZQHPXKPDQGT-UHFFFAOYSA-N,CC1C=CCC1,C6H10,0,1,6,g,1.7686,,none,bains:Pedley,row1453,3-methylcyclopent-1-ene,5,5,0.5521,0,0,False,False,False
exp_00171,CYVMBANVYOZFIG-UHFFFAOYSA-N,CCC(CO)CCO,C6H14O2,0,1,8,g,-112.8346,,none,bains:Yaws,row1645,"2-ethyl-1,4-butanediol",1,1,0.0000,0,0,True,False,False
exp_00172,CZLMRJZAHXYRIX-UHFFFAOYSA-N,C1CCOCOC1,C5H10O2,0,1,7,g,-82.8394,,none,bains:Pedley,row1169,tetramethylene formal,2,2,0.0394,0,0,False,False,False
exp_00173,CZPWVGJYEJSRLH-UHFFFAOYSA-N,c1cncnc1,C4H4N2,0,1,6,g,47.0000,,none,bains:Cioslowski,row824,pyrimidine,7,7,0.2027,0,0,False,True,False
exp_00174,DAGPKYGPLKMJEJ-UHFFFAOYSA-N,C=CCCC(=O)OC(C)C,C8H14O2,0,1,10,g,-99.7132,,none,bains:Pedley,row2167,isopropyl 4-pentenoate,2,2,0.0132,0,0,False,False,False
exp_00175,DAZXVJBJRMWXJP-UHFFFAOYSA-N,CCN(C)C,C4H11N,0,1,5,g,-11.9503,,none,bains:Yaws,row794,dimethylethylamine,1,1,0.0000,0,0,True,False,False
exp_00176,DBCCRNKDJIOKIO-UHFFFAOYSA-N,CC(C(C)(C)C)C(C)(C)O,C9H20O,0,1,10,g,-96.5822,,none,bains:Yaws,row2564,"2,3,4,4-tetramethyl-2-pentanol",1,1,0.0000,0,0,True,False,False
exp_00177,DBTGFWMBFZBBEF-UHFFFAOYSA-N,CC(C)(O)CC(C)(C)O,C7H16O2,0,1,9,g,-127.1033,,none,bains:Yaws,row1997,"2,4-dimethyl-2,4-pentanediol",1,1,0.0000,0,0,True,False,False
exp_00178,DBULLUBYDONGLT-UHFFFAOYSA-N,CCCCCC(C)(C)CC,C10H22,0,1,10,g,-62.6697,,none,bains:Yaws,row149,"3,3-dimethyloctane",1,1,0.0000,0,0,True,False,False
exp_00179,DBWWINQJTZYDFK-UHFFFAOYSA-N,C=Cc1cc(C)ccc1C,C10H12,0,1,10,g,21.3408,,none,bains:Yaws,row77,"2,5-dimethylstyrene",1,1,0.0000,0,0,True,False,False
exp_00180,DCEHVBLXWODXCW-UHFFFAOYSA-N,CCC(C)C1CCCC1,C9H18,0,1,9,g,-41.5607,,none,bains:Yaws,row2440,sec-butylcyclopentane,1,1,0.0000,0,0,True,False,False
exp_00181,DCKVNWZUADLDEH-UHFFFAOYSA-N,CCC(C)OC(C)=O,C6H12O2,0,1,8,g,-120.4111,,none,bains:Yaws,row1536,sec-butyl acetate,1,1,0.0000,0,0,True,False,False
exp_00182,DCTMXCOHGKSXIZ-UHFFFAOYSA-N,CCCCCC(O)CCO,C8H18O2,0,1,10,g,-123.8504,,none,bains:Yaws,row2319,"1,3-octanediol",1,1,0.0000,0,0,True,False,False
exp_00183,DEPDXIXAMMDTBV-UHFFFAOYSA-N,CCC(CO)CCCO,C7H16O2,0,1,9,g,-117.8059,,none,bains:Yaws,row1987,"2-ethyl-1,5-pentanediol",1,1,0.0000,0,0,True,False,False
exp_00184,DFHLCCWFLMSKJI-UHFFFAOYSA-N,CCC([N+](=O)[O-])[N+](=O)[O-],C3H6N2O4,0,1,9,g,-24.0679,,none,bains:Pedley,row657,"1,1-Dinitropropane",4,4,1.8197,3,0,False,True,True
exp_00185,DFOXKPDFWGNLJU-UHFFFAOYSA-N,CC(O)C(C)(C)C,C6H14O,0,1,7,g,-81.9312,,none,bains:Yaws,row1640,"3,3-dimethyl-2-butanol",1,1,0.0000,0,0,True,False,False
exp_00186,DFSFLZCLKYZYRD-UHFFFAOYSA-N,CCOc1c(OCC)c(=O)c1=O,C8H10O4,0,1,12,g,-114.3642,,none,bains:Pedley,row2133,"3,4-diethoxy-3-cyclobutene-1,2-dione",1,1,0.0000,0,0,False,False,False
exp_00187,DGEMPTLPTFNEHJ-UHFFFAOYSA-N,CCC(CC)CCC(C)C,C10H22,0,1,10,g,-61.7208,,none,bains:Yaws,row139,5-ethyl-2-methylheptane,1,1,0.0000,0,0,True,False,False
exp_00188,DGMIPKNXUDSQGI-UHFFFAOYSA-N,CC(C)(C)COC=O,C6H12O2,0,1,8,g,-111.1377,,none,bains:Yaws,row1546,"2,2-dimethylpropyl formate",1,1,0.0000,0,0,True,False,False
exp_00189,DGZUEIPKRRSMGK-UHFFFAOYSA-N,C1C2C3C2C2C1C32,C7H8,0,1,7,g,81.0000,,none,bains:Cioslowski,row2079,"tetracyclo[3.2.0.02,7.04,6]heptane",2,2,0.0468,0,0,False,False,False
exp_00190,DHKHKXVYLBGOIT-UHFFFAOYSA-N,CCOC(C)OCC,C6H14O2,0,1,8,g,-108.3891,,none,bains:Pedley,row1650,acetal,2,2,0.0000,0,0,False,False,False
exp_00191,DHLUJPLHLZJUBW-UHFFFAOYSA-N,Cc1ccc(O)cn1,C6H7NO,0,1,8,g,-16.6826,,none,bains:Pedley,row1806,2-methyl-5-hydroxypyridine,1,1,0.0000,0,0,False,False,False
exp_00192,DHMQDGOQFOQNFH-UHFFFAOYSA-N,NCC(=O)O,C2H5NO2,0,1,5,g,-94.3332,0.1315,reported,atct,56-40-6*0,Glycine,8,8,2.4683,2,0,False,True,True
exp_00193,DHNHHYWBZNQHGN-UHFFFAOYSA-N,CCCC(C)(O)C(C)(C)C,C9H20O,0,1,10,g,-95.3203,,none,bains:Yaws,row2542,"2,2,3-trimethyl-3-hexanol",1,1,0.0000,0,0,True,False,False
exp_00194,DHPRWWYQIUXCQM-UHFFFAOYSA-N,CC(C)([N+](=O)[O-])[N+](=O)[O-],C3H6N2O4,0,1,9,g,-26.9871,,none,bains:Winget,row658,"2,2-Dinitropropane",2,2,0.0000,0,0,False,True,False
exp_00195,DHXVGJBLRPWPCS-UHFFFAOYSA-N,C1CCOCC1,C5H10O,0,1,6,g,-53.4990,0.2390,reported,rmg:CCCBDB,Tetrahydro-2H-pyran,Tetrahydro-2H-pyran,11,11,2.9000,1,0,False,False,True
exp_00196,DIIIISSCIXVANO-UHFFFAOYSA-N,CNNC,C2H8N2,0,1,4,g,21.9885,,none,bains:Pedley,row503,"1,2- Dimethyl hydrazine",4,4,0.0015,0,0,False,True,False
exp_00197,DIOQZVSQGTUSAI-UHFFFAOYSA-N,CCCCCCCCCC,C10H22,0,1,10,g,-59.5244,0.1793,reported,atct,124-18-5*0,n-Decane,2,2,0.1076,0,0,False,False,False
exp_00198,DIVBBSLQUDHECU-UHFFFAOYSA-N,CCCCCC(O)C(C)C,C9H20O,0,1,10,g,-93.6616,,none,bains:Yaws,row2498,2-methyl-3-octanol,1,1,0.0000,0,0,True,False,False
exp_00199,DJEQZVQFEPKLOY-UHFFFAOYSA-N,CCCCN(C)C,C6H15N,0,1,7,g,-21.8929,,none,bains:Yaws,row1699,dimethylbutylamine,1,1,0.0000,0,0,True,False,False
exp_00200,DKAYNMHLFXEGPT-UHFFFAOYSA-N,C1=CC2CC2=C1,C6H6,0,1,6,g,93.4273,0.5258,reported,atct,28425-23-2*0,"Bicyclo[3.1.0]hexa-1,3-diene",1,1,0.0000,0,0,False,False,False
exp_00201,DKGAVHZHDRPRBM-UHFFFAOYSA-N,CC(C)(C)O,C4H10O,0,1,5,g,-74.5937,0.4541,reported,atct,75-65-0*0,2-Methyl-2-propanol,10,10,0.7887,0,0,False,False,False
exp_00202,DKPFZGUDAPQIHT-UHFFFAOYSA-N,CCCCOC(C)=O,C6H12O2,0,1,8,g,-116.0612,,none,bains:Pedley,row1532,butyl acetate,3,3,0.1105,0,0,False,False,False
exp_00203,DLDJFQGPPSQZKI-UHFFFAOYSA-N,OCC#CCO,C4H6O2,0,1,6,g,-37.0459,,none,bains:Yaws,row872,"2-butyne-1,4-diol",1,1,0.0000,0,0,True,False,False
exp_00204,DLFVBJFMPXGRIB-UHFFFAOYSA-N,CC(N)=O,C2H5NO,0,1,4,g,-56.6778,0.1338,reported,atct,60-35-5*0,Acetamide,6,6,0.3222,0,0,False,False,False
exp_00205,DLRJIFUOBPOJNS-UHFFFAOYSA-N,CCOc1ccccc1,C8H10O,0,1,9,g,-24.2830,,none,bains:Pedley,row2121,ethyl phenyl ether,2,2,2.0170,1,0,False,False,True
exp_00206,DMEGYFMYUHOHGS-UHFFFAOYSA-N,C1CCCCCC1,C7H14,0,1,7,g,-28.1788,0.1243,reported,atct,291-64-5*0,Cycloheptane,7,7,0.5212,0,0,False,False,False
exp_00207,DMLAVOWQYNRWNQ-YPKPFQOOSA-N,c1ccc(/N=N\c2ccccc2)cc1,C12H10N2,0,1,14,g,107.7000,,none,bains:Cioslowski,row245,"(Z)-1,2-diphenyldiazene",1,1,0.0000,0,0,False,False,False
exp_00208,DNIAPMSPPWPWGF-UHFFFAOYSA-N,CC(O)CO,C3H8O2,0,1,5,g,-100.6931,,none,bains:Pedley,row706,"1,2-propane diol",2,2,3.9369,1,0,False,False,True
exp_00209,DNSISZSEWVHGLH-UHFFFAOYSA-N,CCCC(N)=O,C4H9NO,0,1,6,g,-66.7232,0.2103,reported,rmg:CCCBDB,Butanamide,Butanamide,4,4,0.2318,0,0,False,False,False
exp_00210,DOIJUTUOUQGQPQ-UHFFFAOYSA-N,[C-]#[N+]N,CH2N2,0,1,3,g,77.1033,0.3585,reported,atct,4702-38-9*0,Isocyanamide,1,1,0.0000,0,0,False,False,False
exp_00211,DOYJTLUPPPUSMD-UHFFFAOYSA-N,CCCC(C)C(C)CCC,C10H22,0,1,10,g,-60.5593,,none,bains:Yaws,row150,"4,5-dimethyloctane",1,1,0.0000,0,0,True,False,False
exp_00212,DPGQSDLGKGLNHC-UHFFFAOYSA-N,CCC1(CC)CCCC1,C9H18,0,1,9,g,-36.6563,,none,bains:Yaws,row2443,"1,1-diethylcyclopentane",1,1,0.0000,0,0,True,False,False
exp_00213,DPJCXCZTLWNFOH-UHFFFAOYSA-N,Nc1ccccc1[N+](=O)[O-],C6H6N2O2,0,1,10,g,15.2486,,none,bains:Pedley,row1789,o-nitroaniline,2,2,0.0486,0,0,False,False,False
exp_00214,DPZNOMCNRMUKPS-UHFFFAOYSA-N,COc1cccc(OC)c1,C8H10O2,0,1,10,g,-53.3700,,none,bains:Pedley,row2129,"1,3-dimethoxybenzene",1,1,0.0000,0,0,False,False,False
exp_00215,DQQNMIPXXNPGCV-UHFFFAOYSA-N,CCC#CCC,C6H10,0,1,6,g,25.1912,,none,bains:NIST-1,row1446,hex-3-yne,1,1,0.0000,0,0,False,False,False
exp_00216,DRWDWIMYUGHJBR-DTWKUNHWSA-N,CC[C@]1(C)CCC[C@@H]1C,C9H18,0,1,9,g,-41.5177,,none,bains:Yaws,row2447,"1,cis-2-dimethyl-1-ethylcyclopentane",1,1,0.0000,0,0,True,False,False
exp_00217,DSNHSQKRULAAEI-UHFFFAOYSA-N,CCc1ccc(CC)cc1,C10H14,0,1,10,g,-4.8685,,none,bains:Yaws,row87,p-diethylbenzene,1,1,0.0000,0,0,True,False,False
exp_00218,DSSAZLXYIQIXGW-UHFFFAOYSA-N,CCC(CC)(CC)C(C)C,C10H22,0,1,10,g,-59.4909,,none,bains:Yaws,row163,"3,3-diethyl-2-methylpentane",1,1,0.0000,0,0,True,False,False
exp_00219,DSSKLTAHHALFRW-UHFFFAOYSA-N,C1CCC(N2CCCCC2)CC1,C11H21N,0,1,12,g,-27.1033,,none,bains:Pedley,row236,1-cyclohexylpiperidine,1,1,0.0000,0,0,False,False,False
exp_00220,DSSYKIVIOFKYAU-UHFFFAOYSA-N,CC12CCC(CC1=O)C2(C)C,C10H16O,0,1,11,g,-63.9340,,none,bains:Pedley,row115,camphor,1,1,0.0000,0,0,False,False,False
exp_00221,DUFKCOQISQKSAV-UHFFFAOYSA-N,CC(O)COC(C)CO,C6H14O3,0,1,9,g,-150.0956,,none,bains:Yaws,row1664,dipropylene glycol,1,1,0.0000,0,0,True,False,False
exp_00222,DUGZCTGTSJAPCV-UHFFFAOYSA-N,CCC(CC)C(C)(O)CC,C9H20O,0,1,10,g,-94.4909,,none,bains:Yaws,row2534,3-methyl-4-ethyl-3-hexanol,1,1,0.0000,0,0,True,False,False
exp_00223,DUPUVYJQZSLSJB-UHFFFAOYSA-N,CCC(CC)C(C)C,C8H18,0,1,8,g,-50.4302,,none,bains:Pedley,row2268,2-methyl-3-ethylpentane,2,2,0.0098,0,0,False,False,False
exp_00224,DURPTKYDGMDSBL-UHFFFAOYSA-N,CCCCOCCCC,C8H18O,0,1,9,g,-79.6845,,none,bains:Pedley,row2282,dibutyl ether,4,4,0.2550,0,0,False,False,False
exp_00225,DUXCSEISVMREAX-UHFFFAOYSA-N,CC(C)(C)CCO,C6H14O,0,1,7,g,-80.0669,,none,bains:Yaws,row1642,"3,3-dimethyl-1-butanol",1,1,0.0000,0,0,True,False,False
exp_00226,DXSUORGKJZADET-UHFFFAOYSA-N,CC(N)C(C)(C)C,C6H15N,0,1,7,g,-36.5918,,none,bains:Yaws,row1708,"2-amino-3,3-dimethyl butane",1,1,0.0000,0,0,True,False,False
exp_00227,DXWCZMGIIFEEPU-OWOJBTEDSA-N,O=C/C=C/c1ccc([N+](=O)[O-])o1,C7H5NO4,0,1,12,g,-15.4398,,none,bains:Pedley,row2047,3-(5-nitro-2-furyl)-2-propenal,1,1,0.0000,0,0,False,False,False
exp_00228,DXXCMAAACWSRPE-UHFFFAOYSA-N,CCCC(C)C(CC)CO,C9H20O,0,1,10,g,-93.6616,,none,bains:Yaws,row2509,3-methyl-2-ethyl-1-hexanol,1,1,0.0000,0,0,True,False,False
exp_00229,DYBUYNXFWDRGMW-UHFFFAOYSA-N,C=CC(=C)O,C4H6O,0,1,5,g,-16.3002,0.3585,reported,atct,59120-04-6*0,"1,3-Butadien-2-ol",1,1,0.0000,0,0,False,False,False
exp_00230,DZBUGLKDJFMEHC-UHFFFAOYSA-N,c1ccc2nc3ccccc3cc2c1,C13H9N,0,1,14,g,65.5000,,none,bains:Cioslowski,row274,acridine,1,1,0.0000,0,0,False,False,False
exp_00231,DZJTZGHZAWTWGA-UHFFFAOYSA-N,CCC(C)CC(C)CC,C9H20,0,1,9,g,-57.0985,,none,bains:Yaws,row2474,"3,5-dimethylheptane",1,1,0.0000,0,0,True,False,False
exp_00232,FAGLEPBREOXSAC-UHFFFAOYSA-N,[C-]#[N+]C(C)(C)C,C5H9N,0,1,6,g,9.5602,,none,bains:Yaws,row1424,tert-butyl isocyanide,1,1,0.0000,0,0,True,False,False
exp_00233,FBUKVWPVBMHYJY-UHFFFAOYSA-N,CCCCCCCCC(=O)O,C9H18O2,0,1,11,g,-137.9780,,none,bains:Pedley,row2458,nonanoic acid,4,4,0.9700,0,0,False,False,False
exp_00234,FBYQIYSAUFWXQK-UHFFFAOYSA-N,Cc1cc(-c2ccccc2)on1,C10H9NO,0,1,12,g,24.4742,,none,bains:Pedley,row226,3-methyl-5-phenyl-isoxazole,2,2,1.0258,1,0,False,False,True
exp_00235,FCBBRODPXVPZAH-UHFFFAOYSA-N,CCCCC(O)CCCC,C9H20O,0,1,10,g,-92.3996,,none,bains:Yaws,row2490,5-nonanol,1,1,0.0000,0,0,True,False,False
exp_00236,FCUOIGTWJDBTHR-UHFFFAOYSA-N,CCC(C)(C)C(C)O,C7H16O,0,1,8,g,-84.6248,,none,bains:Yaws,row1979,"3,3-dimethyl-2-pentanol",1,1,0.0000,0,0,True,False,False
exp_00237,FDPIMTJIUBPUKL-UHFFFAOYSA-N,CCC(=O)CC,C5H10O,0,1,6,g,-61.6396,,none,bains:Pedley,row1160,pentan-3-one,7,7,1.6969,1,0,False,False,True
exp_00238,FEOFWXBYTMJIBA-UHFFFAOYSA-N,CCCCN(C(C)=O)C(C)=O,C8H15NO2,0,1,11,g,-113.4082,,none,bains:Pedley,row2189,N-butyldiacetimide,2,2,0.0382,0,0,False,False,False
exp_00239,FERIUCNNQQJTOY-UHFFFAOYSA-N,CCCC(=O)O,C4H8O2,0,1,6,g,-113.7189,,none,bains:Pedley,row1023,butyric acid,5,5,1.3428,1,0,False,False,True
exp_00240,FEWJPZIEWOKRBE-UHFFFAOYSA-N,O=C(O)C(O)C(O)C(=O)O,C4H6O6,0,1,10,g,-277.2467,,none,bains:Yaws,row883,tartaric acid,1,1,0.0000,0,0,True,False,False
exp_00241,FEZKAPRRVNNJTK-UHFFFAOYSA-N,C=CC(C)CC(C)C,C8H16,0,1,8,g,-23.1597,,none,bains:Yaws,row2208,"3,5-dimethyl-1-hexene",1,1,0.0000,0,0,True,False,False
exp_00242,FFHWGQQFANVOHV-UHFFFAOYSA-N,CC1(C)OO1,C3H6O2,0,1,5,g,-25.8126,0.3107,reported,atct,74087-85-7*0,Dimethyldioxirane,1,1,0.0000,0,0,False,False,False
exp_00243,FFSAXUULYPJSKH-UHFFFAOYSA-N,CCCC(=O)c1ccccc1,C10H12O,0,1,11,g,-30.6405,,none,bains:Pedley,row79,n-propyl phenyl ketone,2,2,0.0105,0,0,False,False,False
exp_00244,FGLBSLMDCBOPQK-UHFFFAOYSA-N,CC(C)[N+](=O)[O-],C3H7NO2,0,1,6,g,-33.2218,,none,bains:Pedley,row693,2-Nitropropane,6,6,0.7059,0,0,False,True,False
exp_00245,FGQLGYBGTRHODR-UHFFFAOYSA-N,CCOC(C)(C)OCC,C7H16O2,0,1,9,g,-121.0803,,none,bains:Pedley,row1996,"2,2-diethoxypropane",1,1,0.0000,0,0,False,False,False
exp_00246,FHFSVDXYQFWKPC-UHFFFAOYSA-N,CC12CCCCC1C2,C8H14,0,1,8,g,-4.9713,,none,bains:Pedley,row2157,1-methylbicyclo[4.1.0]heptane,2,2,0.0037,0,0,False,False,False
exp_00247,FHHSSXNRVNXTBG-VOTSOKGWSA-N,CC/C=C(\C)CC,C7H14,0,1,7,g,-18.3556,,none,bains:Pedley,row1911,3-methyl-trans-3-hexene,2,2,0.0044,0,0,False,False,False
exp_00248,FHJCGIUZJXWNET-UHFFFAOYSA-N,CC(C)CCCC(C)(C)C,C10H22,0,1,10,g,-65.6405,,none,bains:Yaws,row203,"2,2,6-trimethylheptane",1,1,0.0000,0,0,True,False,False
exp_00249,FICAQKBMCKEFDI-UHFFFAOYSA-N,Cc1cc(C)on1,C5H7NO,0,1,7,g,-4.2782,,none,bains:Pedley,row1312,"3,5-dimethylisoxazole",2,2,0.0218,0,0,False,False,False
exp_00250,FJDUDHYHRVPMJZ-UHFFFAOYSA-N,CCCCCCCCCN,C9H21N,0,1,10,g,-46.6539,,none,bains:Yaws,row2587,nonylamine,1,1,0.0000,0,0,True,False,False
exp_00251,FJGIHZCEZAZPSP-UHFFFAOYSA-N,C12C3C1C23,C4H4,0,1,4,g,128.8958,0.2151,reported,atct,157-39-1*0,Tetrahedrane,1,1,0.0000,0,0,False,False,False
exp_00252,FJJYHTVHBVXEEQ-UHFFFAOYSA-N,CC(C)(C)C=O,C5H10O,0,1,6,g,-59.6558,,none,bains:Yaws,row1165,"2,2-dimethylpropanal",1,1,0.0000,0,0,True,False,False
exp_00253,FJKIXWOMBXYWOQ-UHFFFAOYSA-N,C=COCC,C4H8O,0,1,5,g,-32.5526,0.3585,reported,atct,109-92-2*0,Ethoxyethene,10,10,1.2274,5,0,False,False,True
exp_00254,FJSKXQVRKZTKSI-UHFFFAOYSA-N,Cc1ccoc1C,C6H8O,0,1,7,g,-23.3987,,none,bains:Yaws,row1820,"2,3-dimethylfuran",1,1,0.0000,0,0,True,False,False
exp_00255,FJXOYCIYKQJAAF-UHFFFAOYSA-N,CCC(C)C(C)(O)CC,C8H18O,0,1,9,g,-89.5578,,none,bains:Yaws,row2298,"3,4-dimethyl-3-hexanol",1,1,0.0000,0,0,True,False,False
exp_00256,FKNQCJSGGFJEIZ-UHFFFAOYSA-N,Cc1ccncc1,C6H7N,0,1,7,g,24.8805,,none,bains:Pedley,row1799,4-methylpyridine,2,2,0.4705,0,0,False,False,False
exp_00257,FKPXGNGUVSHWQQ-UHFFFAOYSA-N,Cc1cc(N)no1,C4H6N2O,0,1,7,g,4.7084,,none,bains:Pedley,row857,3-amino-5-methylisoxazole,1,1,0.0000,0,0,False,False,False
exp_00258,FKRCODPIKNYEAC-UHFFFAOYSA-N,CCOC(=O)CC,C5H10O2,0,1,7,g,-110.8031,,none,bains:Pedley,row1172,ethyl propanoate,3,3,9.1031,1,0,False,False,True
exp_00259,FLPDORWCAUCCTA-UHFFFAOYSA-N,C=C=C1C=CC1,C6H6,0,1,6,g,93.8098,0.5497,reported,atct,813466-23-8*0,3-Ethenylidenecyclobutene,1,1,0.0000,0,0,False,False,False
exp_00260,FLTJDUOFAQWHDF-UHFFFAOYSA-N,CCCCC(C)(C)C,C8H18,0,1,8,g,-53.6807,,none,bains:Pedley,row2262,"2,2-dimethylhexane",3,3,0.0007,0,0,False,False,False
exp_00261,FMLSQAUAAGVTJO-UHFFFAOYSA-N,CC(C)CC(C)(C)O,C7H16O,0,1,8,g,-84.6248,,none,bains:Yaws,row1982,"2,4-dimethyl-2-pentanol",1,1,0.0000,0,0,True,False,False
exp_00262,FMNLVKMLDPGPRY-ALCCZGGFSA-N,C/C=C(/C)C(C)CC,C8H16,0,1,8,g,-26.2189,,none,bains:Yaws,row2203,"3,4-dimethyl-cis-2-hexene",1,1,0.0000,0,0,True,False,False
exp_00263,FNYDIAAMUCQQDE-UHFFFAOYSA-N,Cc1ccc(O)cc1O,C7H8O2,0,1,9,g,-73.1119,,none,bains:Yaws,row2089,"1,3-dihydroxy-4-methylbenzene",1,1,0.0000,0,0,True,False,False
exp_00264,FOALCTWKQSWRST-UHFFFAOYSA-N,CC#CC(C)(C)C,C7H12,0,1,7,g,15.2008,,none,bains:Yaws,row1865,"4,4-dimethyl-2-pentyne",1,1,0.0000,0,0,True,False,False
exp_00265,FONFXXNTLGAHGI-UHFFFAOYSA-N,CC1(C)C=CCC1,C7H12,0,1,7,g,-5.0430,,none,bains:Yaws,row1875,"3,3-dimethylcyclopentene",1,1,0.0000,0,0,True,False,False
exp_00266,FONOSWYYBCBQGN-UHFFFAOYSA-N,O=C=C=O,C2O2,0,1,4,g,4.0631,0.2868,reported,atct,4363-38-6*0,Ethenedione,1,1,0.0000,0,0,False,False,False
exp_00267,FOSDKQXKZPWNNK-UHFFFAOYSA-N,[C-]#[N+]C=C,C3H3N,0,1,4,g,66.6396,0.2199,reported,atct,14668-82-7*0,Isocyanoethene,1,1,0.0000,0,0,False,False,False
exp_00268,FOWDOWQYRZXQDP-UHFFFAOYSA-N,OC1C2CC3CC(C2)CC1C3,C10H16O,0,1,11,g,-71.5344,,none,bains:Pedley,row113,adamantan-2-ol,1,1,0.0000,0,0,False,False,False
exp_00269,FPCAUUABCRPODB-UHFFFAOYSA-N,C#CC=C=C,C5H4,0,1,5,g,104.3642,0.2318,reported,atct,33555-85-0*0,"1,2-Pentadien-4-yne",1,1,0.0000,0,0,False,False,False
exp_00270,FPYJFEHAWHCUMM-UHFFFAOYSA-N,O=C1C=CC(=O)O1,C4H2O3,0,1,7,g,-95.1960,,none,bains:Pedley,row818,Maleic anhydride,7,7,0.3000,0,0,False,True,False
exp_00271,FQPSGWSUVKBHSU-UHFFFAOYSA-N,C=C(C)C(N)=O,C4H7NO,0,1,6,g,-37.6912,,none,bains:NIST-1,row964,methacrylamide,1,1,0.0000,0,0,False,False,False
exp_00272,FQTCUKQMGGJRCU-UHFFFAOYSA-N,CC(=O)N(C(C)=O)C(C)=O,C6H9NO3,0,1,10,g,-131.4771,,none,bains:Pedley,row1835,"N,N-diacetylacetamide",1,1,0.0000,0,0,False,False,False
exp_00273,FRASJONUBLZVQX-UHFFFAOYSA-N,O=C1C=CC(=O)c2ccccc21,C10H6O2,0,1,12,g,-26.5296,,none,bains:Pedley,row213,"1,4-naphthoquinone",2,2,0.0296,0,0,False,False,False
exp_00274,FSBLVBBRXSCOKU-UHFFFAOYSA-N,[C-]#[N+]CCCC,C5H9N,0,1,6,g,9.5602,,none,bains:Yaws,row1420,butyl isocyanide,1,1,0.0000,0,0,True,False,False
exp_00275,FSTRNYPZAMXNTC-UHFFFAOYSA-N,C=CCCC(=O)OCCCC,C9H16O2,0,1,11,g,-102.0793,,none,bains:Pedley,row2419,n-butyl 4-pentenoate,2,2,0.8793,0,0,False,False,False
exp_00276,FSYKKLYZXJSNPZ-UHFFFAOYSA-N,CNCC(=O)O,C3H7NO2,0,1,6,g,-87.7868,,none,bains:Pedley,row694,methylglycine,2,2,0.0239,0,0,False,False,False
exp_00277,FTAHXMZRJCZXDL-UHFFFAOYSA-N,C1=CCNCC1,C5H9N,0,1,6,g,7.1702,,none,bains:NIST-1,row1419,"1,2,3,6-tetrahydropyridine",1,1,0.0000,0,0,False,False,False
exp_00278,FTNJQNQLEGKTGD-UHFFFAOYSA-N,c1ccc2c(c1)OCO2,C7H6O2,0,1,9,g,-34.1061,,none,bains:Pedley,row2054,methylenedioxybenzene,1,1,0.0000,0,0,False,False,False
exp_00279,FUBFWTUFPGFHOJ-UHFFFAOYSA-N,O=[N+]([O-])c1ccco1,C4H3NO3,0,1,8,g,-6.8834,,none,bains:Pedley,row821,2-nitrofuran,1,1,0.0000,0,0,False,False,False
exp_00280,FUIRUFXAVIHAQB-UHFFFAOYSA-N,CN(C)CC(C)(C)C,C7H17N,0,1,8,g,-30.8389,,none,bains:Yaws,row2016,"dimethyl-2,2-dimethylpropylamine",1,1,0.0000,0,0,True,False,False
exp_00281,FUSUHKVFWTUUBE-UHFFFAOYSA-N,C=CC(C)=O,C4H6O,0,1,5,g,-26.4890,0.2032,reported,atct,78-94-4*0,3-Buten-2-one,2,2,0.9967,0,0,False,False,False
exp_00282,FUZZWVXGSFPDMH-UHFFFAOYSA-N,CCCCCC(=O)O,C6H12O2,0,1,8,g,-122.3470,,none,bains:Pedley,row1529,hexanoic acid,4,4,0.6530,0,0,False,False,False
exp_00283,FVAHHPPJYLVIIC-UHFFFAOYSA-N,CC1COCC1C,C6H12O,0,1,7,g,-61.9097,,none,bains:Yaws,row1524,"3,4-dimethyltetrahydrofuran",1,1,0.0000,0,0,True,False,False
exp_00284,FVCOIAYSJZGECG-UHFFFAOYSA-N,CCN(O)CC,C4H11NO,0,1,6,g,-29.1037,0.1745,reported,rmg:CCCBDB,Diethylhydroxylamine,Diethylhydroxylamine,2,2,0.0000,0,0,False,False,False
exp_00285,FVSKHRXBFJPNKK-UHFFFAOYSA-N,CCC#N,C3H5N,0,1,4,g,12.3088,,none,bains:Pedley,row628,propiononitrile,4,4,0.2146,0,0,False,True,False
exp_00286,FWBCYOHCOBOARU-UHFFFAOYSA-N,CC(C)C(C)N(C)C,C7H17N,0,1,8,g,-30.0096,,none,bains:Yaws,row2013,"dimethyl-1,2-dimethylpropylamine",1,1,0.0000,0,0,True,False,False
exp_00287,FWLKYEAOOIPJRL-UHFFFAOYSA-N,CC#CO,C3H4O,0,1,4,g,13.7189,0.2629,reported,atct,6175-54-8*0,Propyn-1-ol,1,1,0.0000,0,0,False,False,False
exp_00288,FWMRUAODTCVEQK-UHFFFAOYSA-N,CC1CC=CC1,C6H10,0,1,6,g,3.4895,,none,bains:Pedley,row1454,4-methylcyclopent-1-ene,3,3,0.0956,0,0,False,False,False
exp_00289,FWZUNOYOVVKUNF-UHFFFAOYSA-N,C=CCOC(C)=O,C5H8O2,0,1,7,g,-79.8279,,none,bains:Yaws,row1342,allyl acetate,1,1,0.0000,0,0,True,False,False
exp_00290,FXHGMKSSBGDXIY-UHFFFAOYSA-N,CCCCCCC=O,C7H14O,0,1,8,g,-63.0497,,none,bains:Pedley,row1934,heptanal,2,2,0.0503,0,0,False,False,False
exp_00291,FXHOOIRPVKKKFG-UHFFFAOYSA-N,CC(=O)N(C)C,C4H9NO,0,1,6,g,-53.7763,,none,bains:Yaws,row1053,"N,N-dimethylacetamide",1,1,0.0000,0,0,True,False,False
exp_00292,FXLOVSHXALFLKQ-UHFFFAOYSA-N,Cc1ccc(C=O)cc1,C8H8O,0,1,9,g,-17.2562,0.2868,reported,atct,104-87-0*0,p-Tolualdehyde,1,1,0.0000,0,0,False,False,False
exp_00293,FXNCVLAYFNWLQV-UHFFFAOYSA-N,O=[N+]([O-])N=C=N[N+](=O)[O-],CN4O4,0,1,9,g,87.3327,,none,bains:Add Lit 1,row2766,"N,N'-methanediylidenedinitramide",1,1,0.0000,0,0,False,False,False
exp_00294,FXNDIJDIPNCZQJ-UHFFFAOYSA-N,C=C(C)CC(C)(C)C,C8H16,0,1,8,g,-26.4340,,none,bains:Pedley,row2218,"2,4,4-trimethyl-1-pentene",5,5,1.8500,1,0,False,False,True
exp_00295,FYECUAIUGWFPJF-UHFFFAOYSA-N,C1CCCC2CC2CC1,C9H16,0,1,9,g,-7.3900,,none,bains:Cox-1,row2415,"bicyclo[6,1,0]nonane",1,1,0.0000,0,0,False,False,False
exp_00296,FZENGILVLUJGJX-NSCUHMNNSA-N,C/C=N/O,C2H5NO,0,1,4,g,-5.3896,,none,bains:NIST-1,row459,(E)-acetaldehyde oxime,1,1,0.0000,0,0,False,False,False
exp_00297,FZENGILVLUJGJX-UHFFFAOYSA-N,CC=NO,C2H5NO,0,1,4,g,-5.3896,0.0693,reported,rmg:CCCBDB,Acetaldoxime,Acetaldoxime,1,1,0.0000,0,0,False,False,False
exp_00298,FZERHIULMFGESH-UHFFFAOYSA-N,CC(=O)Nc1ccccc1,C8H9NO,0,1,10,g,-30.8078,,none,bains:Pedley,row2388,acetanilide,3,3,0.0956,0,0,False,False,False
exp_00299,GAPFWGOSHOCNBM-UHFFFAOYSA-N,CC(C)O[N+](=O)[O-],C3H7NO3,0,1,7,g,-45.6501,,none,bains:Pedley,row697,isopropyl nitrate,3,3,0.9001,0,0,False,False,False
exp_00300,GAUZCKBSTZFWCT-BUHFOSPRSA-N,[O-]/[N+](=N/c1ccccc1)c1ccccc1,C12H10N2O,0,1,15,g,81.7000,,none,bains:Cioslowski,row246,"(E)-1,2-diphenyldiazene 1-oxide",1,1,0.0000,0,0,False,False,False
exp_00301,GBAPRSGLWUEXIR-UHFFFAOYSA-N,O=[N+]([O-])CO,CH3NO3,0,1,5,g,-53.4744,,none,bains:Add Lit 1,row2682,nitromethanol,1,1,0.0000,0,0,False,False,False
exp_00302,GBMSZXWHMSSBGP-UHFFFAOYSA-N,CC(C)C(C)CN,C6H15N,0,1,7,g,-33.7954,,none,bains:Yaws,row1705,"1-amino-2,3-dimethylbutane",1,1,0.0000,0,0,True,False,False
exp_00303,GBUYIUMHXYBONU-UHFFFAOYSA-N,CCC(CC)C(O)C(C)C,C9H20O,0,1,10,g,-94.9235,,none,bains:Yaws,row2532,2-methyl-4-ethyl-3-hexanol,1,1,0.0000,0,0,True,False,False
exp_00304,GCBXGQPBCBPHSP-UHFFFAOYSA-N,CC(C)CC(C)CCCO,C9H20O,0,1,10,g,-93.6616,,none,bains:Yaws,row2567,"4,6-dimethyl-1-heptanol",1,1,0.0000,0,0,True,False,False
exp_00305,GCFKTDRTZYDRBI-UHFFFAOYSA-N,CC(C)CC(C)C(C)(C)C,C10H22,0,1,10,g,-64.2902,,none,bains:Yaws,row199,"2,2,3,5-tetramethylhexane",1,1,0.0000,0,0,True,False,False
exp_00306,GCGFXFIPOBRMQT-UHFFFAOYSA-N,CC(C)CC(C)(C)C(C)C,C10H22,0,1,10,g,-61.8308,,none,bains:Yaws,row198,"2,3,3,5-tetramethylhexane",1,1,0.0000,0,0,True,False,False
exp_00307,GCQIRPJZONARRR-UHFFFAOYSA-N,CC(C)C(O)C(C)(C)O,C7H16O2,0,1,9,g,-124.8088,,none,bains:Yaws,row1994,"2,4-dimethyl-2,3-pentanediol",1,1,0.0000,0,0,True,False,False
exp_00308,GCTJBMSMHWZEHW-UHFFFAOYSA-N,CCC(C)(C)C(O)C(C)O,C8H18O2,0,1,10,g,-123.5182,,none,bains:Yaws,row2321,"erythro-4,4-dimethyl-2,3-pentanediol",1,1,0.0000,0,0,True,False,False
exp_00309,GDCWKHRALXKCRI-UHFFFAOYSA-N,N=c1cc1,C3H3N,0,1,4,g,94.2161,0.3346,reported,atct,31589-17-0*0,2-Cyclopropen-1-imine,1,1,0.0000,0,0,False,False,False
exp_00310,GDHRQDYGUDOEIZ-UHFFFAOYSA-N,CC(C)CN(C)C,C6H15N,0,1,7,g,-23.4943,,none,bains:Yaws,row1711,dimethylisobutylamine,1,1,0.0000,0,0,True,False,False
exp_00311,GDOPTJXRTPNYNR-UHFFFAOYSA-N,CC1CCCC1,C6H12,0,1,6,g,-25.3633,0.0860,reported,atct,96-37-7*0,Methylcyclopentane,11,11,1.0400,0,0,False,False,False
exp_00312,GDRBQWCGBCJTLB-UHFFFAOYSA-N,CCC(C)CC(C)CO,C8H18O,0,1,9,g,-88.7285,,none,bains:Yaws,row2288,"2,4-dimethyl-1-hexanol",1,1,0.0000,0,0,True,False,False
exp_00313,GELMWIVBBPAMIO-UHFFFAOYSA-N,CCC(C)(C)N,C5H13N,0,1,6,g,-26.9359,,none,bains:Yaws,row1273,"1,1-dimethylpropylamine",1,1,0.0000,0,0,True,False,False
exp_00314,GENBEGZNCBFHSU-UHFFFAOYSA-N,CC(=O)c1cc(C)c(C)cc1C,C11H14O,0,1,12,g,-45.1721,,none,bains:Pedley,row228,"2,4,5-trimethylacetophenone",2,2,0.0279,0,0,False,False,False
exp_00315,GEOWCLRLLWTHDN-UHFFFAOYSA-N,O=COc1ccccc1,C7H6O2,0,1,9,g,-51.5774,,none,bains:Pedley,row2057,phenyl formate,1,1,0.0000,0,0,False,False,False
exp_00316,GETQZCLCWQTVFV-UHFFFAOYSA-N,CN(C)C,C3H9N,0,1,4,g,-6.2500,0.1864,reported,atct,75-50-3*0,Trimethylamine,12,12,1.6730,1,0,False,True,True
exp_00317,GFBLFDSCAKHHGX-UHFFFAOYSA-N,N#CC1CCC1,C5H7N,0,1,6,g,34.2017,,none,bains:Pedley,row1311,cyclobutanecarbonitrile,3,3,1.0277,1,0,False,False,True
exp_00318,GFFGJBXGBJISGV-UHFFFAOYSA-N,Nc1ncnc2nc[nH]c12,C5H5N5,0,1,10,g,48.9484,,none,bains:Pedley,row1291,adenine,1,1,0.0000,0,0,False,False,False
exp_00319,GGBJHURWWWLEQH-UHFFFAOYSA-N,CCCCC1CCCCC1,C10H20,0,1,10,g,-50.9489,,none,bains:Yaws,row122,butylcyclohexane,1,1,0.0000,0,0,True,False,False
exp_00320,GGRQLKPIJPFWEZ-UHFFFAOYSA-N,O=c1cc1,C3H2O,0,1,4,g,38.2409,0.2629,reported,atct,2961-80-0*0,2-Cyclopropen-1-one,1,1,0.0000,0,0,False,False,False
exp_00321,GHMLBKRAJCXXBS-UHFFFAOYSA-N,Oc1cccc(O)c1,C6H6O2,0,1,8,g,-65.6549,,none,bains:Pedley,row1793,"1,3-benzenediol",1,1,0.0000,0,0,False,False,False
exp_00322,GHVNFZFCNZKVNT-UHFFFAOYSA-N,CCCCCCCCCC(=O)O,C10H20O2,0,1,12,g,-142.1845,,none,bains:Pedley,row126,decanoic acid,2,2,9.0055,1,0,False,False,True
exp_00323,GIAFURWZWWWBQT-UHFFFAOYSA-N,NCCOCCO,C4H11NO2,0,1,7,g,-87.2371,,none,bains:Yaws,row797,2-aminoethoxyethanol,1,1,0.0000,0,0,True,False,False
exp_00324,GIEZWIDCIFCQPS-UHFFFAOYSA-N,CCC(C)(CC)CC,C8H18,0,1,8,g,-51.3384,,none,bains:Pedley,row2267,3-methyl-3-ethylpentane,2,2,0.0116,0,0,False,False,False
exp_00325,GIXDJNPUPVJXBG-UHFFFAOYSA-N,CCOCOC(=O)CC,C6H12O3,0,1,9,g,-147.5382,,none,bains:Pedley,row1549,ethoxymethyl propionate,1,1,0.0000,0,0,False,False,False
exp_00326,GJEZBVHHZQAEDB-UHFFFAOYSA-N,C1CC2OC2C1,C5H8O,0,1,6,g,-23.2075,,none,bains:NIST-1,row1334,6-oxabicyclo[3.1.0]hexane,1,1,0.0000,0,0,False,False,False
exp_00327,GJIIAJVOYIPUPY-UHFFFAOYSA-N,C=CC(=C)C(=O)O,C5H6O2,0,1,7,g,-69.2400,,none,bains:Pedley,row1301,2-methylene-3-butenoic acid,1,1,0.0000,0,0,False,False,False
exp_00328,GJQBHOAJJGIPRH-UHFFFAOYSA-N,N#CC(=O)c1ccccc1,C8H5NO,0,1,10,g,28.0832,,none,bains:Pedley,row2364,benzoyl cyanide,1,1,0.0000,0,0,False,False,False
exp_00329,GKASDNZWUGIAMG-UHFFFAOYSA-N,CCOC(OCC)OCC,C7H16O3,0,1,10,g,-151.8403,,none,bains:Pedley,row2003,triethoxymethane,1,1,0.0000,0,0,False,False,False
exp_00330,GKCPCPKXFGQXGS-MDZDMXLPSA-N,CC(C)(C)/N=N/C(C)(C)C,C8H18N2,0,1,10,g,-8.6281,,none,bains:Pedley,row2278,di-tert-butyldiazene,1,1,0.0000,0,0,False,False,False
exp_00331,GKQMCKLMLLVAAI-VOTSOKGWSA-N,CCCC/N=N/C,C5H12N2,0,1,7,g,18.8815,,none,bains:Pedley,row1229,butylmethyldiazene,1,1,0.0000,0,0,False,False,False
exp_00332,GKVDXUXIAHWQIK-UHFFFAOYSA-N,C1N=N1,CH2N2,0,1,3,g,74.8088,0.2629,reported,atct,157-22-2*0,Diazirine,1,1,0.0000,0,0,False,False,False
exp_00333,GLEMXNLSKLWVSW-UHFFFAOYSA-N,CCOC(=O)C(CC)OC,C7H14O3,0,1,10,g,-157.6721,,none,bains:Pedley,row1955,2-ethyl-3-oxabutanoic acid ethyl ester,1,1,0.0000,0,0,False,False,False
exp_00334,GLUUGHFHXGJENI-UHFFFAOYSA-N,C1CNCCN1,C4H10N2,0,1,6,g,5.9751,,none,bains:NIST-1,row749,piperazine,2,2,0.9082,0,0,False,False,False
exp_00335,GMLDCZYTIPCVMO-UHFFFAOYSA-N,C=C(C=O)CC,C5H8O,0,1,6,g,-31.3576,,none,bains:NIST-1,row1337,2-methylenebutanal,1,1,0.0000,0,0,False,False,False
exp_00336,GNEVIACKFGQMHB-UHFFFAOYSA-N,O=C=C=C=O,C3O2,0,1,5,g,-22.0626,0.2294,reported,atct,504-64-3*0,Carbon suboxide,8,8,1.3121,1,0,False,True,True
exp_00337,GNROHGFUVTWFNG-UHFFFAOYSA-N,CCCC(O)(CC)CCC,C9H20O,0,1,10,g,-93.2290,,none,bains:Yaws,row2514,4-ethyl-4-heptanol,1,1,0.0000,0,0,True,False,False
exp_00338,GNUGVECARVKIPH-UHFFFAOYSA-N,C=COC(C)C,C5H10O,0,1,6,g,-41.5392,,none,bains:Pedley,row1163,2-(vinyloxy)propane,2,2,0.0478,0,0,False,False,False
exp_00339,GOJBFVJUMYSMJJ-UHFFFAOYSA-N,CCC(CC)CCCCO,C9H20O,0,1,10,g,-92.3996,,none,bains:Yaws,row2495,5-ethyl-1-heptanol,1,1,0.0000,0,0,True,False,False
exp_00340,GOOHAUXETOMSMM-UHFFFAOYSA-N,CC1CO1,C3H6O,0,1,4,g,-22.3996,0.1506,reported,rmg:CCCBDB,Propylene oxide,Propylene oxide,8,8,5.8176,2,0,False,False,True
exp_00341,GOSMMPKSWSOPRZ-UHFFFAOYSA-N,C=C1C=C1,C4H4,0,1,4,g,92.7725,0.1936,reported,atct,4095-06-1*0,3-Methylenecyclopropene,1,1,0.0000,0,0,False,False,False
exp_00342,GPBUTTSWJNPYJL-UHFFFAOYSA-N,CCCCCCC(C)(C)C,C10H22,0,1,10,g,-63.8145,,none,bains:Yaws,row143,"2,2-dimethyloctane",1,1,0.0000,0,0,True,False,False
exp_00343,GPRLTFBKWDERLU-UHFFFAOYSA-N,C1CC2CCC1CC2,C8H14,0,1,8,g,-23.7000,,none,bains:Cioslowski,row2152,bicyclo[2.2.2]octane,3,3,0.4269,0,0,False,False,False
exp_00344,GPTIZNPODRMHFN-UHFFFAOYSA-N,O=C(O)OCC1CCCCC1,C8H14O3,0,1,11,g,-158.5086,,none,bains:Pedley,row2174,carbonic acid cyclohexylmethyl ester,1,1,0.0000,0,0,False,False,False
exp_00345,GPTJTTCOVDDHER-UHFFFAOYSA-N,C1CCCCCCCC1,C9H18,0,1,9,g,-31.7400,,none,bains:Yaws,row2439,cyclononane,1,1,0.0000,0,0,True,False,False
exp_00346,GPWHFPWZAPOYNO-UHFFFAOYSA-N,CC(C)(C)CCN,C6H15N,0,1,7,g,-35.8031,,none,bains:Yaws,row1712,"1-amino-3,3-dimethylbutane",1,1,0.0000,0,0,True,False,False
exp_00347,GQSZUUPRBBBHRI-UHFFFAOYSA-N,CC(C)(CO)CCO,C6H14O2,0,1,8,g,-115.0096,,none,bains:Yaws,row1657,"2,2-dimethyl-1,4-butanediol",1,1,0.0000,0,0,True,False,False
exp_00348,GRFNBEZIAWKNCO-UHFFFAOYSA-N,Oc1cccnc1,C5H5NO,0,1,7,g,-10.4446,,none,bains:Pedley,row1293,3-hydroxypyridine,1,1,0.0000,0,0,False,False,False
exp_00349,GRWFGVWFFZKLTI-UHFFFAOYSA-N,CC1=CCC2CC1C2(C)C,C10H16,0,1,10,g,6.7639,,none,bains:Yaws,row105,alpha-pinene,1,1,0.0000,0,0,True,False,False
exp_00350,GSEJCLTVZPLZKY-UHFFFAOYSA-N,OCCN(CCO)CCO,C6H15NO3,0,1,10,g,-134.3403,,none,bains:Yaws,row1716,triethanolamine,1,1,0.0000,0,0,True,False,False
exp_00351,GSJFXBNYJCXDGI-UHFFFAOYSA-N,COC(=O)CO,C3H6O3,0,1,6,g,-133.1023,,none,bains:NIST-1,row671,methyl 2-hydroxyacetate,1,1,0.0000,0,0,False,False,False
exp_00352,GSNUFIFRDBKVIE-UHFFFAOYSA-N,Cc1ccc(C)o1,C6H8O,0,1,7,g,-23.3987,,none,bains:Yaws,row1819,"2,5-dimethylfuran",1,1,0.0000,0,0,True,False,False
exp_00353,GSSDZVRLQDXOPL-UHFFFAOYSA-N,CCCCC(C)(C)CO,C8H18O,0,1,9,g,-88.2959,,none,bains:Yaws,row2285,"2,2-dimethyl-1-hexanol",1,1,0.0000,0,0,True,False,False
exp_00354,GSUMZAMXDRIYCL-UHFFFAOYSA-N,O=[N+]([O-])N1CCN([N+](=O)[O-])CC1,C4H8N4O4,0,1,12,g,13.9340,,none,bains:Pedley,row1014,"1,4-dinitropiperazine",1,1,0.0000,0,0,False,False,False
exp_00355,GTCAXTIRRLKXRU-UHFFFAOYSA-N,COC(N)=O,C2H5NO2,0,1,5,g,-101.6491,,none,bains:NIST-1,row461,methyl carbamate,1,1,0.0000,0,0,False,False,False
exp_00356,GTCCGKPBSJZVRZ-UHFFFAOYSA-N,CC(O)CC(C)O,C5H12O2,0,1,7,g,-114.4837,,none,bains:Yaws,row1246,"dl-2,4-pentanediol",1,1,0.0000,0,0,True,False,False
exp_00357,GTMWGXABXQTZRJ-UHFFFAOYSA-N,N#CC1=CCCCC1,C7H9N,0,1,8,g,24.2830,,none,bains:Pedley,row2108,1-cyclohexene-1-carbonitrile,1,1,0.0000,0,0,False,False,False
exp_00358,GUVXZFRDPCKWEM-UHFFFAOYSA-N,C1=CC2=CC=CC2=C1,C8H6,0,1,8,g,89.2925,0.3346,reported,atct,250-25-9*0,Pentalene,1,1,0.0000,0,0,False,False,False
exp_00359,GUXJXWKCUUWCLX-UHFFFAOYSA-N,CC1=NCCO1,C4H7NO,0,1,6,g,-31.1807,0.2199,reported,rmg:CCCBDB,45-Dihydro-2-methyl-oxazole,45-Dihydro-2-methyl-oxazole,3,3,0.0096,0,0,False,False,False
exp_00360,GVMYEQUFGUYMTP-UHFFFAOYSA-N,CC12CCCC1C2,C7H12,0,1,7,g,0.3585,,none,bains:Pedley,row1877,1-methyl-bicyclo[3.1.0]-hexane,2,2,0.0013,0,0,False,False,False
exp_00361,GWCTUKHUBWMAMI-GQCTYLIASA-N,C/C=C/C(=O)OCCCC,C8H14O2,0,1,10,g,-99.4025,,none,bains:Pedley,row2165,n-butyl crotonate,2,2,0.0025,0,0,False,False,False
exp_00362,GWYFCOCPABKNJV-UHFFFAOYSA-N,CC(C)CC(=O)O,C5H10O2,0,1,7,g,-121.8929,,none,bains:Pedley,row1173,3-methylbutanoic acid,1,1,0.0000,0,0,False,False,False
exp_00363,GWYPDXLJACEENP-UHFFFAOYSA-N,C1=CCCCC=C1,C7H10,0,1,7,g,22.5382,,none,bains:Pedley,row1844,"1,3-cycloheptadiene",2,2,0.0218,0,0,False,False,False
exp_00364,GXDHCNNESPLIKD-UHFFFAOYSA-N,CCCCC(C)C,C7H16,0,1,7,g,-46.5105,,none,bains:Pedley,row1962,2-methylhexane,2,2,0.0095,0,0,False,False,False
exp_00365,GYHFUZHODSMOHU-UHFFFAOYSA-N,CCCCCCCCC=O,C9H18O,0,1,10,g,-74.3069,,none,bains:Yaws,row2453,1-nonanal,1,1,0.0000,0,0,True,False,False
exp_00366,GYLDXXLJMRTVSS-UHFFFAOYSA-N,CCCCNC(C)=O,C6H13NO,0,1,8,g,-72.8489,,none,bains:Pedley,row1618,N-butylacetamide,2,2,0.0289,0,0,False,False,False
exp_00367,GYSCXPVAKHVAAY-UHFFFAOYSA-N,CCCCCCC(O)CC,C9H20O,0,1,10,g,-92.3996,,none,bains:Yaws,row2486,3-nonanol,1,1,0.0000,0,0,True,False,False
exp_00368,GZJFAWOTMWATOS-UHFFFAOYSA-N,CCC(C)CCC(C)(C)C,C10H22,0,1,10,g,-64.9498,,none,bains:Yaws,row176,"2,2,5-trimethylheptane",1,1,0.0000,0,0,True,False,False
exp_00369,HAFURWXQHTZNTN-UHFFFAOYSA-N,Nc1nonc1[N+](=O)[O-],C2H2N4O3,0,1,9,g,43.1644,,none,bains:Add Lit 1,row367,NOA,1,1,0.0000,0,0,False,False,False
exp_00370,HAMUKWWZXAKCAU-HTQZYQBOSA-N,O=C1C[C@H]2CCCC[C@@H]2C1,C9H14O,0,1,10,g,-59.5602,,none,bains:Pedley,row2412,trans-octahydro-2H-inden-2-one,1,1,0.0000,0,0,False,False,False
exp_00371,HBZDPWBWBJMYRY-UHFFFAOYSA-N,CCCCCCCCCC#N,C10H19N,0,1,11,g,-21.8690,,none,bains:Pedley,row121,decanenitrile,1,1,0.0000,0,0,False,False,False
exp_00372,HCRBXQFHJMCTLF-UHFFFAOYSA-N,CCOC(=O)C(C)CC,C7H14O2,0,1,9,g,-124.8566,,none,bains:Pedley,row1947,ethyl a-methylbutyrate,2,2,0.0434,0,0,False,False,False
exp_00373,HDGHQFQMWUTHKL-UHFFFAOYSA-N,CC1OCCCO1,C5H10O2,0,1,7,g,-95.0765,,none,bains:Pedley,row1179,"2-methyl-1,3-dioxan",2,2,0.2935,0,0,False,False,False
exp_00374,HDGQICNBXPAKLR-UHFFFAOYSA-N,CCC(C)CC(C)C,C8H18,0,1,8,g,-52.3901,,none,bains:Pedley,row2266,"2,4-dimethylhexane",3,3,0.0099,0,0,False,False,False
exp_00375,HDJLSECJEQSPKW-UHFFFAOYSA-N,COC(=O)c1ccco1,C6H6O3,0,1,9,g,-96.7495,,none,bains:Pedley,row1794,2-furancarboxylic acid methyl ester,1,1,0.0000,0,0,False,False,False
exp_00376,HDPNBNXLBDFELL-UHFFFAOYSA-N,COC(C)(OC)OC,C5H12O3,0,1,8,g,-136.8786,,none,bains:Pedley,row1252,"1,1,1-trimethoxyethane",1,1,0.0000,0,0,False,False,False
exp_00377,HDZGCSFEDULWCS-UHFFFAOYSA-N,CNN,CH6N2,0,1,3,g,22.6099,,none,bains:Pedley,row2699,methylhydrazine,5,5,0.0239,0,0,False,True,False
exp_00378,HECLRDQVFMWTQS-UHFFFAOYSA-N,C1=CC2C3C=CC(C3)C2C1,C10H12,0,1,10,g,46.6000,,none,bains:Cox-1,row72,dicyclopentadiene,2,2,11.3723,1,0,False,False,True
exp_00379,HEOVGVNITGAUKL-UHFFFAOYSA-N,CC(C)CC(=O)c1ccccc1,C11H14O,0,1,12,g,-38.4082,,none,bains:Pedley,row229,isobutyl phenyl ketone,2,2,0.0018,0,0,False,False,False
exp_00380,HEQYMZTUSVDQBW-UHFFFAOYSA-N,CCC(CC)C(C)(C)CO,C9H20O,0,1,10,g,-94.4909,,none,bains:Yaws,row2533,"2,2-dimethyl-3-ethyl-1-pentanol",1,1,0.0000,0,0,True,False,False
exp_00381,HEWZVZIVELJPQZ-UHFFFAOYSA-N,COC(C)(C)OC,C5H12O2,0,1,7,g,-102.6769,,none,bains:Pedley,row1248,"2,2-dimethoxypropane",2,2,0.7869,0,0,False,False,False
exp_00382,HFPZCAJZSCWRBC-UHFFFAOYSA-N,Cc1ccc(C(C)C)cc1,C10H14,0,1,10,g,-6.9312,,none,bains:Yaws,row91,p-cymene,1,1,0.0000,0,0,True,False,False
exp_00383,HGBOYTHUEUWSSQ-UHFFFAOYSA-N,CCCCC=O,C5H10O,0,1,6,g,-54.6128,,none,bains:Pedley,row1157,pentanal,1,1,0.0000,0,0,False,False,False
exp_00384,HGCIXCUEYOPUTN-UHFFFAOYSA-N,C1=CCCCC1,C6H10,0,1,6,g,-1.0253,0.0765,reported,atct,110-83-8*0,Cyclohexene,15,15,1.2369,0,0,False,True,False
exp_00385,HGDVHRITTGWMJK-UHFFFAOYSA-N,CC(C)CCCC(C)(C)O,C9H20O,0,1,10,g,-94.4909,,none,bains:Yaws,row2566,"2,6-dimethyl-2-heptanol",1,1,0.0000,0,0,True,False,False
exp_00386,HGGJNDQMXCTKCR-UHFFFAOYSA-N,CCC(C)(O)CC(C)(C)C,C9H20O,0,1,10,g,-95.3203,,none,bains:Yaws,row2550,"3,5,5-trimethyl-3-hexanol",1,1,0.0000,0,0,True,False,False
exp_00387,HGINCPLSRVDWNT-UHFFFAOYSA-N,C=CC=O,C3H4O,0,1,4,g,-15.5856,0.1530,reported,atct,107-02-8*0,Acrolein,2,2,4.4909,1,0,False,False,True
exp_00388,HHBZZTKMMLDNDN-UHFFFAOYSA-N,CCC(C)OC(C)CC,C8H18O,0,1,9,g,-86.2572,,none,bains:Pedley,row2299,di-sec-butyl ether,3,3,0.0602,0,0,False,False,False
exp_00389,HHEIMYAXCOIQCJ-UHFFFAOYSA-N,CCOC(=O)C(C)(C)C,C7H14O2,0,1,9,g,-128.1071,,none,bains:Pedley,row1953,ethyl pivalate,2,2,0.0071,0,0,False,False,False
exp_00390,HIHSOGFAVTVMCY-UHFFFAOYSA-N,CCC(C)C(C)(C)C(C)C,C10H22,0,1,10,g,-60.6597,,none,bains:Yaws,row193,"2,3,3,4-tetramethylhexane",1,1,0.0000,0,0,True,False,False
exp_00391,HIPLXTICEUKKIT-UHFFFAOYSA-N,CC1CCOC1C,C6H12O,0,1,7,g,-61.9097,,none,bains:Yaws,row1522,"2,3-dimethyltetrahydrofuran",1,1,0.0000,0,0,True,False,False
exp_00392,HIYTVAULOHUDEC-UHFFFAOYSA-N,CCCC(C)C(C)CO,C8H18O,0,1,9,g,-88.7285,,none,bains:Yaws,row2286,"2,3-dimethyl-1-hexanol",1,1,0.0000,0,0,True,False,False
exp_00393,HKOOXMFOFWEVGF-UHFFFAOYSA-N,NNc1ccccc1,C6H8N2,0,1,8,g,48.4943,,none,bains:Pedley,row1817,phenylhydrazine,2,2,0.2257,0,0,False,False,False
exp_00394,HLOUDBQOEJSUPI-UHFFFAOYSA-N,C=Cc1cccc(C)c1C,C10H12,0,1,10,g,21.3408,,none,bains:Yaws,row76,"2,3-dimethylstyrene",1,1,0.0000,0,0,True,False,False
exp_00395,HLWCPAJEXXTJHY-UHFFFAOYSA-N,CC(C)C(C)(C)C(C)(C)O,C9H20O,0,1,10,g,-96.5822,,none,bains:Yaws,row2562,"2,3,3,4-tetramethyl-2-pentanol",1,1,0.0000,0,0,True,False,False
exp_00396,HMNKTRSOROOSPP-UHFFFAOYSA-N,CCc1cccc(O)c1,C8H10O,0,1,9,g,-34.9187,,none,bains:Pedley,row2119,m-ethylphenol,2,2,0.0087,0,0,False,False,False
exp_00397,HMSVXZJWPVIVIV-UHFFFAOYSA-N,CCC(O)C(C)(C)C,C7H16O,0,1,8,g,-84.6248,,none,bains:Yaws,row1978,"2,2-dimethyl-3-pentanol",1,1,0.0000,0,0,True,False,False
exp_00398,HNBDRPTVWVGKBR-UHFFFAOYSA-N,CCCCC(=O)OC,C6H12O2,0,1,8,g,-112.6195,,none,bains:Pedley,row1531,methyl pentanoate,3,3,3.3805,1,0,False,False,True
exp_00399,HNCSVNVXGSWPPY-UHFFFAOYSA-N,O=[N+]([O-])C1=[N+]([O-])OCC1,C3H4N2O4,0,1,9,g,4.8279,,none,bains:Pedley,row590,"4,5-dihydro-3-nitroisoxazole-2-oxide",1,1,0.0000,0,0,False,False,False
exp_00400,HNEGQIOMVPPMNR-IHWYPQMZSA-N,C/C(=C/C(=O)O)C(=O)O,C5H6O4,0,1,9,g,-176.8642,,none,bains:Yaws,row1303,citraconic acid,1,1,0.0000,0,0,True,False,False
exp_00401,HNFSPSWQNZVCTB-UHFFFAOYSA-N,CC(C)OC(C)(C)C,C7H16O,0,1,8,g,-85.4685,,none,bains:Pedley,row1984,isopropyl t-butyl ether,2,2,0.0315,0,0,False,False,False
exp_00402,HNHVTXYLRVGMHD-UHFFFAOYSA-N,CCCCN=C=O,C5H9NO,0,1,7,g,-30.3537,,none,bains:Yaws,row1426,butyl isocyanate,1,1,0.0000,0,0,True,False,False
exp_00403,HNIDTKCNPXBSLD-UHFFFAOYSA-N,CCC(C)(O)C(C)(C)O,C7H16O2,0,1,9,g,-126.3862,,none,bains:Yaws,row1995,"2,3-dimethyl-2,3-pentanediol",1,1,0.0000,0,0,True,False,False
exp_00404,HNJBEVLQSNELDL-UHFFFAOYSA-N,O=C1CCCN1,C4H7NO,0,1,6,g,-47.1797,,none,bains:NIST-1,row967,pyrrolidin-2-one,1,1,0.0000,0,0,False,False,False
exp_00405,HNKORYYGGBIIGK-UHFFFAOYSA-N,CC12CCC(C)(CC1)N=N2,C8H14N2,0,1,10,g,22.0841,,none,bains:Pedley,row2159,"1,4-dimethyl-2,3-diazabicyclo[2.2.2]oct-2-ene",1,1,0.0000,0,0,False,False,False
exp_00406,HNRMPXKDFBEGFZ-UHFFFAOYSA-N,CCC(C)(C)C,C6H14,0,1,6,g,-44.3858,0.1793,reported,atct,75-83-2*0,"2,2-Dimethylbutane",5,5,0.5029,0,0,False,False,False
exp_00407,HOAAQUNESXYFDT-UHFFFAOYSA-N,CCCC(C)CCC(C)C,C10H22,0,1,10,g,-62.4092,,none,bains:Yaws,row140,"2,5-dimethyloctane",1,1,0.0000,0,0,True,False,False
exp_00408,HONLSNLUVRQMEK-UHFFFAOYSA-N,O=[N+]([O-])C12CC3CC(CC(C3)C1)C2,C10H15NO2,0,1,13,g,-41.9933,,none,bains:Add Lit 1,row102,1-nitroadamantane,1,1,0.0000,0,0,False,False,False
exp_00409,HPHHYSWOBXEIRG-UHFFFAOYSA-N,C=C(C)C(CC)CC,C8H16,0,1,8,g,-23.9723,,none,bains:Pedley,row2213,2-methyl-3-ethyl-1-pentene,2,2,0.0023,0,0,False,False,False
exp_00410,HPNMFZURTQLUMO-UHFFFAOYSA-N,CCNCC,C4H11N,0,1,5,g,-17.3279,,none,bains:Pedley,row791,diethylamine,4,4,6.7161,1,0,False,False,True
exp_00411,HPXRVTGHNJAIIH-UHFFFAOYSA-N,OC1CCCCC1,C6H12O,0,1,7,g,-68.4034,,none,bains:Pedley,row1528,cyclohexanol,6,6,0.5900,0,0,False,False,False
exp_00412,HPYNZHMRTTWQTB-UHFFFAOYSA-N,Cc1cccnc1C,C7H9N,0,1,8,g,16.3241,,none,bains:Pedley,row2105,"2,3-dimethylpyridine",3,3,0.0041,0,0,False,False,False
exp_00413,HQABUPZFAYXKJW-UHFFFAOYSA-N,CCCCN,C4H11N,0,1,5,g,-21.9885,,none,bains:Pedley,row789,butan-1-amine,4,4,0.7170,0,0,False,False,False
exp_00414,HQLZFBUAULNEGP-UHFFFAOYSA-N,CCCC(N)CC,C6H15N,0,1,7,g,-33.8910,,none,bains:Yaws,row1693,3-aminohexane,1,1,0.0000,0,0,True,False,False
exp_00415,HQZHQNKZOYIKQC-UHFFFAOYSA-N,CCC(C)CCC(C)C,C9H20,0,1,9,g,-57.5287,,none,bains:Yaws,row2475,"2,5-dimethylheptane",1,1,0.0000,0,0,True,False,False
exp_00416,HRDWPQPUIGIEFU-UHFFFAOYSA-N,Nn1nc([N+](=O)[O-])nc1[N+](=O)[O-],C2H2N6O4,0,1,12,g,87.3327,,none,bains:Add Lit 1,row368,ADNT,1,1,0.0000,0,0,False,False,False
exp_00417,HRPVXLWXLXDGHG-UHFFFAOYSA-N,C=CC(N)=O,C3H5NO,0,1,5,g,-31.1185,,none,bains:NIST-1,row632,acrylamide,2,2,9.5124,1,0,False,False,True
exp_00418,HRXNWQMMTLLJJQ-UHFFFAOYSA-N,CC(C)CC(C)(C)CCO,C9H20O,0,1,10,g,-94.4909,,none,bains:Yaws,row2568,"3,3,5-trimethyl-1-hexanol",1,1,0.0000,0,0,True,False,False
exp_00419,HSFWRNGVRCDJHI-UHFFFAOYSA-N,C#C,C2H2,0,1,2,g,54.5698,0.0287,reported,atct,74-86-2*0,Acetylene,14,14,0.3957,0,0,False,True,False
exp_00420,HSOMNBKXPGCNBH-UHFFFAOYSA-N,CCCCC(C)(CC)CC,C10H22,0,1,10,g,-61.4101,,none,bains:Yaws,row155,3-ethyl-3-methylheptane,1,1,0.0000,0,0,True,False,False
exp_00421,HSYGKEBJFKQOLE-UHFFFAOYSA-N,CC([N+](=O)[O-])([N+](=O)[O-])[N+](=O)[O-],C2H3N3O6,0,1,11,g,-12.3941,,none,bains:Winget,row408,"1,1,1- Trinitroethane",2,2,0.0000,0,0,False,True,False
exp_00422,HTJDQJBWANPRPF-UHFFFAOYSA-N,NC1CC1,C3H7N,0,1,4,g,18.4034,,none,bains:Pedley,row686,cyclopropanamine,2,2,0.0167,0,0,False,False,False
exp_00423,HTOYXTGJEOUKPM-UHFFFAOYSA-N,CCCC(CC)C(C)(C)O,C9H20O,0,1,10,g,-94.4909,,none,bains:Yaws,row2527,2-methyl-3-ethyl-2-hexanol,1,1,0.0000,0,0,True,False,False
exp_00424,HTSABYAWKQAHBT-BQBZGAKWSA-N,C[C@H]1CCC[C@H](O)C1,C7H14O,0,1,8,g,-78.6568,,none,bains:Pedley,row1941,trans-3-methylcyclohexanol,2,2,9.1432,1,0,False,False,True
exp_00425,HTWIZMNMTWYQRN-UHFFFAOYSA-N,CC1OCCO1,C4H8O2,0,1,6,g,-84.1300,,none,bains:Pedley,row1027,"2-methyl-1,3-dioxolane",2,2,0.4780,0,0,False,False,False
exp_00426,HUMNYLRZRPPJDN-UHFFFAOYSA-N,O=Cc1ccccc1,C7H6O,0,1,8,g,-8.8337,0.1625,reported,atct,100-52-7*0,Benzaldehyde,8,8,0.0765,0,0,False,False,False
exp_00427,HVCFCNAITDHQFX-UHFFFAOYSA-N,CC(=O)C1CC1,C5H8O,0,1,6,g,-27.5574,,none,bains:NIST-1,row1338,1-cyclopropylethan-1-one,1,1,0.0000,0,0,False,False,False
exp_00428,HVPGGLNDHUWMLS-UHFFFAOYSA-N,CCC(C)(O)CCC(C)C,C9H20O,0,1,10,g,-94.4909,,none,bains:Yaws,row2537,"3,6-dimethyl-3-heptanol",1,1,0.0000,0,0,True,False,False
exp_00429,HWEQKSVYKBUIIK-UHFFFAOYSA-N,C1=CC=C1,C4H4,0,1,4,g,102.3160,0.1506,reported,atct,1120-53-2*0,Cyclobutadiene,1,1,0.0000,0,0,False,False,False
exp_00430,HWWYDZCSSYKIAD-UHFFFAOYSA-N,Cc1cncc(C)c1,C7H9N,0,1,8,g,17.3996,,none,bains:Pedley,row2103,"3,5-dimethylpyridine",3,3,0.1004,0,0,False,False,False
exp_00431,HXDOZKJGKXYMEW-UHFFFAOYSA-N,CCc1ccc(O)cc1,C8H10O,0,1,9,g,-34.4407,,none,bains:Pedley,row2118,p-ethylphenol,2,2,0.0107,0,0,False,False,False
exp_00432,HXGDTGSAIMULJN-UHFFFAOYSA-N,C1=Cc2cccc3cccc1c23,C12H8,0,1,12,g,62.1000,,none,bains:Cioslowski,row265,acenaphthylene,1,1,0.0000,0,0,False,False,False
exp_00433,HXKKHQJGJAFBHI-UHFFFAOYSA-N,CC(O)CN,C3H9NO,0,1,5,g,-57.1224,,none,bains:Yaws,row732,1-amino-2-propanol,1,1,0.0000,0,0,True,False,False
exp_00434,HXQDUXXBVMMIKL-UHFFFAOYSA-N,CC(C)(C)CCC(C)(C)C,C10H22,0,1,10,g,-68.1812,,none,bains:Yaws,row204,"2,2,5,5-tetramethylhexane",1,1,0.0000,0,0,True,False,False
exp_00435,HXQPUEQDBSPXTE-UHFFFAOYSA-N,CC(C)CC(O)CC(C)C,C9H20O,0,1,10,g,-97.9924,,none,bains:Yaws,row2555,"2,6-dimethyl-4-heptanol",1,1,0.0000,0,0,True,False,False
exp_00436,HXUSUAKIRZZMGP-UHFFFAOYSA-N,CCc1cccc(C(=O)O)c1,C9H10O2,0,1,11,g,-82.8633,,none,bains:Pedley,row2396,3-ethylbenzoic acid,1,1,0.0000,0,0,False,False,False
exp_00437,HXVNBWAKAOHACI-UHFFFAOYSA-N,CC(C)C(=O)C(C)C,C7H14O,0,1,8,g,-74.4025,,none,bains:Pedley,row1936,"2,4-dimethyl-3-pentanone",3,3,0.0264,0,0,False,False,False
exp_00438,HYBBIBNJHNGZAN-UHFFFAOYSA-N,O=Cc1ccco1,C5H4O2,0,1,7,g,-36.0899,,none,bains:Pedley,row1284,furfural,3,3,1.6000,1,0,False,False,True
exp_00439,HYFFNAVAMIJUIP-UHFFFAOYSA-N,CCC(CO)CO,C5H12O2,0,1,7,g,-108.9866,,none,bains:Yaws,row1243,"2-ethyl-1,3-propanediol",1,1,0.0000,0,0,True,False,False
exp_00440,HYTRYEXINDDXJK-UHFFFAOYSA-N,CCC(=O)C(C)C,C6H12O,0,1,7,g,-68.3795,,none,bains:Pedley,row1518,ethyl isopropyl ketone,3,3,0.0005,0,0,False,False,False
exp_00441,IAHFWCOBPZCAEA-UHFFFAOYSA-N,N#CCCC#N,C4H4N2,0,1,6,g,50.1099,0.2103,reported,rmg:CCCBDB,Succinonitrile,Succinonitrile,4,4,0.0435,0,0,False,False,False
exp_00442,IALRSQMWHFKJJA-UHFFFAOYSA-N,CCCCCC(C)CCC,C10H22,0,1,10,g,-60.7003,,none,bains:Yaws,row133,4-methylnonane,1,1,0.0000,0,0,True,False,False
exp_00443,IAQRGUVFOMOMEM-ARJAWSKDSA-N,C/C=C\C,C4H8,0,1,4,g,-1.6396,0.0908,reported,atct,590-18-1*0,cis-2-Butene,1,1,0.0000,0,0,False,False,False
exp_00444,IAQRGUVFOMOMEM-ONEGZZNKSA-N,C/C=C/C,C4H8,0,1,4,g,-2.6028,0.0669,reported,atct,624-64-6*0,trans-2-Butene,11,11,1.1009,0,0,False,True,False
exp_00445,IAQRGUVFOMOMEM-UHFFFAOYSA-N,CC=CC,C4H8,0,1,4,g,-2.7055,0.0980,reported,rmg:ATcT,trans-2-Butene,trans-2-Butene,1,1,0.0000,0,0,False,False,False
exp_00446,IAYPIBMASNFSPL-UHFFFAOYSA-N,C1CO1,C2H4O,0,1,3,g,-12.4952,0.0789,reported,atct,75-21-8*0,Oxirane,13,13,4.7400,2,0,False,False,True
exp_00447,IBXNCJKFFQIKKY-UHFFFAOYSA-N,C#CCCC,C5H8,0,1,5,g,34.4885,,none,bains:NIST-1,row1318,pent-1-yne,1,1,0.0000,0,0,False,False,False
exp_00448,ICMAFTSLXCXHRK-UHFFFAOYSA-N,CCCCC(=O)OCC,C7H14O2,0,1,9,g,-121.1520,,none,bains:Pedley,row1945,ethyl pentanoate,3,3,0.2480,0,0,False,False,False
exp_00449,ICZKBCPBVASHJN-UHFFFAOYSA-N,C12C3C4C1C234,C5H4,0,1,5,g,141.9455,0.5497,reported,atct,66202-79-7*0,Pyramidane,1,1,0.0000,0,0,False,False,False
exp_00450,IDCFJIMYNKBKMB-UHFFFAOYSA-N,CCC(O)CCCC(C)C,C9H20O,0,1,10,g,-93.6616,,none,bains:Yaws,row2517,7-methyl-3-octanol,1,1,0.0000,0,0,True,False,False
exp_00451,IDFANOPDMXWIOP-UHFFFAOYSA-N,CCCCCN(C)C,C7H17N,0,1,8,g,-28.7476,,none,bains:Yaws,row2007,dimethylpentylamine,1,1,0.0000,0,0,True,False,False
exp_00452,IDNUEBSJWINEMI-UHFFFAOYSA-N,CCO[N+](=O)[O-],C2H5NO3,0,1,6,g,-36.8308,,none,bains:Pedley,row463,ethyl nitrate,6,6,0.2635,0,0,False,True,False
exp_00453,IECJUMYEWJOKHM-UHFFFAOYSA-N,CC(CCCO)C(C)(C)C,C9H20O,0,1,10,g,-94.4909,,none,bains:Yaws,row2572,"4,5,5-trimethyl-1-hexanol",1,1,0.0000,0,0,True,False,False
exp_00454,IEJIGPNLZYLLBP-UHFFFAOYSA-N,COC(=O)OC,C3H6O3,0,1,6,g,-136.3432,0.0884,reported,atct,616-38-6*0,Dimethyl carbonate,1,1,0.0000,0,0,False,False,False
exp_00455,IENXYHLNFHBNRR-UHFFFAOYSA-N,CCC(CC)(CC)C(C)O,C9H20O,0,1,10,g,-94.4909,,none,bains:Yaws,row2539,"3,3-diethyl-2-pentanol",1,1,0.0000,0,0,True,False,False
exp_00456,IEZWOVIWXFLQTP-UHFFFAOYSA-N,C=COO,C2H4O2,0,1,4,g,-8.7978,0.1649,reported,atct,66998-78-5*0,Vinyl hydroperoxide,1,1,0.0000,0,0,False,False,False
exp_00457,IFDHMBHPLKHMOY-UHFFFAOYSA-N,CCC(C)(C)CCO,C7H16O,0,1,8,g,-83.3628,,none,bains:Yaws,row1974,"3,3-dimethyl-1-pentanol",1,1,0.0000,0,0,True,False,False
exp_00458,IFTRQJLVEBNKJK-UHFFFAOYSA-N,CCC1CCCC1,C7H14,0,1,7,g,-30.3298,,none,bains:Pedley,row1908,ethylcyclopentane,4,4,0.5702,0,0,False,False,False
exp_00459,IFVMAGPISVKRAR-UHFFFAOYSA-N,CCC1=CCCCC1,C8H14,0,1,8,g,-15.1530,,none,bains:Pedley,row2155,1-ethylcyclohexene,2,2,0.0070,0,0,False,False,False
exp_00460,IFVTZJHWGZSXFD-UHFFFAOYSA-N,c1ccc2c(c1)=c1ccccc1=2,C12H8,0,1,12,g,99.9000,,none,bains:Cioslowski,row264,biphenylene,1,1,0.0000,0,0,False,False,False
exp_00461,IGLWCQMNTGCUBB-UHFFFAOYSA-N,C=CC(=C)CC,C6H10,0,1,6,g,15.2008,,none,bains:NIST-1,row1448,3-methylenepent-1-ene,2,2,2.4618,1,0,False,False,True
exp_00462,IGSWOIOCVJEQRH-UHFFFAOYSA-N,CCCC(CO)CC(C)C,C9H20O,0,1,10,g,-81.5846,,none,bains:Yaws,row2503,4-methyl-2-propyl-1-pentanol,1,1,0.0000,0,0,True,False,False
exp_00463,IGVGCQGTEINVOH-UHFFFAOYSA-N,CCCCCCC(C)CO,C9H20O,0,1,10,g,-92.3996,,none,bains:Yaws,row2483,2-methyl-1-octanol,1,1,0.0000,0,0,True,False,False
exp_00464,IHPXJGBVRWFEJB-UHFFFAOYSA-N,CC(C)CCC(C)C(C)C,C10H22,0,1,10,g,-62.9589,,none,bains:Yaws,row197,"2,3,6-trimethylheptane",1,1,0.0000,0,0,True,False,False
exp_00465,IIEWJVIFRVWJOD-UHFFFAOYSA-N,CCC1CCCCC1,C8H16,0,1,8,g,-41.0373,,none,bains:Pedley,row2192,ethylcyclohexane,2,2,0.0073,0,0,False,False,False
exp_00466,IIRFCWANHMSDCG-UHFFFAOYSA-N,O=C1CCCCCCC1,C8H14O,0,1,9,g,-64.9140,,none,bains:Pedley,row2161,cyclo-octanone,2,2,0.0140,0,0,False,False,False
exp_00467,IIRXCFIWJAELDL-UHFFFAOYSA-N,C#CC(C)C#C,C6H6,0,1,6,g,102.2228,0.3824,reported,atct,57242-04-3*0,"3-Methyl-1,4-pentadiyne",1,1,0.0000,0,0,False,False,False
exp_00468,IIYGOARYARWJBO-UHFFFAOYSA-N,CCCC(C)CC(C)(C)C,C10H22,0,1,10,g,-63.0593,,none,bains:Yaws,row169,"2,2,4-trimethylheptane",1,1,0.0000,0,0,True,False,False
exp_00469,IJDNQMDRQITEOD-UHFFFAOYSA-N,CCCC,C4H10,0,1,4,g,-30.0072,0.0430,reported,atct,106-97-8*0,n-Butane,12,12,0.3998,0,0,False,True,False
exp_00470,IJDUBDHNOXAHCQ-UHFFFAOYSA-N,C1CC2CC1N=N2,C5H8N2,0,1,7,g,49.5459,,none,bains:Pedley,row1331,"2,3-diazabicyclo[2.2.1]hept-2-ene",1,1,0.0000,0,0,False,False,False
exp_00471,IJNJLGFTSIAHEA-UHFFFAOYSA-N,C#CC=O,C3H2O,0,1,4,g,31.8714,0.2079,reported,atct,624-67-9*0,2-Propynal,1,1,0.0000,0,0,False,False,False
exp_00472,IJXHLVMUNBOGRR-UHFFFAOYSA-N,CCCCCCCCC(=O)OC,C10H20O2,0,1,12,g,-132.3853,,none,bains:Pedley,row127,methyl nonaoate,2,2,0.2053,0,0,False,False,False
exp_00473,IKECULIHBUCAKR-UHFFFAOYSA-N,CC(C)C(C)(C)O,C6H14O,0,1,7,g,-83.2218,,none,bains:Yaws,row1638,"2,3-dimethyl-2-butanol",1,1,0.0000,0,0,True,False,False
exp_00474,IKHGUXGNUITLKF-UHFFFAOYSA-N,CC=O,C2H4O,0,1,3,g,-39.5315,0.0526,reported,atct,75-07-0*0,Acetaldehyde,10,10,1.2667,1,0,False,False,True
exp_00475,ILHIHKRJJMKBEE-UHFFFAOYSA-N,CCOO,C2H6O2,0,1,4,g,-38.4584,0.1482,reported,atct,3031-74-1*0,Ethyl hydroperoxide,3,3,9.1416,2,0,False,False,True
exp_00476,ILLHQJIJCRNRCJ-UHFFFAOYSA-N,C#CCCCCCCCC,C10H18,0,1,10,g,9.7992,,none,bains:Yaws,row118,1-decyne,1,1,0.0000,0,0,True,False,False
exp_00477,ILUJQPXNXACGAN-UHFFFAOYSA-N,COc1ccccc1C(=O)O,C8H8O3,0,1,11,g,-103.6807,,none,bains:Pedley,row2384,2-methoxybenzoic acid,1,1,0.0000,0,0,False,False,False
exp_00478,ILVXOBCQQYKLDS-UHFFFAOYSA-N,[O-][n+]1ccccc1,C5H5NO,0,1,7,g,21.0000,,none,bains:Cioslowski,row1295,pyridine 1-oxide,1,1,0.0000,0,0,False,False,False
exp_00479,IMHRONYAKYWGCC-UHFFFAOYSA-N,CN=O,CH3NO,0,1,3,g,16.9814,0.2175,reported,atct,865-40-7*0,Nitrosomethane,1,1,0.0000,0,0,False,False,False
exp_00480,IMNFDUFMRHMDMM-UHFFFAOYSA-N,CCCCCCC,C7H16,0,1,7,g,-44.7610,0.1052,reported,atct,142-82-5*0,n-Heptane,9,9,0.2290,0,0,False,False,False
exp_00481,IMNIMPAHZVJRPE-UHFFFAOYSA-N,C1CN2CCN1CC2,C6H12N2,0,1,8,g,21.5583,,none,bains:Pedley,row1512,triethylenediamine,2,2,10.1583,1,0,False,False,True
exp_00482,IMROMDMJAWUWLK-UHFFFAOYSA-N,C=CO,C2H4O,0,1,3,g,-29.5483,0.0884,reported,atct,557-75-5*0,Ethenol,2,2,0.0765,0,0,False,False,False
exp_00483,IMUDHTPIFIBORV-UHFFFAOYSA-N,NCCN1CCNCC1,C6H15N3,0,1,9,g,5.9990,,none,bains:Yaws,row1714,N-aminoethyl piperazine,1,1,0.0000,0,0,True,False,False
exp_00484,INCCMBMMWVKEGJ-UHFFFAOYSA-N,CC1CCOCO1,C5H10O2,0,1,7,g,-90.0813,,none,bains:Pedley,row1178,"4-methyl-1,3-dioxan",2,2,0.3787,0,0,False,False,False
exp_00485,INMGJWCKWKKMPN-UHFFFAOYSA-N,CCC(C)(O)CC(C)C,C8H18O,0,1,9,g,-89.5578,,none,bains:Yaws,row2306,"3,5-dimethyl-3-hexanol",1,1,0.0000,0,0,True,False,False
exp_00486,IOFUAVGBFVXDAO-UHFFFAOYSA-N,CC(C)(C)CCCCCO,C9H20O,0,1,10,g,-93.2290,,none,bains:Yaws,row2574,"6,6-dimethyl-1-heptanol",1,1,0.0000,0,0,True,False,False
exp_00487,IOLBCXKHPWXHEC-UHFFFAOYSA-N,C#CC1=CCC1,C6H6,0,1,6,g,92.7342,0.4302,reported,atct,813466-25-0*0,1-Ethynylcyclobutene,1,1,0.0000,0,0,False,False,False
exp_00488,IOQSSIPMPIYMDF-UHFFFAOYSA-N,CCOCCCOCC,C7H16O2,0,1,9,g,-104.2543,,none,bains:Pedley,row1990,"1,3-diethoxypropane",1,1,0.0000,0,0,False,False,False
exp_00489,IPBVNPXQWQGGJP-UHFFFAOYSA-N,CC(=O)Oc1ccccc1,C8H8O2,0,1,10,g,-66.8499,,none,bains:Pedley,row2380,phenyl acetate,2,2,0.1501,0,0,False,False,False
exp_00490,IPVKBEOJURLVER-UHFFFAOYSA-N,CCCC(C)OC(=O)CC,C8H16O2,0,1,10,g,-129.4694,,none,bains:Yaws,row2241,1-methylbutyl propanoate,1,1,0.0000,0,0,True,False,False
exp_00491,IPWFJLQDVFKJDU-UHFFFAOYSA-N,CCCCC(N)=O,C5H11NO,0,1,7,g,-69.3595,,none,bains:Pedley,row1220,pentanamide,2,2,0.0005,0,0,False,False,False
exp_00492,ISAKRJDGNUQOIC-UHFFFAOYSA-N,O=c1cc[nH]c(=O)[nH]1,C4H4N2O2,0,1,8,g,-72.3948,,none,bains:Pedley,row827,uracil,1,1,0.0000,0,0,False,False,False
exp_00493,ISBHMJZRKAFTGE-ONEGZZNKSA-N,CC/C=C/C#N,C5H7N,0,1,6,g,28.6329,,none,bains:Pedley,row1309,(E)-2-pentenenitrile,1,1,0.0000,0,0,False,False,False
exp_00494,ISWSIDIOOBJBQZ-UHFFFAOYSA-N,Oc1ccccc1,C6H6O,0,1,7,g,-22.2132,0.1482,reported,atct,108-95-2*0,Phenol,10,10,0.8270,0,0,False,False,False
exp_00495,ISZWTVCVSJVEOL-UHFFFAOYSA-N,C=C(C)CCC(C)C,C8H16,0,1,8,g,-25.2629,,none,bains:Yaws,row2217,"2,5-dimethyl-1-hexene",1,1,0.0000,0,0,True,False,False
exp_00496,ITQTTZVARXURQS-UHFFFAOYSA-N,Cc1cccnc1,C6H7N,0,1,7,g,25.4302,,none,bains:Pedley,row1800,3-methylpyridine,3,3,1.5300,1,0,False,False,True
exp_00497,ITUGOFFBEXBDGZ-UHFFFAOYSA-N,O=[N+]([O-])CCC[N+](=O)[O-],C3H6N2O4,0,1,9,g,-31.5849,,none,bains:Winget,row659,"1,3-Dinitropropane",2,2,0.0000,0,0,False,True,False
exp_00498,ITZWYSUTSDPWAQ-UHFFFAOYSA-N,CC(CO)C(C)(C)O,C6H14O2,0,1,8,g,-118.8815,,none,bains:Yaws,row1654,"2,3-dimethyl-1,3-butanediol",1,1,0.0000,0,0,True,False,False
exp_00499,IUBMETGQQUKHMZ-GQCTYLIASA-N,C/C=C/CC(=O)OC(C)CC,C9H16O2,0,1,11,g,-107.8872,,none,bains:Pedley,row2425,sec-butyl 3-pentenoate,2,2,0.0128,0,0,False,False,False
exp_00500,IUGSIZCOFIZVEP-UHFFFAOYSA-N,O=C1C([N+](=O)[O-])([N+](=O)[O-])C(=O)C1([N+](=O)[O-])[N+](=O)[O-],C4N4O10,0,1,18,g,9.0344,,none,bains:Add Lit 1,row1060,"tetranitrocyclobutane-1,3-dione",1,1,0.0000,0,0,False,False,False
exp_00501,IUGYQRQAERSCNH-UHFFFAOYSA-N,CC(C)(C)C(=O)O,C5H10O2,0,1,7,g,-117.4235,,none,bains:Pedley,row1176,"2,2-dimethylpropanoic acid",2,2,0.0717,0,0,False,False,False
exp_00502,IUZZLNVABCISOI-UHFFFAOYSA-N,CCCCCCCNCC,C9H21N,0,1,10,g,-41.9742,,none,bains:Yaws,row2589,ethylheptylamine,1,1,0.0000,0,0,True,False,False
exp_00503,IVAGOJQDJFWIRT-PHDIDXHHSA-N,C[C@@H]1CC[C@H]1C,C6H12,0,1,6,g,-3.7046,,none,bains:Yaws,row1502,"1,trans-2-dimethylcyclobutane",1,1,0.0000,0,0,True,False,False
exp_00504,IVDFJHOHABJVEH-UHFFFAOYSA-N,CC(C)(O)C(C)(C)O,C6H14O2,0,1,8,g,-122.6099,,none,bains:Yaws,row1652,"2,3-dimethyl-2,3-butanediol",1,1,0.0000,0,0,True,False,False
exp_00505,IVHPMIPYSOTYNM-UHFFFAOYSA-N,Cc1cocc1C,C6H8O,0,1,7,g,-23.3987,,none,bains:Yaws,row1822,"3,4-dimethylfuran",1,1,0.0000,0,0,True,False,False
exp_00506,IVSZLXZYQVIEFR-UHFFFAOYSA-N,Cc1cccc(C)c1,C8H10,0,1,8,g,4.1109,0.1793,reported,rmg:CCCBDB,meta-Xylene,meta-Xylene,6,6,0.5500,0,0,False,False,False
exp_00507,IWDCLRJOBJJRNH-UHFFFAOYSA-N,Cc1ccc(O)cc1,C7H8O,0,1,8,g,-29.9713,,none,bains:Pedley,row2083,p-cresol,3,3,0.0239,0,0,False,False,False
exp_00508,IWFICVXFFNDWOJ-UHFFFAOYSA-N,CCCC(C)CCC(C)O,C9H20O,0,1,10,g,-93.6616,,none,bains:Yaws,row2501,5-methyl-2-octanol,1,1,0.0000,0,0,True,False,False
exp_00509,IXAVTTRPEXFVSX-UHFFFAOYSA-N,CCCCC(C)CC(C)C,C10H22,0,1,10,g,-61.2500,,none,bains:Yaws,row141,"2,4-dimethyloctane",1,1,0.0000,0,0,True,False,False
exp_00510,IXQGCWUGDFDQMF-UHFFFAOYSA-N,CCc1ccccc1O,C8H10O,0,1,9,g,-34.7036,,none,bains:Pedley,row2120,o-ethylphenol,2,2,0.0064,0,0,False,False,False
exp_00511,IXUOEGRSQCCEHB-UHFFFAOYSA-N,CCCCCC(O)CCC,C9H20O,0,1,10,g,-92.3996,,none,bains:Yaws,row2488,4-nonanol,1,1,0.0000,0,0,True,False,False
exp_00512,IYABWNGZIDDRAK-UHFFFAOYSA-N,C=C=C,C3H4,0,1,3,g,45.4159,0.0526,reported,atct,463-49-0*0,Allene,10,10,0.4200,0,0,False,False,False
exp_00513,IYKFYARMMIESOX-UHFFFAOYSA-N,O=C1C2CC3CC(C2)CC1C3,C10H14O,0,1,11,g,-55.1147,,none,bains:Pedley,row96,adamantan-2-one,2,2,3.1071,1,0,False,False,True
exp_00514,IZSBIPQYBGDXJZ-UHFFFAOYSA-N,CCC(C)C=C(C)C,C8H16,0,1,8,g,-25.8365,,none,bains:Yaws,row2210,"2,4-dimethyl-2-hexene",1,1,0.0000,0,0,True,False,False
exp_00515,JAELLLITIZHOGQ-UHFFFAOYSA-N,CCC(=O)OC(C)(C)C,C7H14O2,0,1,9,g,-124.6893,,none,bains:Yaws,row1952,tert-butyl propanoate,1,1,0.0000,0,0,True,False,False
exp_00516,JAMNHZBIQDNHMM-UHFFFAOYSA-N,CC(C)(C)C#N,C5H9N,0,1,6,g,2.5096,,none,bains:Pedley,row1423,pivalonitrile,3,3,3.2983,2,0,False,False,True
exp_00517,JAPMJSVZDUYFKL-UHFFFAOYSA-N,C1CC2CC2C1,C6H10,0,1,6,g,9.1539,,none,bains:Pedley,row1441,bicyclo[3.1.0]hexane,4,4,0.2312,0,0,False,False,False
exp_00518,JAVOYFHBJFLMRQ-SNAWJCMRSA-N,C/C=C/C(=O)OCCC(C)C,C9H16O2,0,1,11,g,-106.7878,,none,bains:Pedley,row2424,isopentyl crotonate,2,2,0.0122,0,0,False,False,False
exp_00519,JBIJLHTVPXGSAM-UHFFFAOYSA-N,Nc1ccc2ccccc2c1,C10H9N,0,1,11,g,31.9790,,none,bains:Pedley,row222,2-naphthylamine,4,4,4.1210,3,0,False,False,True
exp_00520,JBKVHLHDHHXQEQ-UHFFFAOYSA-N,O=C1CCCCCN1,C6H11NO,0,1,8,g,-58.8432,,none,bains:Pedley,row1486,epsilon-caprolactam,3,3,0.0432,0,0,False,False,False
exp_00521,JDQKSTIAVKXRSK-UHFFFAOYSA-N,C#CC(C)C(C)C,C7H12,0,1,7,g,20.5784,,none,bains:Yaws,row1868,"3,4-dimethyl-1-pentyne",1,1,0.0000,0,0,True,False,False
exp_00522,JDSHMPZPIAZGSV-UHFFFAOYSA-N,Nc1nc(N)nc(N)n1,C3H6N6,0,1,9,g,12.3805,,none,bains:Pedley,row660,melamine,1,1,0.0000,0,0,False,False,False
exp_00523,JEAVIRYCMBDJIU-UHFFFAOYSA-N,Cc1cccc(O)n1,C6H7NO,0,1,8,g,-28.7285,,none,bains:Pedley,row1807,2-methyl-6-hydroxypyridine,1,1,0.0000,0,0,False,False,False
exp_00524,JEEQUUSFXYRPRK-UHFFFAOYSA-N,CCC(C)CCC(C)CC,C10H22,0,1,10,g,-61.7208,,none,bains:Yaws,row156,"3,6-dimethyloctane",1,1,0.0000,0,0,True,False,False
exp_00525,JEHXSFWQQRMPGZ-UHFFFAOYSA-N,C1CC23CCC2(C1)O3,C7H10O,0,1,8,g,6.4293,,none,bains:Pedley,row1848,"8-oxatricyclo[3.2.1.0 1,5]octane",1,1,0.0000,0,0,False,False,False
exp_00526,JEWXYDDSLPIBBO-UHFFFAOYSA-N,CCCCCC(C)(O)CC,C9H20O,0,1,10,g,-93.2290,,none,bains:Yaws,row2505,2-ethyl-2-heptanol,1,1,0.0000,0,0,True,False,False
exp_00527,JFDZBHWFFUWGJE-UHFFFAOYSA-N,N#Cc1ccccc1,C7H5N,0,1,8,g,51.5774,0.2199,reported,atct,100-47-0*0,Benzonitrile,7,7,0.8191,0,0,False,True,False
exp_00528,JFNLZVQOOSMTJK-UHFFFAOYSA-N,C1=CC2CCC1C2,C7H10,0,1,7,g,21.5105,,none,bains:Pedley,row1845,norbornene,1,1,0.0000,0,0,False,False,False
exp_00529,JGHZJRVDZXSNKQ-UHFFFAOYSA-N,CCCCCCCC(=O)OC,C9H18O2,0,1,11,g,-127.5813,,none,bains:Pedley,row2459,methyl octanoate,2,2,0.1013,0,0,False,False,False
exp_00530,JGLLKZLRFYVZTG-UHFFFAOYSA-N,C=C=C1C=CC=C1,C7H6,0,1,7,g,84.7036,0.2629,reported,atct,27041-32-3*0,Fulvenallene,1,1,0.0000,0,0,False,False,False
exp_00531,JGUQDUKBUKFFRO-GGWOSOGESA-N,CC(=N\O)/C(C)=N/O,C4H8N2O2,0,1,8,g,-19.3117,,none,bains:Pedley,row1009,"2,3-butanedione dioxime",1,1,0.0000,0,0,False,False,False
exp_00532,JHIVVAPYMSGYDF-UHFFFAOYSA-N,O=C1CCCCC1,C6H10O,0,1,7,g,-55.2342,0.2103,reported,rmg:CCCBDB,Cyclohexanone,Cyclohexanone,7,7,5.3342,6,0,False,False,True
exp_00533,JIEGVNXCNNWVPH-UHFFFAOYSA-N,CCCCC(C)(O)C(C)C,C9H20O,0,1,10,g,-94.4909,,none,bains:Yaws,row2521,"2,3-dimethyl-3-heptanol",1,1,0.0000,0,0,True,False,False
exp_00534,JIGUQPWFLRLWPJ-UHFFFAOYSA-N,C=CC(=O)OCC,C5H8O2,0,1,7,g,-83.5397,,none,bains:Yaws,row1343,ethyl acrylate,1,1,0.0000,0,0,True,False,False
exp_00535,JIHQDMXYYFUGFV-UHFFFAOYSA-N,c1ncncn1,C3H3N3,0,1,6,g,53.9842,0.2127,reported,rmg:CCCBDB,135-Triazine,135-Triazine,4,4,0.2954,0,0,False,False,False
exp_00536,JIKYCIMJXFEQPG-UHFFFAOYSA-N,C1=CCC=1,C4H4,0,1,4,g,138.4799,0.5258,reported,atct,50682-90-1*0,"1,2-Cyclobutadiene",1,1,0.0000,0,0,False,False,False
exp_00537,JIUFYGIESXPUPL-UHFFFAOYSA-N,C=CCCC(C)C,C7H14,0,1,7,g,-15.7027,,none,bains:Pedley,row1910,5-methyl-1-hexene,2,2,0.0027,0,0,False,False,False
exp_00538,JIZZVMCXCCJUHI-UHFFFAOYSA-N,CCC(C)(CO)CC(C)C,C9H20O,0,1,10,g,-94.4909,,none,bains:Yaws,row2538,"2,4-dimethyl-2-ethyl-1-pentanol",1,1,0.0000,0,0,True,False,False
exp_00539,JJWLVOIRVHMVIS-UHFFFAOYSA-N,CC(C)N,C3H9N,0,1,4,g,-19.9426,0.1243,reported,atct,75-31-0*0,2-Propanamine,7,7,0.2574,0,0,False,True,False
exp_00540,JKBPBRLDGFKIIA-UHFFFAOYSA-N,CCC=C(C#N)C#N,C6H6N2,0,1,8,g,64.7706,,none,bains:Yaws,row1785,cis-dicyano-1-butene,1,1,0.0000,0,0,True,False,False
exp_00541,JKJSZGJVBAWEFB-UHFFFAOYSA-N,Cc1nonc1C,C4H6N2O,0,1,7,g,25.6453,,none,bains:Pedley,row858,dimethylfurazan,1,1,0.0000,0,0,False,False,False
exp_00542,JKMYLSLBFNMSFP-DTORHVGOSA-N,CC[C@@H]1CCC[C@@H]1CC,C9H18,0,1,9,g,-45.1601,,none,bains:Yaws,row2442,"1,cis-2-diethylcyclopentane",1,1,0.0000,0,0,True,False,False
exp_00543,JKTCBAGSMQIFNL-UHFFFAOYSA-N,C1=COCC1,C4H6O,0,1,5,g,-17.2682,,none,bains:NIST-1,row861,"2,3-dihydrofuran",1,1,0.0000,0,0,False,False,False
exp_00544,JLAUIBFZZUVOBB-UHFFFAOYSA-N,CCC(C)CCN,C6H15N,0,1,7,g,-32.9111,,none,bains:Yaws,row1695,1-amino-3-methylpentane,1,1,0.0000,0,0,True,False,False
exp_00545,JLJXMZMKMRQOLN-UHFFFAOYSA-N,OCOOCO,C2H6O4,0,1,6,g,-136.6396,,none,bains:Pedley,row482,bishydroxymethylperoxide,2,2,0.9604,0,0,False,False,False
exp_00546,JLTDJTHDQAWBAV-UHFFFAOYSA-N,CN(C)c1ccccc1,C8H11N,0,1,9,g,24.0201,,none,bains:Pedley,row2137,"N,N-dimethylaniline",2,2,0.0000,0,0,False,False,False
exp_00547,JMANVNJQNLATNU-UHFFFAOYSA-N,N#CC#N,C2N2,0,1,4,g,74.1276,0.0980,reported,atct,460-19-5*0,Cyanogen,13,13,11.2763,1,0,False,False,True
exp_00548,JMMWKPVZQRWMSS-UHFFFAOYSA-N,CC(=O)OC(C)C,C5H10O2,0,1,7,g,-115.1291,,none,bains:Pedley,row1174,isopropyl acetate,2,2,0.0091,0,0,False,False,False
exp_00549,JMMZCWZIJXAGKW-UHFFFAOYSA-N,CCC=C(C)C,C6H12,0,1,6,g,-15.9895,,none,bains:Pedley,row1496,2-methyl-2-pentene,2,2,0.0095,0,0,False,False,False
exp_00550,JNTOKFNBDFMTIV-UHFFFAOYSA-N,CCCO[N+](=O)[O-],C3H7NO3,0,1,7,g,-41.5631,,none,bains:Pedley,row696,propyl nitrate,2,2,0.0031,0,0,False,False,False
exp_00551,JNUKOTUICJZAIB-UHFFFAOYSA-N,C=C=C=C=CC,C6H6,0,1,6,g,100.4063,0.3585,reported,atct,177856-38-1*0,"1,2,3,4-Hexatetraene",1,1,0.0000,0,0,False,False,False
exp_00552,JOVGLRSLWFSVNB-BQBZGAKWSA-N,C[C@H]1C=CC[C@@H]1C,C7H12,0,1,7,g,-2.7964,,none,bains:Yaws,row1872,"3,trans-4-dimethylcyclopentene",1,1,0.0000,0,0,True,False,False
exp_00553,JOYRKODLDBILNP-UHFFFAOYSA-N,CCOC(N)=O,C3H7NO2,0,1,6,g,-106.6683,,none,bains:NIST-1,row692,ethyl carbamate,1,1,0.0000,0,0,False,False,False
exp_00554,JOZZAIIGWFLONA-UHFFFAOYSA-N,CC(C)C(C)N,C5H13N,0,1,6,g,-26.9359,,none,bains:Yaws,row1272,"1,2-dimethylpropylamine",1,1,0.0000,0,0,True,False,False
exp_00555,JPEWDCTZJFUITH-UHFFFAOYSA-N,CCCCCCCCCCOC,C11H24O,0,1,12,g,-91.0851,,none,bains:Pedley,row239,1-methoxydecane,1,1,0.0000,0,0,False,False,False
exp_00556,JPLZSSHKQZJYTJ-SREVYHEPSA-N,CC/C=C\C(C)(C)C,C8H16,0,1,8,g,-25.7409,,none,bains:Pedley,row2196,"2,2-dimethyl-cis-3-hexene",3,3,3.9914,1,0,False,False,True
exp_00557,JPUIYNHIEXIFMV-UHFFFAOYSA-N,CC(C)CCC(C)(C)O,C8H18O,0,1,9,g,-89.5578,,none,bains:Yaws,row2312,"2,5-dimethyl-2-hexanol",1,1,0.0000,0,0,True,False,False
exp_00558,JQJJVBLKRXSWNS-UHFFFAOYSA-N,C=C1C=CC(C)=C1C,C8H10,0,1,8,g,31.2000,,none,bains:Cox-1,row2113,dimethylfulvene,1,1,0.0000,0,0,False,False,False
exp_00559,JQVDAXLFBXTEQA-UHFFFAOYSA-N,CCCCNCCCC,C8H19N,0,1,9,g,-37.4283,,none,bains:Pedley,row2346,dibutylamine,2,2,0.0000,0,0,False,False,False
exp_00560,JREISGVVJTVFBL-HTQZYQBOSA-N,CCC1[C@H](C)CC[C@H]1C,C9H18,0,1,9,g,-50.0215,,none,bains:Yaws,row2451,"1,trans-3-dimethyl-cis-2-ethylcyclopentane",1,1,0.0000,0,0,True,False,False
exp_00561,JRXXLCKWQFKACW-UHFFFAOYSA-N,C(#Cc1ccccc1)c1ccccc1,C14H10,0,1,14,g,97.3470,0.2868,reported,atct,501-65-5*0,Diphenylacetylene,1,1,0.0000,0,0,False,False,False
exp_00562,JSASFGPUXQDHEC-UHFFFAOYSA-N,C=C1C2CCC1CC2,C8H12,0,1,8,g,14.3881,,none,bains:Pedley,row2143,7-methylenebicyclo[2.2.1]heptane,1,1,0.0000,0,0,False,False,False
exp_00563,JSGHQDAEHDRLOI-UHFFFAOYSA-N,N#CC(=O)C#N,C3N2O,0,1,6,g,59.1539,,none,bains:Pedley,row738,carbonyl cyanide,2,2,0.0539,0,0,False,False,False
exp_00564,JSUXZEJWGVYJJG-UHFFFAOYSA-N,CCCCC(CO)CCC,C9H20O,0,1,10,g,-92.3996,,none,bains:Yaws,row2491,2-propyl-1-hexanol,1,1,0.0000,0,0,True,False,False
exp_00565,JSZOAYXJRCEYSX-UHFFFAOYSA-N,CCC[N+](=O)[O-],C3H7NO2,0,1,6,g,-29.5889,,none,bains:Pedley,row691,1-Nitropropane,6,6,0.6857,0,0,False,True,False
exp_00566,JTOONBKGYWVPOY-UHFFFAOYSA-N,CCC(C)C(C)C(C)(C)O,C9H20O,0,1,10,g,-95.7529,,none,bains:Yaws,row2541,"2,3,4-trimethyl-2-hexanol",1,1,0.0000,0,0,True,False,False
exp_00567,JTVNFJINIGKHAV-UHFFFAOYSA-N,C1C2=C1C2,C4H4,0,1,4,g,136.3289,0.4541,reported,atct,58208-49-4*0,Bicyclo[1.1.0]but-1(3)-ene,1,1,0.0000,0,0,False,False,False
exp_00568,JTXMVXSTHSMVQF-UHFFFAOYSA-N,CC(=O)OCCOC(C)=O,C6H10O4,0,1,10,g,-192.8776,,none,bains:Yaws,row1468,ethylene glycol diacetate,1,1,0.0000,0,0,True,False,False
exp_00569,JUJWROOIHBZHMG-UHFFFAOYSA-N,c1ccncc1,C5H5N,0,1,6,g,33.5875,0.0956,reported,atct,110-86-1*0,Pyridine,12,12,8.2855,2,0,False,True,True
exp_00570,JULNEFHJBRHDSM-UHFFFAOYSA-N,CCC(CO)C(C)O,C6H14O2,0,1,8,g,-115.7744,,none,bains:Yaws,row1646,"2-ethyl-1,3-butanediol",1,1,0.0000,0,0,True,False,False
exp_00571,JUWXVJKQNKKRLD-UHFFFAOYSA-N,CCC#CCCCCCC,C10H18,0,1,10,g,5.3944,,none,bains:Yaws,row120,3-decyne,1,1,0.0000,0,0,True,False,False
exp_00572,JVSWJIKNEAIKJW-UHFFFAOYSA-N,CCCCCC(C)C,C8H18,0,1,8,g,-51.4818,,none,bains:Pedley,row2258,2-methylheptane,2,2,0.0118,0,0,False,False,False
exp_00573,JVVPJIPOOZHNTM-UHFFFAOYSA-N,C=CC1CC1C,C6H10,0,1,6,g,24.6176,,none,bains:NIST-1,row1447,1-methyl-2-vinylcyclopropane,1,1,0.0000,0,0,False,False,False
exp_00574,JWAZRIHNYRIHIV-UHFFFAOYSA-N,Oc1ccc2ccccc2c1,C10H8O,0,1,11,g,-7.1702,,none,bains:Pedley,row220,2-Naphthol,5,5,2.9298,4,0,False,True,True
exp_00575,JWUXJYZVKZKLTJ-UHFFFAOYSA-N,CC1(C)CC(=O)CC(C)(C)N1,C9H17NO,0,1,11,g,-65.3442,,none,bains:Pedley,row2436,"2,2,6,6-tetramethyl-4-oxopiperidine",2,2,0.0558,0,0,False,False,False
exp_00576,JXGJFWLYGSVFBS-UHFFFAOYSA-N,C1=CC12C=C2,C5H4,0,1,5,g,154.0631,0.5497,reported,atct,1727-65-7*0,Spiropentadiene,1,1,0.0000,0,0,False,False,False
exp_00577,JXPOLSKBTUYKJB-UHFFFAOYSA-N,CCCC(C)C(C)C,C8H18,0,1,8,g,-51.0994,,none,bains:Pedley,row2263,"2,3-dimethylhexane",3,3,0.0006,0,0,False,False,False
exp_00578,JYINMLPNDRBKKZ-UHFFFAOYSA-N,OOc1ccccc1,C6H6O2,0,1,8,g,-1.2428,0.5019,reported,atct,36112-26-2*0,Phenyl hydroperoxide,1,1,0.0000,0,0,False,False,False
exp_00579,JYNQKCFJPQEXSL-UHFFFAOYSA-N,CCC(N)C(C)C,C6H15N,0,1,7,g,-34.7753,,none,bains:Yaws,row1702,3-amino-2-methylpentane,1,1,0.0000,0,0,True,False,False
exp_00580,JYPNFPDSJNLMFC-UHFFFAOYSA-N,N#CC1C=CCC1,C6H7N,0,1,7,g,33.9627,,none,bains:Pedley,row1803,2-cyclopentene-1-carbonitrile,1,1,0.0000,0,0,False,False,False
exp_00581,JYVLIDXNZAXMDK-UHFFFAOYSA-N,CCCC(C)O,C5H12O,0,1,6,g,-74.7371,,none,bains:Pedley,row1232,pentan-2-ol,5,5,0.4541,0,0,False,False,False
exp_00582,JYYNAJVZFGKDEQ-UHFFFAOYSA-N,Cc1ccnc(C)c1,C7H9N,0,1,8,g,15.2725,,none,bains:Pedley,row2102,"2,4-dimethylpyridine",3,3,0.0025,0,0,False,False,False
exp_00583,JZBKRUIGSVOOIC-UHFFFAOYSA-N,CCCC(C)C(CC)CC,C10H22,0,1,10,g,-59.8709,,none,bains:Yaws,row154,3-ethyl-4-methylheptane,1,1,0.0000,0,0,True,False,False
exp_00584,KAESVJOAVNADME-UHFFFAOYSA-N,c1cc[nH]c1,C4H5N,0,1,5,g,25.9000,,none,bains:Cioslowski,row840,1H-pyrrole,7,7,8.3456,1,0,False,True,True
exp_00585,KAKJZWSUVDRWQU-GQCTYLIASA-N,C/C=C/C(=O)OC(C)CC,C8H14O2,0,1,10,g,-101.6013,,none,bains:Pedley,row2171,sec-butyl crotonate,2,2,0.0013,0,0,False,False,False
exp_00586,KAKZBPTYRLMSJV-UHFFFAOYSA-N,C=CC=C,C4H6,0,1,4,g,26.5655,0.0693,reported,atct,106-99-0*0,"1,3-Butadiene",13,13,0.7572,0,0,False,True,False
exp_00587,KAOQVXHBVNKNHA-UHFFFAOYSA-N,CCCON=O,C3H7NO2,0,1,6,g,-28.2744,0.4063,reported,atct,543-67-9*0,Propyl nitrite,1,1,0.0000,0,0,False,False,False
exp_00588,KBCNUEXDHWDIFX-UHFFFAOYSA-N,CCCCCCC(C)(C)O,C9H20O,0,1,10,g,-93.2290,,none,bains:Yaws,row2497,2-methyl-2-octanol,1,1,0.0000,0,0,True,False,False
exp_00589,KBJXDTIYSSQJAI-UHFFFAOYSA-N,CCCNC(=O)O,C4H9NO2,0,1,7,g,-112.6673,,none,bains:Pedley,row1055,propylcarbamate,1,1,0.0000,0,0,False,False,False
exp_00590,KBPCCVWUMVGXGF-UHFFFAOYSA-N,CC(C)CCCC(C)C,C9H20,0,1,9,g,-58.0306,,none,bains:Yaws,row2480,"2,6-dimethylheptane",1,1,0.0000,0,0,True,False,False
exp_00591,KBPLFHHGFOOTCA-UHFFFAOYSA-N,CCCCCCCCO,C8H18O,0,1,9,g,-84.9665,,none,bains:Pedley,row2280,1-octanol,3,3,0.7100,0,0,False,False,False
exp_00592,KDIAMAVWIJYWHN-UHFFFAOYSA-N,CCCC1CCCC1,C8H16,0,1,8,g,-35.3011,,none,bains:Pedley,row2191,n-propylcyclopentane,2,2,0.0689,0,0,False,False,False
exp_00593,KDKYADYSIPSCCQ-UHFFFAOYSA-N,C#CCC,C4H6,0,1,4,g,39.8733,0.1338,reported,atct,107-00-6*0,1-Butyne,9,9,0.3922,0,0,False,True,False
exp_00594,KDRZICOOQNIJDN-UHFFFAOYSA-N,CC(C)C(C)CC(C)(C)C,C10H22,0,1,10,g,-63.6090,,none,bains:Yaws,row200,"2,2,4,5-tetramethylhexane",1,1,0.0000,0,0,True,False,False
exp_00595,KDSNLYIMUZNERS-UHFFFAOYSA-N,CC(C)CN,C4H11N,0,1,5,g,-23.5707,0.1291,reported,rmg:CCCBDB,2-Methyl-1-propanamine,2-Methyl-1-propanamine,4,4,10.8700,1,0,False,False,True
exp_00596,KDUIUFJBNGTBMD-DLMDZQPMSA-N,C1=C\C=C/C=C\C=C/1,C8H8,0,1,8,g,70.7000,,none,bains:Cioslowski,row2370,"1,3,5,7-cyclooctatetraene",7,7,1.6309,1,0,False,False,True
exp_00597,KDXKERNSBIXSRK-YFKPBYRVSA-N,NCCCC[C@H](N)C(=O)O,C6H14N2O2,0,1,10,g,-110.1816,,none,bains:Yaws,row1629,lysine,1,1,0.0000,0,0,True,False,False
exp_00598,KDYFGRWQOYBRFD-UHFFFAOYSA-N,O=C(O)CCC(=O)O,C4H6O4,0,1,8,g,-196.7734,0.6453,reported,atct,110-15-6*0,Succinic acid,9,9,1.3435,1,0,False,False,True
exp_00599,KEVMYFLMMDUPJE-UHFFFAOYSA-N,CC(C)CCCCC(C)C,C10H22,0,1,10,g,-63.0999,,none,bains:Yaws,row202,"2,7-dimethyloctane",1,1,0.0000,0,0,True,False,False
exp_00600,KFETUQFRWIVAMU-UHFFFAOYSA-N,Cc1cccc(C(C)C)c1O,C10H14O,0,1,11,g,-56.3098,,none,bains:Pedley,row101,2-isopropyl-6-methylphenol,1,1,0.0000,0,0,False,False,False
exp_00601,KFJGTWZIOKFALT-UHFFFAOYSA-N,C1=NN1,CH2N2,0,1,3,g,95.1482,0.3346,reported,atct,157-23-3*0,1H-Diazirene,1,1,0.0000,0,0,False,False,False
exp_00602,KFRCBGHGDZSOJV-UHFFFAOYSA-N,CCCC(O)CC(C)CC,C9H20O,0,1,10,g,-93.6616,,none,bains:Yaws,row2511,6-methyl-4-octanol,1,1,0.0000,0,0,True,False,False
exp_00603,KFZMGEQAYNKOFK-UHFFFAOYSA-N,CC(C)O,C3H8O,0,1,4,g,-65.1793,0.0621,reported,atct,67-63-0*0,2-Propanol,14,14,0.4555,0,0,False,False,False
exp_00604,KGUBSOCXRUPVMO-AATRIKPKSA-N,CC/C=C/C(=O)OCCC,C8H14O2,0,1,10,g,-98.7094,,none,bains:Pedley,row2164,n-propyl 2-pentenoate,2,2,0.0094,0,0,False,False,False
exp_00605,KHBYKPSFBHWBJQ-UHFFFAOYSA-N,C#CCC(C)(C)C,C7H12,0,1,7,g,19.5268,,none,bains:Yaws,row1866,"4,4-dimethyl-1-pentyne",1,1,0.0000,0,0,True,False,False
exp_00606,KHSOOQUMPPYGAW-UHFFFAOYSA-N,CC(O)CC(C)C(C)C,C8H18O,0,1,9,g,-89.9904,,none,bains:Yaws,row2310,"4,5-dimethyl-2-hexanol",1,1,0.0000,0,0,True,False,False
exp_00607,KHXLYFSTSOVKSI-UHFFFAOYSA-N,NC[N+](=O)[O-],CH4N2O2,0,1,5,g,-17.2717,,none,bains:Add Lit 1,row2687,nitromethylamine,1,1,0.0000,0,0,False,False,False
exp_00608,KIPMDPDAFINLIV-UHFFFAOYSA-N,O=[N+]([O-])CCO,C2H5NO3,0,1,6,g,-69.5746,,none,bains:Winget,row464,Nitroethanol,2,2,5.4895,1,0,False,True,True
exp_00609,KJCVRFUGPWSIIH-UHFFFAOYSA-N,Oc1cccc2ccccc12,C10H8O,0,1,11,g,-7.1463,,none,bains:Pedley,row221,1-Naphthol,4,4,2.0487,3,0,False,True,True
exp_00610,KJMBBHZOLRRVMV-UHFFFAOYSA-N,CCCC(O)CCC(C)C,C9H20O,0,1,10,g,-93.6616,,none,bains:Yaws,row2502,7-methyl-4-octanol,1,1,0.0000,0,0,True,False,False
exp_00611,KJSCNRSIKJGFHN-UHFFFAOYSA-N,C=C(O)CO,C3H6O2,0,1,5,g,-75.1434,0.2868,reported,atct,44169-27-9*0,"2-Propene-1,2-diol",1,1,0.0000,0,0,False,False,False
exp_00612,KJUGUADJHNHALS-UHFFFAOYSA-N,c1nn[nH]n1,CH2N4,0,1,5,g,80.0000,,none,bains:Cioslowski,row2656,2H-tetrazole,7,7,3.5182,2,0,False,True,True
exp_00613,KKEYFWRCBNTPAC-UHFFFAOYSA-N,O=C(O)c1ccc(C(=O)O)cc1,C8H6O4,0,1,12,g,-171.5822,,none,bains:Pedley,row2366,terephthalic acid,2,2,0.0022,0,0,False,False,False
exp_00614,KLCNJIQZXOQYTE-UHFFFAOYSA-N,C=CCC(C)(C)C,C7H14,0,1,7,g,-19.5029,,none,bains:Pedley,row1913,"4,4-dimethyl-1-pentene",5,5,0.9500,0,0,False,False,False
exp_00615,KLKFAASOGCDTDT-UHFFFAOYSA-N,CCOCOCC,C5H12O2,0,1,7,g,-99.1396,,none,bains:Pedley,row1245,diethoxymethane,1,1,0.0000,0,0,False,False,False
exp_00616,KLYCPFXDDDMZNQ-UHFFFAOYSA-N,c1ccccc#1,C6H4,0,1,6,g,109.7729,0.2032,reported,atct,462-80-6*0,o-Benzyne,2,2,0.0382,0,0,False,False,False
exp_00617,KMEUSKGEUADGET-UHFFFAOYSA-N,CC1(C)CC(=O)CC(C)(C)N1O,C9H17NO2,0,1,12,g,-71.2237,,none,bains:Pedley,row2437,"2,2,6,6-tetramethyl-1-hydroxy-4-oxopiperidine",2,2,0.0037,0,0,False,False,False
exp_00618,KMTRUDSVKNLOMY-UHFFFAOYSA-N,O=C1OCCO1,C3H4O3,0,1,6,g,-121.9527,0.2032,reported,atct,96-49-1*0,"1,3-Dioxolan-2-one",4,4,1.7328,1,0,False,False,True
exp_00619,KNCMKWVOMRUHKZ-WAYWQWQTSA-N,CC(C)/C=C\C(C)C,C8H16,0,1,8,g,-24.8327,,none,bains:Yaws,row2216,"2,5-dimethyl-cis-3-hexene",1,1,0.0000,0,0,True,False,False
exp_00620,KNTFAYXQHRNXSM-UHFFFAOYSA-N,CC(C)C(C)(O)C(C)(C)C,C9H20O,0,1,10,g,-96.5822,,none,bains:Yaws,row2563,"2,2,3,4-tetramethyl-3-pentanol",1,1,0.0000,0,0,True,False,False
exp_00621,KOOQJINBDNZUTB-UHFFFAOYSA-N,CC(C)CCN(C)C,C7H17N,0,1,8,g,-30.0096,,none,bains:Yaws,row2015,dimethyl-3-methylbutylamine,1,1,0.0000,0,0,True,False,False
exp_00622,KPMKEVXVVHNIEY-UHFFFAOYSA-N,O=C1CC2CCC1C2,C7H10O,0,1,8,g,-40.7744,,none,bains:Pedley,row1849,norcamphor,1,1,0.0000,0,0,False,False,False
exp_00623,KPNJYXKRHWAPHP-UHFFFAOYSA-N,CCCC(C)(C)N,C6H15N,0,1,7,g,-37.5478,,none,bains:Yaws,row1698,2-amino-2-methylpentane,1,1,0.0000,0,0,True,False,False
exp_00624,KPSSIOMAKSHJJG-UHFFFAOYSA-N,CC(C)(C)CO,C5H12O,0,1,6,g,-76.2596,,none,bains:Yaws,row1241,"2,2-dimethyl-1-propanol",1,1,0.0000,0,0,True,False,False
exp_00625,KQIIKSQUHGGYCU-UHFFFAOYSA-N,C#CC(C)(C)CC,C7H12,0,1,7,g,19.9092,,none,bains:Yaws,row1867,"3,3-dimethyl-1-pentyne",1,1,0.0000,0,0,True,False,False
exp_00626,KQRPZENSXZIOQO-UHFFFAOYSA-N,C=C(CC)C(C)(C)C,C8H16,0,1,8,g,-24.2734,,none,bains:Yaws,row2214,"3,3-dimethyl-2-ethyl-1-butene",1,1,0.0000,0,0,True,False,False
exp_00627,KQWGXHWJMSMDJJ-UHFFFAOYSA-N,O=C=NC1CCCCC1,C7H11NO,0,1,9,g,-33.4608,,none,bains:Yaws,row1859,cyclohexyl isocyanate,1,1,0.0000,0,0,True,False,False
exp_00628,KRIOVPPHQSLHCZ-UHFFFAOYSA-N,CCC(=O)c1ccccc1,C9H10O,0,1,10,g,-25.9799,,none,bains:Pedley,row2392,ethyl phenyl ketone,2,2,0.0001,0,0,False,False,False
exp_00629,KTHXBEHDVMTNOH-UHFFFAOYSA-N,OC1CCC1,C4H8O,0,1,5,g,-34.6558,,none,bains:NIST-1,row1022,cyclobutanol,1,1,0.0000,0,0,False,False,False
exp_00630,KUFFULVDNCHOFZ-UHFFFAOYSA-N,Cc1ccc(O)c(C)c1,C8H10O,0,1,9,g,-38.9340,,none,bains:Pedley,row2124,"2,4-xylenol",2,2,0.0040,0,0,False,False,False
exp_00631,KUMXLFIBWFCMOJ-UHFFFAOYSA-N,CCCC(C)(C)CC,C8H18,0,1,8,g,-52.5813,,none,bains:Pedley,row2265,"3,3-dimethylhexane",3,3,0.0013,0,0,False,False,False
exp_00632,KVJOUCNJVQBRAO-UHFFFAOYSA-N,CCC(CO)CCC(C)C,C9H20O,0,1,10,g,-93.6616,,none,bains:Yaws,row2518,5-methyl-2-ethyl-1-hexanol,1,1,0.0000,0,0,True,False,False
exp_00633,KVNRLNFWIYMESJ-UHFFFAOYSA-N,CCCC#N,C4H7N,0,1,5,g,8.0306,,none,bains:Pedley,row961,butyronitrile,4,4,0.6630,0,0,False,False,False
exp_00634,KVNYFPKFSJIPBJ-UHFFFAOYSA-N,CCc1ccccc1CC,C10H14,0,1,10,g,-3.7596,,none,bains:Yaws,row89,o-diethylbenzene,1,1,0.0000,0,0,True,False,False
exp_00635,KVUMRRVTCYRBGG-UHFFFAOYSA-N,CC1C(=O)OC(=O)C1(C)C,C7H10O3,0,1,10,g,-146.8212,,none,bains:Pedley,row1855,trimethylsuccinic anhydride,2,2,0.0212,0,0,False,False,False
exp_00636,KVZJLSYJROEPSQ-OCAPTIKFSA-N,C[C@@H]1CCCC[C@@H]1C,C8H16,0,1,8,g,-42.9971,,none,bains:Pedley,row2222,"cis-1,2-dimethylcyclohexane",3,3,1.8642,1,0,False,False,True
exp_00637,KWEDUNSJJZVRKR-UHFFFAOYSA-N,N#CN=[N+]=[N-],CN4,0,1,5,g,119.1205,0.4541,reported,atct,764-05-6*0,Cyanic azide,1,1,0.0000,0,0,False,False,False
exp_00638,KWFGJLCFMKVZLQ-UHFFFAOYSA-N,O=[N+]([O-])CCCC[N+](=O)[O-],C4H8N2O4,0,1,10,g,-38.8814,,none,bains:Winget,row1012,"1,4-Dinitrobutane",2,2,0.0000,0,0,False,True,False
exp_00639,KWKAKUADMBZCLK-UHFFFAOYSA-N,C=CCCCCCC,C8H16,0,1,8,g,-19.4551,,none,bains:Pedley,row2193,1-octene,2,2,0.0451,0,0,False,False,False
exp_00640,KWOLFJPFCHCOCG-UHFFFAOYSA-N,CC(=O)c1ccccc1,C8H8O,0,1,9,g,-20.0550,0.2342,reported,atct,98-86-2*0,Acetophenone,4,4,0.6668,0,0,False,False,False
exp_00641,KXDHJXZQYSOELW-UHFFFAOYSA-N,NC(=O)O,CH3NO2,0,1,4,g,-103.9771,0.1984,reported,atct,463-77-4*0,Carbamic acid,1,1,0.0000,0,0,False,False,False
exp_00642,KXKVLQRXCPHEJC-UHFFFAOYSA-N,COC(C)=O,C3H6O2,0,1,5,g,-98.7094,0.1338,reported,atct,79-20-9*0,Methyl acetate,5,5,0.8562,0,0,False,True,False
exp_00643,KXTYIWMMFJGCIC-UHFFFAOYSA-N,CC(C)c1ccc(OO)cc1,C9H12O2,0,1,11,g,-18.8000,,none,bains:Cox-1,row2408,cumene hydroperoxide,1,1,0.0000,0,0,False,False,False
exp_00644,KYPOHTVBFVELTG-OWOJBTEDSA-N,N#C/C=C/C#N,C4H2N2,0,1,6,g,81.3000,,none,bains:Cioslowski,row816,fumaronitrile,5,5,0.0486,0,0,False,True,False
exp_00645,KYQCOXFCLRTKLS-UHFFFAOYSA-N,c1cnccn1,C4H4N2,0,1,6,g,46.9000,,none,bains:Cioslowski,row825,pyrazine,6,6,4.0157,1,0,False,True,True
exp_00646,KZDSIZCJICMHJW-UHFFFAOYSA-N,Cc1cc(O)ccn1,C6H7NO,0,1,8,g,-17.1367,,none,bains:Pedley,row1808,2-methyl-4-hydroxypyridine,1,1,0.0000,0,0,False,False,False
exp_00647,KZJIOVQKSAOPOP-UHFFFAOYSA-N,C=CCCC(C)(C)C,C8H16,0,1,8,g,-24.0918,,none,bains:Yaws,row2195,"5,5-dimethyl-1-hexene",1,1,0.0000,0,0,True,False,False
exp_00648,KZSNJWFQEVHDMF-BYPYZUCNSA-N,CC(C)[C@H](N)C(=O)O,C5H11NO2,0,1,8,g,-108.7715,,none,bains:Pedley,row1222,valine,2,2,0.0085,0,0,False,False,False
exp_00649,KZZKOVLJUKWSKX-UHFFFAOYSA-N,NC1CCC1,C4H9N,0,1,5,g,9.7992,0.1004,reported,rmg:CCCBDB,Cyclobutylamine,Cyclobutylamine,3,3,0.0478,0,0,False,False,False
exp_00650,LAAVYEUJEMRIGF-UHFFFAOYSA-N,CC(C)=CC(C)(C)C,C8H16,0,1,8,g,-25.0717,,none,bains:Pedley,row2219,"2,4,4-trimethyl-2-pentene",2,2,0.0017,0,0,False,False,False
exp_00651,LABTWGUMFABVFG-UHFFFAOYSA-N,CC=CC(C)=O,C5H8O,0,1,6,g,-32.5048,,none,bains:NIST-1,row1336,pent-3-en-2-one,1,1,0.0000,0,0,False,False,False
exp_00652,LAIUFBWHERIJIH-UHFFFAOYSA-N,CCCCC(C)CC,C8H18,0,1,8,g,-50.3585,,none,bains:Pedley,row2259,3-methylheptane,2,2,0.4315,0,0,False,False,False
exp_00653,LAQPNDIUHRHNCV-UHFFFAOYSA-N,N#Cc1cccc(C#N)c1,C8H4N2,0,1,10,g,86.6635,,none,bains:Pedley,row2361,"1,3-benzenedicarbonitrile",1,1,0.0000,0,0,False,False,False
exp_00654,LASLVGACQUUOEB-UHFFFAOYSA-N,C1C2CC12,C4H6,0,1,4,g,51.9001,0.2008,reported,rmg:CCCBDB,Bicyclo1.1.0butane,Bicyclo1.1.0butane,7,7,0.0359,0,0,False,True,False
exp_00655,LBJWJHMCZHKLQU-UHFFFAOYSA-N,CCC(C)C(C)C(C)O,C8H18O,0,1,9,g,-89.9904,,none,bains:Yaws,row2292,"3,4-dimethyl-2-hexanol",1,1,0.0000,0,0,True,False,False
exp_00656,LCFKURIJYIJNRU-UHFFFAOYSA-N,CCCCC(C)CO,C7H16O,0,1,8,g,-84.2495,,none,bains:Pedley,row1971,trans-2-methylhexanol,1,1,0.0000,0,0,False,False,False
exp_00657,LCGLNKUTAGEVQW-UHFFFAOYSA-N,COC,C2H6O,0,1,3,g,-43.9532,0.0837,reported,atct,115-10-6*0,Methoxymethane,11,11,0.0478,0,0,False,False,False
exp_00658,LCTONWCANYUPML-UHFFFAOYSA-N,CC(=O)C(=O)O,C3H4O3,0,1,6,g,-127.8394,0.2318,reported,atct,127-17-3*0,Pyruvic acid,1,1,0.0000,0,0,False,False,False
exp_00659,LDCRTTXIJACKKU-ARJAWSKDSA-N,COC(=O)/C=C\C(=O)OC,C6H8O4,0,1,10,g,-148.3748,,none,bains:Yaws,row1825,dimethyl maleate,1,1,0.0000,0,0,True,False,False
exp_00660,LDHQCZJRKDOVOX-UHFFFAOYSA-N,CC=CC(=O)O,C4H6O2,0,1,6,g,-88.0736,,none,bains:NIST-1,row867,but-2-enoic acid,2,2,3.3461,1,0,False,False,True
exp_00661,LDLDYFCCDKENPD-UHFFFAOYSA-N,C=CC1CCCCC1,C8H14,0,1,8,g,-11.6874,,none,bains:Pedley,row2153,vinylcyclohexane,1,1,0.0000,0,0,False,False,False
exp_00662,LDTAOIUHUHHCMU-UHFFFAOYSA-N,C=CC(C)CC,C6H12,0,1,6,g,-11.8308,,none,bains:Pedley,row1498,3-methyl-1-pentene,2,2,0.0008,0,0,False,False,False
exp_00663,LELOWRISYMNNSU-UHFFFAOYSA-N,C#N,CHN,0,1,2,g,30.9042,0.0208,reported,atct,74-90-8*0,Hydrogen cyanide,9,9,1.4006,3,0,False,True,True
exp_00664,LEQAOMBKQFMDFZ-UHFFFAOYSA-N,O=CC=O,C2H2O2,0,1,4,g,-51.0038,0.1315,reported,atct,107-22-2*0,Glyoxal,8,8,0.3438,0,0,False,True,False
exp_00665,LFJQCDVYDGGFCH-UHFFFAOYSA-N,C=C1C=CC(C(C)C)CC1,C10H16,0,1,10,g,-1.3528,,none,bains:Yaws,row109,beta-phellandrene,1,1,0.0000,0,0,True,False,False
exp_00666,LFNHZWOAQRTIEQ-UHFFFAOYSA-N,C=CCCC(=O)OC(C)CC,C9H16O2,0,1,11,g,-106.6683,,none,bains:Pedley,row2426,sec-butyl 4-pentenoate,2,2,0.0317,0,0,False,False,False
exp_00667,LFQSCWFLJHTTHZ-UHFFFAOYSA-N,CCO,C2H6O,0,1,3,g,-56.1424,0.0478,reported,atct,64-17-5*0,Ethanol,13,13,0.3127,0,0,False,False,False
exp_00668,LGAQJENWWYGFSN-SNAWJCMRSA-N,C/C=C/C(C)C,C6H12,0,1,6,g,-14.6989,,none,bains:Pedley,row1495,4-methyl-trans-2-pentene,2,2,0.0011,0,0,False,False,False
exp_00669,LGRFSURHDFAFJT-UHFFFAOYSA-N,O=C1OC(=O)c2ccccc21,C8H4O3,0,1,11,g,-88.7667,,none,bains:Pedley,row2363,phthalic anhydride,2,2,0.0033,0,0,False,False,False
exp_00670,LGYNIFWIKSEESD-UHFFFAOYSA-N,CCCCC(C=O)CC,C8H16O,0,1,9,g,-71.6061,,none,bains:Pedley,row2229,2-ethyl-1-hexanal,2,2,0.0061,0,0,False,False,False
exp_00671,LHIJANUOQQMGNT-UHFFFAOYSA-N,NCCNCCO,C4H12N2O,0,1,7,g,-45.6501,,none,bains:Yaws,row804,N-aminoethyl ethanolamine,1,1,0.0000,0,0,True,False,False
exp_00672,LICHZOBEUWVYSY-UHFFFAOYSA-N,C1CC2CCC1CNC2,C8H15N,0,1,9,g,-10.4207,,none,bains:Pedley,row2188,3-azabicyclo[3.2.2]nonane,1,1,0.0000,0,0,False,False,False
exp_00673,LIKMAJRDDDTEIG-UHFFFAOYSA-N,C=CCCCC,C6H12,0,1,6,g,-10.3967,,none,bains:Pedley,row1491,hex-1-ene,5,5,0.4767,0,0,False,False,False
exp_00674,LIMAEKMEXJTSNI-UHFFFAOYSA-N,C=C(C)C(C)CC,C7H14,0,1,7,g,-19.6702,,none,bains:Yaws,row1919,"2,3-dimethyl-1-pentene",1,1,0.0000,0,0,True,False,False
exp_00675,LIWAQLJGPBVORC-UHFFFAOYSA-N,CCNC,C3H9N,0,1,4,g,-10.8987,0.2629,reported,atct,624-78-2*0,N-Methylethanamine,1,1,0.0000,0,0,False,False,False
exp_00676,LJIIBBYARMPSMT-UHFFFAOYSA-N,CCC(C)C(C)C(C)CC,C10H22,0,1,10,g,-60.4302,,none,bains:Yaws,row171,"3,4,5-trimethylheptane",1,1,0.0000,0,0,True,False,False
exp_00677,LKKHEZBRRGJBGH-UHFFFAOYSA-N,CC([N+](=O)[O-])[N+](=O)[O-],C2H4N2O4,0,1,8,g,-24.0885,,none,bains:Winget,row427,"1,1-Dinitroethane",2,2,0.0000,0,0,False,True,False
exp_00678,LKSPYOVNNMPMIZ-UHFFFAOYSA-N,C1=CN=C1,C3H3N,0,1,4,g,110.2772,0.3585,reported,atct,287-24-1*0,Azete,1,1,0.0000,0,0,False,False,False
exp_00679,LKXAUCPURVBMRN-UHFFFAOYSA-N,CC1(C)CC=CC1,C7H12,0,1,7,g,-1.6969,,none,bains:Yaws,row1876,"4,4-dimethylcyclopentene",1,1,0.0000,0,0,True,False,False
exp_00680,LLCSWKVOHICRDD-UHFFFAOYSA-N,C#CC#C,C4H2,0,1,4,g,109.9665,0.1147,reported,atct,460-12-8*0,"1,3-Butadiyne",7,7,5.3934,3,0,False,True,True
exp_00681,LLYKIMPMZLMAOC-UHFFFAOYSA-N,O=[N+]([O-])C1([N+](=O)[O-])C2CC3CC(C2)CC1C3,C10H14N2O4,0,1,16,g,-38.5994,,none,bains:Add Lit 1,row93,"2,2-dinitroadamantane",1,1,0.0000,0,0,False,False,False
exp_00682,LMGZGXSXHCMSAA-UHFFFAOYSA-N,C1CCCCCCCCC1,C10H20,0,1,10,g,-36.8786,,none,bains:Yaws,row123,cyclodecane,1,1,0.0000,0,0,True,False,False
exp_00683,LNDJVIYUJOJFSO-UHFFFAOYSA-N,C#CC#N,C3HN,0,1,4,g,89.3858,0.1362,reported,atct,1070-71-9*0,Cyanoacetylene,2,2,4.7777,1,0,False,False,True
exp_00684,LOMVENUNSWAXEN-UHFFFAOYSA-N,COC(=O)C(=O)OC,C4H6O4,0,1,8,g,-169.4312,,none,bains:Pedley,row880,dimethyl oxalate,1,1,0.0000,0,0,False,False,False
exp_00685,LONYOMRPNGXPGP-UHFFFAOYSA-N,C=C(O)O,C2H4O2,0,1,4,g,-76.4938,0.1960,reported,atct,10375-04-9*0,"1,1-Ethenediol",1,1,0.0000,0,0,False,False,False
exp_00686,LPIQUOYDBNQMRZ-UHFFFAOYSA-N,C1=CCCC1,C5H8,0,1,5,g,8.5229,0.1028,reported,atct,142-29-0*0,Cyclopentene,16,16,0.9542,0,0,False,True,False
exp_00687,LPKATDGGXXEZFL-UHFFFAOYSA-N,CC(C)(C)CC(=O)CC(C)(C)C,C11H22O,0,1,12,g,-100.6692,,none,bains:Pedley,row237,"2,2,6,6-tetramethyl-4-heptanone",1,1,0.0000,0,0,False,False,False
exp_00688,LQCYZZANGSLXDJ-BQYQJAHWSA-N,CCC/N=N/CCC,C6H14N2,0,1,8,g,12.3088,,none,bains:Pedley,row1626,azo-n-Propane,3,3,3.7129,2,0,False,True,True
exp_00689,LQNUZADURLCDLV-UHFFFAOYSA-N,O=[N+]([O-])c1ccccc1,C6H5NO2,0,1,9,g,14.9379,0.3107,reported,atct,98-95-3*0,Nitrobenzene,6,6,1.6802,2,0,False,True,True
exp_00690,LRDFRRGEGBBSRN-UHFFFAOYSA-N,CC(C)C#N,C4H7N,0,1,5,g,5.5688,,none,bains:Pedley,row962,isobutyronitrile,5,5,0.7507,0,0,False,False,False
exp_00691,LRHPLDYGYMQRHN-UHFFFAOYSA-N,CCCCO,C4H10O,0,1,5,g,-65.6668,0.0574,reported,atct,71-36-3*0,1-Butanol,8,8,1.6700,1,0,False,False,True
exp_00692,LRMHVVPPGGOAJQ-UHFFFAOYSA-N,CO[N+](=O)[O-],CH3NO3,0,1,5,g,-29.1587,0.2390,reported,rmg:CCCBDB,Methyl nitrate,Methyl nitrate,7,7,0.1204,0,0,False,True,False
exp_00693,LSICDRUYCNGRIF-UHFFFAOYSA-N,CCCCCCCN(C)C,C9H21N,0,1,10,g,-38.6138,,none,bains:Yaws,row2590,dimethylheptylamine,1,1,0.0000,0,0,True,False,False
exp_00694,LSTZYJQJHGEVKH-UHFFFAOYSA-N,CCCC(C)N(C)C,C7H17N,0,1,8,g,-30.0096,,none,bains:Yaws,row2009,dimethyl-2-pentylamine,1,1,0.0000,0,0,True,False,False
exp_00695,LSXWFXONGKSEMY-UHFFFAOYSA-N,CC(C)(C)OOC(C)(C)C,C8H18O2,0,1,10,g,-83.4369,,none,bains:Pedley,row2323,di-t-butyl peroxide,5,5,4.4990,3,0,False,False,True
exp_00696,LTHCSWBWNVGEFE-UHFFFAOYSA-N,CCCCCCCC(N)=O,C8H17NO,0,1,10,g,-86.6874,,none,bains:Pedley,row2256,octanamide,2,2,0.0126,0,0,False,False,False
exp_00697,LTKHKGAPVGSECA-UHFFFAOYSA-N,CCC(C)C(C)(O)C(C)C,C9H20O,0,1,10,g,-95.7529,,none,bains:Yaws,row2545,"2,3,4-trimethyl-3-hexanol",1,1,0.0000,0,0,True,False,False
exp_00698,LTNUSYNQZJZUSY-UHFFFAOYSA-N,CC(C)(C)CC=O,C6H12O,0,1,7,g,-60.8748,,none,bains:Yaws,row1527,"3,3-dimethylbutanal",1,1,0.0000,0,0,True,False,False
exp_00699,LTTHCWFPLXSQOD-UHFFFAOYSA-N,CCCC(C)(C)C(C)O,C8H18O,0,1,9,g,-89.5578,,none,bains:Yaws,row2295,"3,3-dimethyl-2-hexanol",1,1,0.0000,0,0,True,False,False
exp_00700,LVIFBEPHIBJBEU-UHFFFAOYSA-N,CCC(C)CCC(C)(C)O,C9H20O,0,1,10,g,-94.4909,,none,bains:Yaws,row2529,"2,5-dimethyl-2-heptanol",1,1,0.0000,0,0,True,False,False
exp_00701,LVLXQRZPKUFJJQ-UHFFFAOYSA-N,C=C(C)C(C)CCC,C8H16,0,1,8,g,-23.4465,,none,bains:Yaws,row2201,"2,3-dimethyl-1-hexene",1,1,0.0000,0,0,True,False,False
exp_00702,LVMTVPFRTKXRPH-UHFFFAOYSA-N,C=C=CCC,C5H8,0,1,5,g,33.6281,,none,bains:Pedley,row1323,"penta-1,2-diene",3,3,0.0239,0,0,False,False,False
exp_00703,LVTYICIALWPMFW-UHFFFAOYSA-N,CC(O)CNCC(C)O,C6H15NO2,0,1,9,g,-108.5086,,none,bains:Yaws,row1715,diisopropanolamine,1,1,0.0000,0,0,True,False,False
exp_00704,LVZWSLJZHVFIQJ-UHFFFAOYSA-N,C1CC1,C3H6,0,1,3,g,12.8896,0.0765,reported,atct,75-19-4*0,Cyclopropane,11,11,3.4967,1,0,False,True,True
exp_00705,LWWJDXKGQVEZKT-UHFFFAOYSA-N,CCCC(CC)CCO,C8H18O,0,1,9,g,-87.4665,,none,bains:Yaws,row2283,3-ethyl-1-hexanol,1,1,0.0000,0,0,True,False,False
exp_00706,LXBGSDVWAMZHDD-UHFFFAOYSA-N,Cc1ncc[nH]1,C4H6N2,0,1,6,g,21.4627,,none,bains:NIST-1,row856,2-methyl-1H-imidazole,1,1,0.0000,0,0,False,False,False
exp_00707,LXQPBCHJNIOMQU-UHFFFAOYSA-N,C=C(C)CC(C)C,C7H14,0,1,7,g,-20.0287,,none,bains:Pedley,row1921,"2,4-dimethyl-1-pentene",3,3,0.7183,0,0,False,False,False
exp_00708,LYCAIKOWRPUZTN-UHFFFAOYSA-N,OCCO,C2H6O2,0,1,4,g,-93.0402,0.0956,reported,atct,107-21-1*0,Ethylene glycol,10,10,3.1000,1,0,False,True,True
exp_00709,LYGJENNIWJXYER-UHFFFAOYSA-N,C[N+](=O)[O-],CH3NO2,0,1,4,g,-17.7988,0.0956,reported,atct,75-52-5*0,Nitromethane,13,13,7.2595,4,0,False,True,True
exp_00710,LZCLXQDLBQLTDK-UHFFFAOYSA-N,CCOC(=O)C(C)O,C5H10O3,0,1,8,g,-151.7686,,none,bains:Yaws,row1184,ethyl lactate,1,1,0.0000,0,0,True,False,False
exp_00711,LZDKZFUFMNSQCJ-UHFFFAOYSA-N,CCOCCOCC,C6H14O2,0,1,8,g,-97.5621,,none,bains:Pedley,row1648,"1,2-diethoxyethane",1,1,0.0000,0,0,False,False,False
exp_00712,LZGVDNRJCGPNDS-UHFFFAOYSA-N,O=[N+]([O-])C([N+](=O)[O-])[N+](=O)[O-],CHN3O6,0,1,10,g,-0.0478,,none,bains:Pedley,row2722,Trinitromethane,3,3,3.1507,2,0,False,True,True
exp_00713,MAAKQSASDHJHIR-UHFFFAOYSA-N,C1COOO1,C2H4O3,0,1,5,g,-5.5688,0.3585,reported,atct,6669-36-9*0,"1,2,3-Trioxolane",1,1,0.0000,0,0,False,False,False
exp_00714,MAKRYGRRIKSDES-UHFFFAOYSA-N,CCCC(C)C(C)CC,C9H20,0,1,9,g,-55.8795,,none,bains:Yaws,row2473,"3,4-dimethylheptane",1,1,0.0000,0,0,True,False,False
exp_00715,MCEYLFHKATVXLN-UHFFFAOYSA-N,CCC(C)(C)C(C)(C)CC,C10H22,0,1,10,g,-60.3705,,none,bains:Yaws,row192,"3,3,4,4-tetramethylhexane",1,1,0.0000,0,0,True,False,False
exp_00716,MCJGNVYPOGVAJF-UHFFFAOYSA-N,Oc1cccc2cccnc12,C9H7NO,0,1,11,g,5.4971,,none,bains:Pedley,row2601,8-hydroxyquinoline,2,2,0.3971,0,0,False,False,False
exp_00717,MCSAJNNLRCFZED-UHFFFAOYSA-N,CC[N+](=O)[O-],C2H5NO2,0,1,5,g,-24.5578,0.1482,reported,atct,79-24-3*0,Nitroethane,8,8,1.8578,4,0,False,True,True
exp_00718,MCVVUJPXSBQTRZ-ONEGZZNKSA-N,C/C=C/C(=O)OC,C5H8O2,0,1,7,g,-81.7161,,none,bains:Pedley,row1341,methyl crotonate,2,2,0.0161,0,0,False,False,False
exp_00719,MDCQHVMMIFCHAK-UHFFFAOYSA-N,C#CC(=C)C=C,C6H6,0,1,6,g,83.7237,0.5258,reported,atct,6929-96-0*0,3-Methylene-1-penten-4-yne,1,1,0.0000,0,0,False,False,False
exp_00720,MDROPVLMRLHTDK-UHFFFAOYSA-N,C#CCC#C,C5H4,0,1,5,g,108.6520,0.2629,reported,atct,24442-69-1*0,"1,4-Pentadiyne",1,1,0.0000,0,0,False,False,False
exp_00721,MDYOLVRUBBJPFM-UHFFFAOYSA-N,O=c1cccccc1O,C7H6O2,0,1,9,g,-37.1415,,none,bains:Pedley,row2056,tropolone,4,4,0.2000,0,0,False,False,False
exp_00722,MELUCTCJOARQQG-UHFFFAOYSA-N,CC#CCCC,C6H10,0,1,6,g,25.7409,,none,bains:NIST-1,row1444,hex-2-yne,1,1,0.0000,0,0,False,False,False
exp_00723,MEUKEBNAABNAEX-UHFFFAOYSA-N,COO,CH4O2,0,1,3,g,-30.5091,0.1004,reported,atct,3031-73-0*0,Methyl hydroperoxide,5,5,2.7127,1,0,False,False,True
exp_00724,MFYHIHFYDULUQP-UHFFFAOYSA-N,CCC(C)CCC(O)CC,C9H20O,0,1,10,g,-93.6616,,none,bains:Yaws,row2515,6-methyl-3-octanol,1,1,0.0000,0,0,True,False,False
exp_00725,MGHKWBQZEBMFOH-UHFFFAOYSA-N,Cc1noc(C)c1C,C6H9NO,0,1,8,g,-4.7801,,none,bains:Pedley,row1834,"3,4,5-trimethylisoxazole",2,2,0.0199,0,0,False,False,False
exp_00726,MGNZXYYWBUKAII-UHFFFAOYSA-N,C1=CCCC=C1,C6H8,0,1,6,g,25.3824,,none,bains:Pedley,row1811,"cyclohexa-1,3-diene",6,6,0.3926,0,0,False,True,False
exp_00727,MGPKTKXUWSVAMY-UHFFFAOYSA-N,N#CCC(=O)Cc1ccccc1,C10H9NO,0,1,12,g,7.2419,,none,bains:Pedley,row224,beta-oxobenzenebutanenitrile,1,1,0.0000,0,0,False,False,False
exp_00728,MGSRCZKZVOBKFT-UHFFFAOYSA-N,Cc1ccc(C(C)C)c(O)c1,C10H14O,0,1,11,g,-52.2228,,none,bains:Pedley,row100,thymol,2,2,0.0228,0,0,False,False,False
exp_00729,MGWAGIQQTULHGU-UHFFFAOYSA-N,CCC(CC)CN,C6H15N,0,1,7,g,-32.4331,,none,bains:Yaws,row1696,1-amino-2-ethylbutane,1,1,0.0000,0,0,True,False,False
exp_00730,MHIRRFYTMFZXHD-UHFFFAOYSA-N,CCCCC1=CCCC1,C9H16,0,1,9,g,-14.6272,,none,bains:Yaws,row2414,1-butylcyclopentene,1,1,0.0000,0,0,True,False,False
exp_00731,MHJIVMDBOGBUHH-UHFFFAOYSA-N,CCCC(CCC)CCO,C9H20O,0,1,10,g,-92.3996,,none,bains:Yaws,row2492,3-propyl-1-hexanol,1,1,0.0000,0,0,True,False,False
exp_00732,MHLPKAGDPWUOOT-UHFFFAOYSA-N,C1CC2CC12,C5H8,0,1,5,g,37.8000,,none,bains:Cioslowski,row1316,bicyclo[2.1.0]pentane,4,4,0.5178,0,0,False,True,False
exp_00733,MHNNAWXXUZQSNM-UHFFFAOYSA-N,C=C(C)CC,C5H10,0,1,5,g,-6.5966,,none,bains:Pedley,row1067,2-methylbut-1-ene,6,6,1.9993,5,0,False,True,True
exp_00734,MHPSPNGWFAGBNH-UHFFFAOYSA-N,CCC(C)C(C)C(C)(C)C,C10H22,0,1,10,g,-60.5497,,none,bains:Yaws,row190,"2,2,3,4-tetramethylhexane",1,1,0.0000,0,0,True,False,False
exp_00735,MIBBFRQOCRYDDB-UHFFFAOYSA-N,CCC(C)C(C)CO,C7H16O,0,1,8,g,-83.7954,,none,bains:Yaws,row1973,"2,3-dimethyl-1-pentanol",1,1,0.0000,0,0,True,False,False
exp_00736,MJOKZMZDONULOD-UHFFFAOYSA-N,CCCCC(O)C(C)CC,C9H20O,0,1,10,g,-93.6616,,none,bains:Yaws,row2506,3-methyl-4-octanol,1,1,0.0000,0,0,True,False,False
exp_00737,MLUCVPSAIODCQM-UHFFFAOYSA-N,CC=CC=O,C4H6O,0,1,5,g,-24.0440,,none,bains:Pedley,row860,but-2-enal,9,9,2.2304,3,0,False,False,True
exp_00738,MMASVVOQIKCFJZ-UHFFFAOYSA-N,CCC(C)(CC)C(C)C,C9H20,0,1,9,g,-55.8795,,none,bains:Yaws,row2478,"2,3-dimethyl-3-ethylpentane",1,1,0.0000,0,0,True,False,False
exp_00739,MMQDVLWWGWJSFS-UHFFFAOYSA-N,CCCCC(CC)C(C)O,C9H20O,0,1,10,g,-93.6616,,none,bains:Yaws,row2507,3-ethyl-2-heptanol,1,1,0.0000,0,0,True,False,False
exp_00740,MNFORVFSTILPAW-UHFFFAOYSA-N,O=C1CCN1,C3H5NO,0,1,5,g,-22.9000,,none,bains:Cioslowski,row634,azetidin-2-one,1,1,0.0000,0,0,False,False,False
exp_00741,MNWFXJYAOYHMED-UHFFFAOYSA-N,CCCCCCC(=O)O,C7H14O2,0,1,9,g,-128.1549,,none,bains:Pedley,row1943,heptanoic acid,4,4,0.8549,0,0,False,False,False
exp_00742,MOJNQUDSDVIYEO-AATRIKPKSA-N,C=C/C=C/C(=O)OCC,C7H10O2,0,1,9,g,-69.2000,,none,bains:Cox-1,row1851,ethyl-b-vinylacrylate,1,1,0.0000,0,0,False,False,False
exp_00743,MPAYEWNVIPXRDP-UHFFFAOYSA-N,CC=N,C2H5N,0,1,3,g,9.4646,0.1721,reported,atct,56003-81-7*0,(1E)-Ethanimine,1,1,0.0000,0,2,False,False,False
exp_00744,MPMBRWOOISTHJV-XVNBXDOJSA-N,CC/C=C/c1ccccc1,C10H12,0,1,10,g,24.8614,,none,bains:Yaws,row71,trans-(1-butenyl)benzene,1,1,0.0000,0,0,True,False,False
exp_00745,MPMKPLYBEFNYPT-UHFFFAOYSA-N,CC(C)=[O+][O-],C3H6O2,0,1,5,g,-3.6974,0.2247,reported,atct,65339-02-8*0,Hydroxy(1-methylethylidene)oxonium,1,1,0.0000,0,0,False,False,False
exp_00746,MPOYBFYHRQBZPM-UHFFFAOYSA-N,O=C1C=CN=CC1,C5H5NO,0,1,7,g,-9.7514,,none,bains:Pedley,row1292,4-pyridone,1,1,0.0000,0,0,False,False,False
exp_00747,MPYQJQDSICRCJJ-UHFFFAOYSA-N,CCCC(C)(CC)CCC,C10H22,0,1,10,g,-61.4101,,none,bains:Yaws,row152,4-ethyl-4-methylheptane,1,1,0.0000,0,0,True,False,False
exp_00748,MQWCXKGKQLNYQG-KNVOCYPGSA-N,C[C@H]1CC[C@@H](O)CC1,C7H14O,0,1,8,g,-87.7629,,none,bains:Pedley,row1940,cis-4-methylcyclohexanol,2,2,4.6629,1,0,False,False,True
exp_00749,MSXVEPNJUHWQHW-UHFFFAOYSA-N,CCC(C)(C)O,C5H12O,0,1,6,g,-79.0631,,none,bains:Pedley,row1238,2-methylbutan-2-ol,3,3,0.3654,0,0,False,False,False
exp_00750,MTHSVFCYNBDYFN-UHFFFAOYSA-N,OCCOCCO,C4H10O3,0,1,7,g,-136.5201,,none,bains:Pedley,row770,diethylene glycol,3,3,0.0201,0,0,False,False,False
exp_00751,MUBZPKHOEPUJKR-UHFFFAOYSA-N,O=C(O)C(=O)O,C2H2O4,0,1,6,g,-174.8566,0.2868,reported,atct,144-62-7*0,Oxalic acid,8,8,2.5413,3,0,False,True,True
exp_00752,MVCVCFILCCPEQN-UHFFFAOYSA-N,C1=COC2CCOC2=C1,C7H8O2,0,1,9,g,-34.1000,,none,bains:Cox-1,row2088,"1,4-dioxaindane",1,1,0.0000,0,0,False,False,False
exp_00753,MVJLYXCJBPXRCY-UHFFFAOYSA-N,CCC(=O)OCC(C)CC,C8H16O2,0,1,10,g,-126.6491,,none,bains:Yaws,row2243,2-methylbutyl propanoate,1,1,0.0000,0,0,True,False,False
exp_00754,MWFMGBPGAXYFAR-UHFFFAOYSA-N,CC(C)(O)C#N,C4H7NO,0,1,6,g,-31.7878,,none,bains:Yaws,row965,acetone cyanohydrin,1,1,0.0000,0,0,True,False,False
exp_00755,MWKFXSUHUHTGQN-UHFFFAOYSA-N,CCCCCCCCCCO,C10H22O,0,1,11,g,-94.7419,,none,bains:Pedley,row205,1-decanol,2,2,0.0681,0,0,False,False,False
exp_00756,MWPLVEDNUUSJAV-UHFFFAOYSA-N,c1ccc2cc3ccccc3cc2c1,C14H10,0,1,14,g,54.1754,0.2103,reported,atct,120-12-7*0,Anthracene,2,2,1.0246,1,0,False,False,True
exp_00757,MWWATHDPGQKSAR-UHFFFAOYSA-N,C#CC,C3H4,0,1,3,g,44.3499,0.0478,reported,atct,74-99-7*0,Propyne,9,9,0.2188,0,0,False,True,False
exp_00758,MWWKESKJRHQWEF-UHFFFAOYSA-N,CCCCC(C)CCCO,C9H20O,0,1,10,g,-92.3996,,none,bains:Yaws,row2485,4-methyl-1-octanol,1,1,0.0000,0,0,True,False,False
exp_00759,MXLMTQWGSQIYOW-UHFFFAOYSA-N,CC(C)C(C)O,C5H12O,0,1,6,g,-75.3346,,none,bains:Pedley,row1237,3-methylbutan-2-ol,4,4,0.7887,0,0,False,False,False
exp_00760,MZHROOGPARRVHS-UHFFFAOYSA-N,C#CC#CC#C,C6H2,0,1,6,g,164.1969,0.2868,reported,atct,3161-99-7*0,"1,3,5-Hexatriyne",1,1,0.0000,0,0,False,False,False
exp_00761,NALZTFARIYUCBY-UHFFFAOYSA-N,CCCC[N+](=O)[O-],C4H9NO2,0,1,7,g,-34.3929,,none,bains:Pedley,row1054,L-Nitrobutane,4,4,0.0094,0,0,False,True,False
exp_00762,NARVIWMVBMUEOG-UHFFFAOYSA-N,C=C(C)O,C3H6O,0,1,4,g,-40.1697,0.1625,reported,atct,29456-04-0*0,Acetone enol,1,1,0.0000,0,0,False,False,False
exp_00763,NAYYNDKKHOIIOD-UHFFFAOYSA-N,NC(=O)c1ccccc1C(N)=O,C8H8N2O2,0,1,12,g,-89.8184,,none,bains:Pedley,row2374,phthalamide,1,1,0.0000,0,0,False,False,False
exp_00764,NBBJYMSMWIIQGU-UHFFFAOYSA-N,CCC=O,C3H6O,0,1,4,g,-44.5770,0.0478,reported,atct,123-38-6*0,Propionaldehyde,13,13,1.5296,2,0,False,False,True
exp_00765,NCVVCYYBUJLMQP-VWHDNNRLSA-N,CC1CCC[C@@H]2CCC(=O)[C@@H]12,C10H16O,0,1,11,g,-65.7744,,none,bains:Pedley,row114,trans-8-methyl-2-hydrindanone,1,1,0.0000,0,0,False,False,False
exp_00766,NDVWOBYBJYUSMF-RNFRBKRXSA-N,C[C@@H]1CCCC[C@H]1O,C7H14O,0,1,8,g,-84.3000,,none,bains:Cox-1,row1942,trans-2-methylcyclohexanol,1,1,0.0000,0,0,False,False,False
exp_00767,NELAVKWPGRMFEQ-UHFFFAOYSA-N,CCCCC(O)CCCO,C8H18O2,0,1,10,g,-123.8504,,none,bains:Yaws,row2320,"1,4-octanediol",1,1,0.0000,0,0,True,False,False
exp_00768,NEZRFXZYPAIZAD-UHFFFAOYSA-N,CCC1CCC1,C6H12,0,1,6,g,-6.6205,0.1673,reported,rmg:CCCBDB,Ethylcyclobutane,Ethylcyclobutane,4,4,0.3346,0,0,False,False,False
exp_00769,NFJPEKRRHIYYES-UHFFFAOYSA-N,C=C1CCCC1,C6H10,0,1,6,g,2.8681,,none,bains:Pedley,row1452,methylenecyclopentane,2,2,0.4302,0,0,False,False,False
exp_00770,NFKLYQSINBETEW-VOTSOKGWSA-N,CC/C=C/C(=O)OC(C)CC,C9H16O2,0,1,11,g,-109.3690,,none,bains:Pedley,row2427,sec-butyl 2-pentenoate,2,2,0.0310,0,0,False,False,False
exp_00771,NGDNVOAEIVQRFH-UHFFFAOYSA-N,CCCCCCCC(C)O,C9H20O,0,1,10,g,-95.1243,,none,bains:Yaws,row2482,2-nonanol,1,1,0.0000,0,0,True,False,False
exp_00772,NGDUXZPCAJWHOW-UHFFFAOYSA-N,CC1(C)CC(C)(C)N=N1,C7H14N2,0,1,9,g,9.3690,,none,bains:Pedley,row1933,"3,3,5,5-tetramethyl-1-pyrazoline",1,1,0.0000,0,0,False,False,False
exp_00773,NHFDIUPJVYYTLG-UHFFFAOYSA-N,[C-]#[N+]C#N,C2N2,0,1,4,g,99.0440,0.3107,reported,atct,83951-85-3*0,Isocyanogen,2,2,0.3107,0,0,False,False,False
exp_00774,NHIDGVQVYHCGEK-UHFFFAOYSA-N,C=CCC1CCCC1,C8H14,0,1,8,g,-5.7600,,none,bains:Pedley,row2151,3-cyclopentylpropene,1,1,0.0000,0,0,False,False,False
exp_00775,NHOGGUYTANYCGQ-UHFFFAOYSA-N,C=COc1ccccc1,C8H8O,0,1,9,g,5.4254,,none,bains:Pedley,row2375,phenyl vinyl ether,1,1,0.0000,0,0,False,False,False
exp_00776,NHTMVDHEPJAVLT-UHFFFAOYSA-N,CC(C)CC(C)(C)C,C8H18,0,1,8,g,-53.4178,0.3585,reported,atct,540-84-1*0,"2,2,4-Trimethylpentane",4,4,0.1222,0,0,False,False,False
exp_00777,NISGSNTVMOOSJQ-UHFFFAOYSA-N,NC1CCCC1,C5H11N,0,1,6,g,-13.1119,0.2199,reported,rmg:CCCBDB,Cyclopentanamine,Cyclopentanamine,3,3,0.0096,0,0,False,False,False
exp_00778,NIXOWILDQLNWCW-UHFFFAOYSA-N,C=CC(=O)O,C3H4O2,0,1,5,g,-79.0392,,none,bains:NIST-1,row592,acrylic acid,4,4,3.2027,3,0,False,False,True
exp_00779,NIZYPQPOJRRFOA-UHFFFAOYSA-N,C=CC1C=CC=C1,C7H8,0,1,7,g,51.6969,0.3346,reported,atct,29647-85-6*0,"5-Ethenyl-1,3-cyclopentadiene",1,1,0.0000,0,0,False,False,False
exp_00780,NJBCRXCAPCODGX-UHFFFAOYSA-N,CC(C)CNCC(C)C,C8H19N,0,1,9,g,-42.8298,,none,bains:Pedley,row2350,diisobutylamine,2,2,0.0000,0,0,False,False,False
exp_00781,NJXXWBJAOFKNIR-UHFFFAOYSA-N,C#CCC#CC,C6H6,0,1,6,g,99.1396,0.2868,reported,atct,10420-91-4*0,"1,4-Hexadiyne",1,1,0.0000,0,0,False,False,False
exp_00782,NKDDWNXOKDWJAK-UHFFFAOYSA-N,COCOC,C3H8O2,0,1,5,g,-83.2218,0.1888,reported,rmg:CCCBDB,Dimethoxymethane,Dimethoxymethane,6,6,0.0482,0,0,False,True,False
exp_00783,NKKMVIVFRUYPLQ-NSCUHMNNSA-N,C/C=C/C#N,C4H5N,0,1,5,g,33.6281,,none,bains:Pedley,row838,trans-crotonitrile,2,2,0.0000,0,0,False,False,False
exp_00784,NKKWYENCEXCGLD-UHFFFAOYSA-N,CC(C)(C)CC(O)CO,C7H16O2,0,1,9,g,-122.3709,,none,bains:Yaws,row2000,"4,4-dimethyl-1,2-pentanediol",1,1,0.0000,0,0,True,False,False
exp_00785,NKMJCVVUYDKHAV-UHFFFAOYSA-N,CCCCC(CC)C(C)C,C10H22,0,1,10,g,-60.5593,,none,bains:Yaws,row148,3-ethyl-2-methylheptane,1,1,0.0000,0,0,True,False,False
exp_00786,NKTDTMONXHODTI-UHFFFAOYSA-N,CC#CCC,C5H8,0,1,5,g,30.8078,,none,bains:NIST-1,row1322,pent-2-yne,1,1,0.0000,0,0,False,False,False
exp_00787,NKTOLZVEWDHZMU-UHFFFAOYSA-N,Cc1ccc(C)c(O)c1,C8H10O,0,1,9,g,-38.6233,,none,bains:Pedley,row2122,"2,5-xylenol",2,2,0.0067,0,0,False,False,False
exp_00788,NKXINWNCBKRRIC-UHFFFAOYSA-N,Cc1c(O)cccc1C(C)C,C10H14O,0,1,11,g,-57.7199,,none,bains:Pedley,row98,3-isopropyl-2-methylphenol,1,1,0.0000,0,0,False,False,False
exp_00789,NLDYACGHTUPAQU-UHFFFAOYSA-N,N#CC(C#N)=C(C#N)C#N,C6N4,0,1,10,g,168.4990,,none,bains:Pedley,row1840,tetracyanoethylene,3,3,0.4010,0,0,False,False,False
exp_00790,NLHHRLWOUZZQLW-UHFFFAOYSA-N,C=CC#N,C3H3N,0,1,4,g,44.7538,0.1434,reported,atct,107-13-1*0,Acrylonitrile,9,9,3.5014,6,0,False,True,True
exp_00791,NLRKCXQQSUWLCH-UHFFFAOYSA-N,O=Nc1ccccc1,C6H5NO,0,1,8,g,47.8011,0.2868,reported,atct,586-96-9*0,Nitrosobenzene,1,1,0.0000,0,0,False,False,False
exp_00792,NMJJFJNHVMGPGM-UHFFFAOYSA-N,CCCCOC=O,C5H10O2,0,1,7,g,-102.0793,,none,bains:Yaws,row1168,butyl formate,1,1,0.0000,0,0,True,False,False
exp_00793,NMSUCVXVCHZTEH-UHFFFAOYSA-N,CC(O)CCC(C)(C)C,C8H18O,0,1,9,g,-89.5578,,none,bains:Yaws,row2316,"5,5-dimethyl-2-hexanol",1,1,0.0000,0,0,True,False,False
exp_00794,NNBZCPXTIHJBJL-AOOOYVTPSA-N,C1CC[C@H]2CCCC[C@H]2C1,C10H18,0,1,10,g,-40.4398,,none,bains:Yaws,row117,cis-decahydronaphthalene,1,1,0.0000,0,0,True,False,False
exp_00795,NNPPMTNAJDCUHE-UHFFFAOYSA-N,CC(C)C,C4H10,0,1,4,g,-32.1415,0.0645,reported,atct,75-28-5*0,iso-Butane,13,13,0.6102,0,0,False,True,False
exp_00796,NNWUEBIEOFQMSS-UHFFFAOYSA-N,CC1CCCCN1,C6H13N,0,1,7,g,-20.1721,,none,bains:Pedley,row1615,2-methylpiperidine,1,1,0.0000,0,0,False,False,False
exp_00797,NOEKZKTXHKNMAQ-UHFFFAOYSA-N,CC(C)CCCCC(C)O,C9H20O,0,1,10,g,-93.6616,,none,bains:Yaws,row2565,7-methyl-2-octanol,1,1,0.0000,0,0,True,False,False
exp_00798,NOSOEGQGQOMHBF-UHFFFAOYSA-N,CCC(C)CC(C)(O)CC,C9H20O,0,1,10,g,-94.4909,,none,bains:Yaws,row2530,"3,5-dimethyl-3-heptanol",1,1,0.0000,0,0,True,False,False
exp_00799,NOWKCMXCCJGMRR-UHFFFAOYSA-N,C1CN1,C2H5N,0,1,3,g,30.3657,0.2032,reported,atct,151-56-4*0,Aziridine,6,6,0.1801,0,0,False,True,False
exp_00800,NOZLREUTKGWBPY-UHFFFAOYSA-N,CC1OO1,C2H4O2,0,1,4,g,-12.9971,0.2175,reported,atct,70308-85-9*0,Methyldioxirane,1,1,0.0000,0,0,False,False,False
exp_00801,NPDDCAZCWJWIBW-UHFFFAOYSA-N,O=C1OO1,CO3,0,1,4,g,-38.8862,0.3585,reported,atct,94660-13-6*0,3-Dioxiranone,1,1,0.0000,0,0,False,False,False
exp_00802,NPTDXPDGUHAFKC-UHFFFAOYSA-N,C#CC1CC1,C5H6,0,1,5,g,69.7897,,none,bains:NIST-1,row1298,ethynylcyclopropane,1,1,0.0000,0,0,False,False,False
exp_00803,NPUIBFBNZSKEAP-UHFFFAOYSA-N,CC(C)C(O)CC(C)(C)C,C9H20O,0,1,10,g,-95.7529,,none,bains:Yaws,row2559,"2,5,5-trimethyl-3-hexanol",1,1,0.0000,0,0,True,False,False
exp_00804,NPZRPUOKIPAIEL-UHFFFAOYSA-N,CCC(O)CC(C)(C)C,C8H18O,0,1,9,g,-89.5578,,none,bains:Yaws,row2302,"5,5-dimethyl-3-hexanol",1,1,0.0000,0,0,True,False,False
exp_00805,NQPDZGIKBAWPEJ-UHFFFAOYSA-N,CCCCC(=O)O,C5H10O2,0,1,7,g,-117.5669,,none,bains:Pedley,row1167,pentanoic acid,6,6,4.0000,1,0,False,False,True
exp_00806,NQRYJNQNLNOLGT-UHFFFAOYSA-N,C1CCNCC1,C5H11N,0,1,6,g,-11.2691,0.1506,reported,rmg:CCCBDB,Piperidine,Piperidine,9,9,0.4909,0,0,False,False,False
exp_00807,NRJUFUBKIFIKFI-UHFFFAOYSA-N,CCCCC(CC)CCC,C10H22,0,1,10,g,-60.0096,,none,bains:Yaws,row137,4-ethyloctane,1,1,0.0000,0,0,True,False,False
exp_00808,NRZVENBFUFCASY-UHFFFAOYSA-N,CCC(C)CC(CC)CO,C9H20O,0,1,10,g,-93.6616,,none,bains:Yaws,row2516,4-methyl-2-ethyl-1-hexanol,1,1,0.0000,0,0,True,False,False
exp_00809,NSPMIYGKQJPBQR-UHFFFAOYSA-N,c1nc[nH]n1,C2H3N3,0,1,5,g,46.0564,0.1912,reported,rmg:CCCBDB,1H-124-Triazole,1H-124-Triazole,5,5,1.2428,1,0,False,False,True
exp_00810,NUKZAGXMHTUAFE-UHFFFAOYSA-N,CCCCCC(=O)OC,C7H14O2,0,1,9,g,-117.7342,,none,bains:Pedley,row1944,methyl hexanoate,2,2,0.2658,0,0,False,False,False
exp_00811,NUMQCACRALPSHD-UHFFFAOYSA-N,CCOC(C)(C)C,C6H14O,0,1,7,g,-75.6453,,none,bains:Yaws,row1641,ethyl tert-butyl ether,1,1,0.0000,0,0,True,False,False
exp_00812,NURQLCJSMXZBPC-UHFFFAOYSA-N,Cc1ccncc1C,C7H9N,0,1,8,g,16.7543,,none,bains:Pedley,row2101,"3,4-dimethylpyridine",3,3,0.0239,0,0,False,False,False
exp_00813,NVJUHMXYKCUMQA-UHFFFAOYSA-N,CCCOCC,C5H12O,0,1,6,g,-65.0574,,none,bains:Pedley,row1236,1-ethoxypropane,3,3,0.0000,0,0,False,False,False
exp_00814,NWZJLSKAFZXSQH-WAYWQWQTSA-N,C/C=C\CC(C)(C)C,C8H16,0,1,8,g,-25.9082,,none,bains:Yaws,row2194,"5,5-dimethyl-cis-2-hexene",1,1,0.0000,0,0,True,False,False
exp_00815,NXXYKOUNUYWIHA-UHFFFAOYSA-N,Cc1cccc(C)c1O,C8H10O,0,1,9,g,-38.6711,,none,bains:Pedley,row2126,"2,6-xylenol",2,2,0.0111,0,0,False,False,False
exp_00816,NYEZZYQZRQDLEH-UHFFFAOYSA-N,CCC1=NCCO1,C5H9NO,0,1,7,g,-35.5880,,none,bains:Pedley,row1427,2-ethyl-2-oxazoline,1,1,0.0000,0,0,False,False,False
exp_00817,NYTOUQBROMCLBJ-UHFFFAOYSA-N,O=[N+]([O-])C([N+](=O)[O-])([N+](=O)[O-])[N+](=O)[O-],CN4O8,0,1,13,g,19.7000,,none,bains:Cioslowski,row2767,tetranitromethane,5,5,1.6088,2,0,False,True,True
exp_00818,NYVSDPNXBIEFPW-UHFFFAOYSA-N,C=NC,C2H5N,0,1,3,g,19.0488,0.1601,reported,atct,1761-67-7*0,N-Methylenemethanamine,1,1,0.0000,0,0,False,False,False
exp_00819,NZTVVUIIJPWANB-NKWVEPMBSA-N,O=C1CC[C@@H]2CCC[C@@H]12,C8H12O,0,1,9,g,-49.4025,,none,bains:Pedley,row2145,trans-bicyclo[3.3.0]octan-2-one,1,1,0.0000,0,0,False,False,False
exp_00820,OAEQYDZVVPONKW-UHFFFAOYSA-N,CCC(C)OC=O,C5H10O2,0,1,7,g,-106.4532,,none,bains:Yaws,row1171,sec-butyl formate,1,1,0.0000,0,0,True,False,False
exp_00821,OATRENYCMVOEIQ-UHFFFAOYSA-N,CC=[O+][O-],C2H4O2,0,1,4,g,9.0416,0.1291,reported,atct,68941-70-8*0,2-Ethylidenedioxidan-2-ium-1-ide,1,1,0.0000,0,0,False,False,False
exp_00822,OAVNNZUEVHDCKP-WAYWQWQTSA-N,C/C=C\C(C)C(C)C,C8H16,0,1,8,g,-24.3308,,none,bains:Yaws,row2199,"4,5-dimethyl-cis-2-hexene",1,1,0.0000,0,0,True,False,False
exp_00823,OAWOMHRJVJMDLZ-DTWKUNHWSA-N,CC[C@]1(C)CC[C@H](C)C1,C9H18,0,1,9,g,-41.5177,,none,bains:Yaws,row2446,"1,cis-3-dimethyl-1-ethylcyclopentane",1,1,0.0000,0,0,True,False,False
exp_00824,OBCIYFQTMFZLEJ-HWKANZROSA-N,C/C=C/CC(=O)OCCCC,C9H16O2,0,1,11,g,-103.4895,,none,bains:Pedley,row2418,n-butyl 3-pentenoate,2,2,0.0105,0,0,False,False,False
exp_00825,OBETXYAYXDNJHR-UHFFFAOYSA-N,CCCCC(CC)C(=O)O,C8H16O2,0,1,10,g,-133.7237,,none,bains:Pedley,row2235,2-ethylhexanoic acid,1,1,0.0000,0,0,False,False,False
exp_00826,OBNCKNCVKJNDBV-UHFFFAOYSA-N,CCCC(=O)OCC,C6H12O2,0,1,8,g,-116.0373,,none,bains:Yaws,row1534,ethyl butanoate,1,1,0.0000,0,0,True,False,False
exp_00827,OBOHUKJIPIBYTA-UHFFFAOYSA-N,CC(C)CCC(C)CO,C8H18O,0,1,9,g,-88.7285,,none,bains:Yaws,row2311,"2,5-dimethyl-1-hexanol",1,1,0.0000,0,0,True,False,False
exp_00828,OCAIYHCKLADPEG-UHFFFAOYSA-N,CCCCC(=O)OC(C)C,C8H16O2,0,1,10,g,-130.2342,,none,bains:Pedley,row2239,isopropyl pentanoate,2,2,0.0342,0,0,False,False,False
exp_00829,OCKPCBLVNKHBMX-UHFFFAOYSA-N,CCCCc1ccccc1,C10H14,0,1,10,g,-3.1405,,none,bains:Yaws,row85,butylbenzene,1,1,0.0000,0,0,True,False,False
exp_00830,OCWLYWIFNDCWRZ-UHFFFAOYSA-N,CCC(C)C(=O)OC,C6H12O2,0,1,8,g,-117.7103,,none,bains:Pedley,row1535,methyl 2-methylbutyrate,2,2,0.0103,0,0,False,False,False
exp_00831,ODLMAHJVESYWTB-UHFFFAOYSA-N,CCCc1ccccc1,C9H12,0,1,9,g,1.8690,0.2008,reported,rmg:CCCBDB,n-Propyl benzene,n-Propyl benzene,2,2,0.0210,0,0,False,False,False
exp_00832,ODSNIGPBQIINLA-UHFFFAOYSA-N,[N-]=[N+]=NC1CCCCC1,C6H11N3,0,1,9,g,36.9025,,none,bains:Pedley,row1485,cyclohexyl azide,2,2,0.0025,0,0,False,False,False
exp_00833,OEIJHBUUFURJLI-UHFFFAOYSA-N,OCCCCCCCCO,C8H18O2,0,1,10,g,-122.5884,,none,bains:Yaws,row2324,"1,8-octanediol",1,1,0.0000,0,0,True,False,False
exp_00834,OEVVKKAVYQFQNV-UHFFFAOYSA-N,C=Cc1ccc(C)cc1C,C10H12,0,1,10,g,21.3408,,none,bains:Yaws,row73,"2,4-dimethylstyrene",1,1,0.0000,0,0,True,False,False
exp_00835,OEYGTUAKNZFCDJ-UHFFFAOYSA-N,CCCCCC(CC)CC,C10H22,0,1,10,g,-60.0096,,none,bains:Yaws,row136,3-ethyloctane,1,1,0.0000,0,0,True,False,False
exp_00836,OFBQJSOFQDEBGM-UHFFFAOYSA-N,CCCCC,C5H12,0,1,5,g,-34.9068,0.0693,reported,atct,109-66-0*0,n-Pentane,14,14,0.2800,0,0,False,True,False
exp_00837,OFZYBEBWCZBCPM-UHFFFAOYSA-N,CC1(C)CCC1,C6H12,0,1,6,g,-9.7036,,none,bains:Yaws,row1505,"1,1-dimethylcyclobutane",1,1,0.0000,0,0,True,False,False
exp_00838,OGLDWXZKYODSOB-UHFFFAOYSA-N,CC1=CCC(C(C)C)C=C1,C10H16,0,1,10,g,-2.2228,,none,bains:Yaws,row111,alpha-phellandrene,1,1,0.0000,0,0,True,False,False
exp_00839,OGNAOIGAPPSUMG-UHFFFAOYSA-N,C1CC12CC2,C5H8,0,1,5,g,44.3000,,none,bains:Cioslowski,row1315,spiro[2.2]pentane,8,8,2.4600,1,0,False,True,True
exp_00840,OGWJYLKDZYZYBA-AATRIKPKSA-N,C#C/C=C/C=C,C6H6,0,1,6,g,82.8394,0.4541,reported,atct,5222-77-5*0,"(3E)-1,3-Hexadien-5-yne",1,1,0.0000,0,0,False,False,False
exp_00841,OGWJYLKDZYZYBA-UHFFFAOYSA-N,C#CC=CC=C,C6H6,0,1,6,g,82.7916,0.4541,reported,atct,10420-90-3*0,Butadienylacetylene,1,1,0.0000,0,0,False,False,False
exp_00842,OGWJYLKDZYZYBA-WAYWQWQTSA-N,C#C/C=C\C=C,C6H6,0,1,6,g,82.7677,0.5975,reported,atct,5222-76-4*0,"(3Z)-1,3-Hexadien-5-yne",1,1,0.0000,0,0,False,False,False
exp_00843,OHLUUHNLEMFGTQ-UHFFFAOYSA-N,CNC(C)=O,C3H7NO,0,1,5,g,-59.2734,,none,bains:NIST-1,row688,N-methylacetamide,1,1,0.0000,0,0,False,False,False
exp_00844,OHZNMGSGEFVFTI-UHFFFAOYSA-N,CCC(C)(C(C)C)C(C)C,C10H22,0,1,10,g,-60.0908,,none,bains:Yaws,row188,"3-ethyl-2,3,4-trimethylpentane",1,1,0.0000,0,0,True,False,False
exp_00845,OIBKGNPMOMMSSI-UHFFFAOYSA-N,CC(O)CC(C)(C)C,C7H16O,0,1,8,g,-84.6248,,none,bains:Yaws,row1985,"4,4-dimethyl-2-pentanol",1,1,0.0000,0,0,True,False,False
exp_00846,OIFBSDVPJOWBCH-UHFFFAOYSA-N,CCOC(=O)OCC,C5H10O3,0,1,8,g,-152.4618,,none,bains:Pedley,row1182,diethyl carbonate,2,2,0.2868,0,0,False,False,False
exp_00847,OIPPWFOQEKKFEE-UHFFFAOYSA-N,Cc1cc(O)cc(O)c1,C7H8O2,0,1,9,g,-73.1119,,none,bains:Yaws,row2091,"1,3-dihydroxy-5-methylbenzene",1,1,0.0000,0,0,True,False,False
exp_00848,OISVCGZHLKNMSJ-UHFFFAOYSA-N,Cc1cccc(C)n1,C7H9N,0,1,8,g,14.0296,,none,bains:Pedley,row2104,"2,6-dimethylpyridine",3,3,0.0004,0,0,False,False,False
exp_00849,OJDKRASKNKPYDH-UHFFFAOYSA-N,CCCC(CC)CC(C)C,C10H22,0,1,10,g,-61.7208,,none,bains:Yaws,row145,4-ethyl-2-methylheptane,1,1,0.0000,0,0,True,False,False
exp_00850,OJGMBLNIHDZDGS-UHFFFAOYSA-N,CCNc1ccccc1,C8H11N,0,1,9,g,13.4560,,none,bains:Pedley,row2136,N-ethylaniline,2,2,0.0440,0,0,False,False,False
exp_00851,OJOOPBBUBVJKCE-UHFFFAOYSA-N,CNC(O)NC,C3H10N2O,0,1,6,g,-48.5899,,none,bains:Pedley,row542,di(methylamino)methanol,1,1,0.0000,0,0,False,False,False
exp_00852,OKANYBNORCUPKZ-UHFFFAOYSA-N,CCOC(=O)C(CC)C(C)=O,C8H14O3,0,1,11,g,-157.6700,,none,bains:Cox-1,row2173,ethyl a-ethylacetoacetate,1,1,0.0000,0,0,False,False,False
exp_00853,OKJADYKTJJGKDX-UHFFFAOYSA-N,CCCCOC(=O)CCCC,C9H18O2,0,1,11,g,-133.8910,,none,bains:Pedley,row2460,n-butyl pentanoate,2,2,0.0090,0,0,False,False,False
exp_00854,OKKJLVBELUTLKV-UHFFFAOYSA-N,CO,CH4O,0,1,2,g,-48.0043,0.0335,reported,atct,67-56-1*0,Methanol,12,12,1.0191,0,0,False,False,False
exp_00855,OKSNIKMUZNYBPP-AATRIKPKSA-N,CC/C=C/C(=O)OC(C)C,C8H14O2,0,1,10,g,-102.6052,,none,bains:Pedley,row2169,isopropyl 2-pentenoate,2,2,0.0052,0,0,False,False,False
exp_00856,OKVWYBALHQFVFP-UHFFFAOYSA-N,CCC(C)(C)C(C)C,C8H18,0,1,8,g,-51.6969,,none,bains:Pedley,row2271,"2,3,3-trimethylpentane",2,2,0.0069,0,0,False,False,False
exp_00857,OLRPKAJSAOYYCY-UHFFFAOYSA-N,CCC(C)(C)C(C)CCO,C9H20O,0,1,10,g,-94.4909,,none,bains:Yaws,row2536,"3,4,4-trimethyl-1-hexanol",1,1,0.0000,0,0,True,False,False
exp_00858,OMAFFHIGWTVZOH-UHFFFAOYSA-N,Cn1cnnn1,C2H4N4,0,1,6,g,77.1750,,none,bains:NIST-1,row431,1-methyl-1H-tetrazole,1,1,0.0000,0,0,False,False,False
exp_00859,OMMLUKLXGSRPHK-UHFFFAOYSA-N,CC(C)(C)C(C)(C)C,C8H18,0,1,8,g,-53.9197,,none,bains:Pedley,row2274,"2,2,3,3-tetramethylbutane",2,2,0.0897,0,0,False,False,False
exp_00860,ONBXNGYZXZBRJA-UHFFFAOYSA-N,CC(O)CCC(C)C(C)C,C9H20O,0,1,10,g,-94.9235,,none,bains:Yaws,row2560,"5,6-dimethyl-2-heptanol",1,1,0.0000,0,0,True,False,False
exp_00861,ONIBWKKTOPOVIA-BYPYZUCNSA-N,O=C(O)[C@@H]1CCCN1,C5H9NO2,0,1,8,g,-87.5239,,none,bains:Pedley,row1428,proline,1,1,0.0000,0,0,False,False,False
exp_00862,OOXWYYGXTJLWHA-UHFFFAOYSA-N,C1=CC1,C3H4,0,1,3,g,67.8418,0.0980,reported,atct,2781-85-3*0,Cyclopropene,8,8,1.6734,5,0,False,True,True
exp_00863,OOZMRZQFWKSZEZ-UHFFFAOYSA-N,c1cn2cc[n-][n+]2n1,C4H4N4,0,1,8,g,125.4780,,none,bains:Add Lit 1,row829,TTID,1,1,0.0000,0,0,False,False,False
exp_00864,OPCJOXGBLDJWRM-UHFFFAOYSA-N,CC(C)(N)CN,C4H12N2,0,1,6,g,-21.5703,0.1697,reported,rmg:CCCBDB,2-Methyl-12-propanediamine,2-Methyl-12-propanediamine,3,3,0.0120,0,0,False,False,False
exp_00865,OQAGVSWESNCJJT-UHFFFAOYSA-N,COC(=O)CC(C)C,C6H12O2,0,1,8,g,-119.0010,,none,bains:Pedley,row1539,methyl isovalerate,2,2,0.0010,0,0,False,False,False
exp_00866,OQEVAISXHCRQGF-ALCCZGGFSA-N,C/C=C\C(C)(C)CC,C8H16,0,1,8,g,-20.8413,,none,bains:Yaws,row2205,"4,4-dimethyl-cis-2-hexene",1,1,0.0000,0,0,True,False,False
exp_00867,OQGOSNRNRKMTEX-ZMONIFLSSA-N,C[C@H]1O[C@H](C)C[C@H](C)O1,C7H14O2,0,1,9,g,-106.7600,,none,bains:Cox-1,row1951,"2-cis-4-trans-6-trimethyl-1,3-dioxan",1,1,0.0000,0,0,False,False,False
exp_00868,ORILYTVJVMAKLC-UHFFFAOYSA-N,C1C2CC3CC1CC(C2)C3,C10H16,0,1,10,g,-31.8117,0.3011,reported,rmg:Cioslowski,Adamantane,Adamantane,3,3,0.4897,0,0,False,False,False
exp_00869,ORSUTASIQKBEFU-UHFFFAOYSA-N,CCCCN(CC)CC,C8H19N,0,1,9,g,-33.6807,,none,bains:Yaws,row2349,diethylbutylamine,1,1,0.0000,0,0,True,False,False
exp_00870,ORTVZLZNOYNASJ-OWOJBTEDSA-N,OC/C=C/CO,C4H8O2,0,1,6,g,-71.7017,,none,bains:Yaws,row1028,"trans-2-butene-1,4-diol",1,1,0.0000,0,0,True,False,False
exp_00871,OSEGNECCBMDWRB-UHFFFAOYSA-N,CCC(C)(C)C#N,C6H11N,0,1,7,g,-6.2620,,none,bains:Yaws,row1482,"2,2-dimethylbutanenitrile",1,1,0.0000,0,0,True,False,False
exp_00872,OSIGJGFTADMDOB-UHFFFAOYSA-N,COc1cccc(C)c1,C8H10O,0,1,9,g,-24.8805,,none,bains:Pedley,row2128,3-methoxy-1-methylbenzene,2,2,0.0195,0,0,False,False,False
exp_00873,OSKIMJMPFNLVOU-UHFFFAOYSA-N,CCC(C)C(CC)C(C)C,C10H22,0,1,10,g,-60.4302,,none,bains:Yaws,row181,"3-ethyl-2,4-dimethylhexane",1,1,0.0000,0,0,True,False,False
exp_00874,OTGAHJPFNKQGAE-UHFFFAOYSA-N,CC(=O)Oc1cccc(C)c1,C9H10O2,0,1,11,g,-74.9000,,none,bains:Cox-1,row2398,m-cresyl acetate,1,1,0.0000,0,0,False,False,False
exp_00875,OTMSDBZUPAUEDD-UHFFFAOYSA-N,CC,C2H6,0,1,2,g,-20.0837,0.0287,reported,atct,74-84-0*0,Ethane,11,11,0.2400,0,0,False,True,False
exp_00876,OTXBWGUYZNKPMG-UHFFFAOYSA-N,[C-]#[N+]O,CHNO,0,1,3,g,55.8222,0.1028,reported,atct,506-85-4*0,Isofulminic acid,2,2,0.0287,0,0,False,False,False
exp_00877,OVCHQRXVZXVQNQ-UHFFFAOYSA-N,CC(C)C(=O)C(C)(C)C,C8H16O,0,1,9,g,-80.8556,,none,bains:Pedley,row2230,isopropyl t-butyl ketone,2,2,0.0156,0,0,False,False,False
exp_00878,OVGRCEFMXPHEBL-UHFFFAOYSA-N,C=COCCC,C5H10O,0,1,6,g,-38.6233,,none,bains:Pedley,row1161,propoxyethylene,1,1,0.0000,0,0,False,False,False
exp_00879,OVOVDHYEOQJKMD-UHFFFAOYSA-N,CC(C)CC(C)CO,C7H16O,0,1,8,g,-83.7954,,none,bains:Yaws,row1981,"2,4-dimethyl-1-pentanol",1,1,0.0000,0,0,True,False,False
exp_00880,OVWYEQOVUDKZNU-UHFFFAOYSA-N,Cc1cccc(C=O)c1,C8H8O,0,1,9,g,-17.0411,0.2868,reported,atct,620-23-5*0,m-Tolualdehyde,1,1,0.0000,0,0,False,False,False
exp_00881,OWBTYPJTUOEWEK-UHFFFAOYSA-N,CC(O)C(C)O,C4H10O2,0,1,6,g,-115.2725,,none,bains:Pedley,row760,"dl-2,3-butanediol",3,3,1.2667,1,0,False,False,True
exp_00882,OWCNPTHAWPMOJU-UHFFFAOYSA-N,CC(C)(C)CCCO,C7H16O,0,1,8,g,-83.3628,,none,bains:Yaws,row1986,"4,4-dimethyl-1-pentanol",1,1,0.0000,0,0,True,False,False
exp_00883,OWFKEHICSVOVAC-UHFFFAOYSA-N,CC(C(C)(C)C)C(C)(C)C,C10H22,0,1,10,g,-59.0392,,none,bains:Yaws,row201,"2,2,3,4,4-pentamethylpentane",1,1,0.0000,0,0,True,False,False
exp_00884,OWIKHYCFFJSOEH-UHFFFAOYSA-N,N=C=O,CHNO,0,1,3,g,-28.4202,0.0669,reported,atct,75-13-8*0,Isocyanic acid,9,9,5.2366,7,0,False,True,True
exp_00885,OWLYIXSTMANMPO-UHFFFAOYSA-N,C#CC1C=CC1,C6H6,0,1,6,g,97.3709,0.5736,reported,atct,175090-90-1*0,3-Ethynylcyclobutene,1,1,0.0000,0,0,False,False,False
exp_00886,OWRKXOZFTROHSH-UHFFFAOYSA-N,C=Cc1c(C)cccc1C,C10H12,0,1,10,g,21.3408,,none,bains:Yaws,row78,"2,6-dimethylstyrene",1,1,0.0000,0,0,True,False,False
exp_00887,OWWIWYDDISJUMY-UHFFFAOYSA-N,C=C(C)C(C)C,C6H12,0,1,6,g,-14.9618,,none,bains:Pedley,row1501,"2,3-dimethylbut-1-ene",7,7,1.2807,0,0,False,False,False
exp_00888,OWWRMMIWAOBBFK-UHFFFAOYSA-N,C=CC(C)C(C)CC,C8H16,0,1,8,g,-22.2275,,none,bains:Yaws,row2202,"3,4-dimethyl-1-hexene",1,1,0.0000,0,0,True,False,False
exp_00889,OXHNLMTVIGZXSG-UHFFFAOYSA-N,Cn1cccc1,C5H7N,0,1,6,g,24.6511,0.1291,reported,rmg:CCCBDB,1-Methyl-1H-Pyrrole,1-Methyl-1H-Pyrrole,4,4,0.0628,0,0,False,False,False
exp_00890,OXMIDRBAFOEOQT-UHFFFAOYSA-N,CC1CCC(C)O1,C6H12O,0,1,7,g,-61.9097,,none,bains:Yaws,row1521,"2,5-dimethyltetrahydrofuran",1,1,0.0000,0,0,True,False,False
exp_00891,OXQGTIUCKGYOAA-UHFFFAOYSA-N,CCC(CC)C(=O)O,C6H12O2,0,1,8,g,-123.5660,,none,bains:Yaws,row1533,2-ethyl butyric acid,1,1,0.0000,0,0,True,False,False
exp_00892,OXQMIXBVXHWDPX-UHFFFAOYSA-N,CN(C)C(C)(C)C,C6H15N,0,1,7,g,-25.2151,,none,bains:Yaws,row1713,dimethyl-tert-butylamine,1,1,0.0000,0,0,True,False,False
exp_00893,OZDGMOYKSFPLSE-UHFFFAOYSA-N,CC1CN1,C3H7N,0,1,4,g,-16.7920,,none,bains:Winget,row685,propyleneimine,1,1,0.0000,0,0,False,False,False
exp_00894,PAFZNILMFXTMIY-UHFFFAOYSA-N,NC1CCCCC1,C6H13N,0,1,7,g,-25.0717,,none,bains:Pedley,row1616,cyclohexylamine,2,2,0.0000,0,0,False,False,False
exp_00895,PAKGDPSCXSUALC-UHFFFAOYSA-N,C=C=C(C)C,C5H8,0,1,5,g,30.8485,,none,bains:NIST-1,row1326,"3-methylbuta-1,2-diene",2,2,0.0072,0,0,False,False,False
exp_00896,PAPBSGBWRJIAAV-UHFFFAOYSA-N,O=C1CCCCCO1,C6H10O2,0,1,8,g,-101.7997,,none,bains:Yaws,row1464,epsilon-caprolactone,1,1,0.0000,0,0,True,False,False
exp_00897,PAPNRQCYSFBWDI-UHFFFAOYSA-N,Cc1ccc(C)[nH]1,C6H9N,0,1,7,g,9.5124,,none,bains:Pedley,row1832,"2,5-dimethyl-1H-pyrrole",1,1,0.0000,0,0,False,False,False
exp_00898,PAYRUJLWNCNPSJ-UHFFFAOYSA-N,Nc1ccccc1,C6H7N,0,1,7,g,20.7505,0.1721,reported,atct,62-53-3*0,Aniline,10,10,0.1200,0,0,False,True,False
exp_00899,PBIJFSCPEFQXBB-UHFFFAOYSA-N,CC1(C)CC1,C5H10,0,1,5,g,-1.9598,,none,bains:Pedley,row1070,"1,1-dimethylcyclopropane",4,4,3.2592,1,0,False,True,True
exp_00900,PBMFSQRYOILNGV-UHFFFAOYSA-N,c1ccnnc1,C4H4N2,0,1,6,g,66.5000,,none,bains:Cioslowski,row823,pyridazine,6,6,0.0710,0,0,False,True,False
exp_00901,PBONCSGLBNLRPG-UHFFFAOYSA-N,[C-]#[N+][N+]#[C-],C2N2,0,1,4,g,146.5583,0.4063,reported,atct,78800-21-2*0,Diisocyanogen,1,1,0.0000,0,0,False,False,False
exp_00902,PCTCNWZFDASPLA-UHFFFAOYSA-N,CC#CC#CC,C6H6,0,1,6,g,88.5086,0.1960,reported,atct,2809-69-0*0,"2,4-Hexadiyne",2,2,1.6922,1,0,False,False,True
exp_00903,PDIVDRVTPZNRDZ-UHFFFAOYSA-N,CCC(C)(C)C(O)C(C)C,C9H20O,0,1,10,g,-95.7529,,none,bains:Yaws,row2549,"2,4,4-trimethyl-3-hexanol",1,1,0.0000,0,0,True,False,False
exp_00904,PEDCQBHIVMGVHV-UHFFFAOYSA-N,OCC(O)CO,C3H8O3,0,1,6,g,-139.2686,,none,bains:Pedley,row711,"propane-1,2,3-triol",4,4,1.4176,2,0,False,False,True
exp_00905,PEWKPKXRKGIKDO-UHFFFAOYSA-N,CC#CCC(=O)OCC,C7H10O2,0,1,9,g,-56.8356,,none,bains:Pedley,row1853,ethyl pent-3-ynoate,2,2,0.0356,0,0,False,False,False
exp_00906,PFCHFHIRKBAQGU-UHFFFAOYSA-N,CCCC(=O)CC,C6H12O,0,1,7,g,-66.5153,,none,bains:Pedley,row1515,ethyl n-propyl ketone,2,2,0.0053,0,0,False,False,False
exp_00907,PFEOZHBOMNWTJB-UHFFFAOYSA-N,CCC(C)CC,C6H14,0,1,6,g,-40.9704,0.1816,reported,atct,96-14-0*0,3-Methylpentane,5,5,0.1625,0,0,False,False,False
exp_00908,PFHGNIMWELIXGP-UHFFFAOYSA-N,O=[N+]([O-])N1CCCCC1,C5H10N2O2,0,1,9,g,-10.6358,,none,bains:Pedley,row1156,1-nitropiperidine,1,1,0.0000,0,0,False,False,False
exp_00909,PFHLGQKVKALLMD-UHFFFAOYSA-N,CCCC(O)C(C)(C)C,C8H18O,0,1,9,g,-89.5578,,none,bains:Yaws,row2294,"2,2-dimethyl-3-hexanol",1,1,0.0000,0,0,True,False,False
exp_00910,PGPFRBIKUWKSTJ-UHFFFAOYSA-N,C1CC1C1CC1,C6H10,0,1,6,g,30.9000,,none,bains:Cioslowski,row1440,"1,1'-bi(cyclopropane)",5,5,0.1855,0,0,False,False,False
exp_00911,PGSWEKYNAOWQDF-UHFFFAOYSA-N,Cc1cccc(O)c1O,C7H8O2,0,1,9,g,-73.1119,,none,bains:Yaws,row2092,"1,2-dihydroxy-3-methylbenzene",1,1,0.0000,0,0,True,False,False
exp_00912,PGTKVMVZBBZCKQ-UHFFFAOYSA-N,C=C1C=CC=C1,C6H6,0,1,6,g,51.6491,0.2629,reported,atct,497-20-1*0,Fulvene,5,5,6.1227,4,0,False,True,True
exp_00913,PHTQWCKDNZKARW-UHFFFAOYSA-N,CC(C)CCO,C5H12O,0,1,6,g,-72.0124,,none,bains:Pedley,row1240,3-methylbutan-1-ol,4,4,0.1271,0,0,False,False,False
exp_00914,PIICEJLVQHRZGT-UHFFFAOYSA-N,NCCN,C2H8N2,0,1,4,g,-4.0703,0.1410,reported,rmg:CCCBDB,Ethylenediamine,Ethylenediamine,3,3,0.1434,0,0,False,False,False
exp_00915,PJANXHGTPQOBST-VAWYXSNFSA-N,C(=C\c1ccccc1)/c1ccccc1,C14H12,0,1,14,g,56.4000,,none,bains:Cioslowski,row277,"(E)-1,2-diphenylethene",1,1,0.0000,0,0,False,False,False
exp_00916,PJGSXYOJTGTZAV-UHFFFAOYSA-N,CC(=O)C(C)(C)C,C6H12O,0,1,7,g,-69.4790,,none,bains:Pedley,row1520,"3,3-dimethyl-2-butanone",3,3,0.1990,0,0,False,False,False
exp_00917,PJIFKODHGMUPFH-UHFFFAOYSA-N,CCCC(C)(CC)C(C)C,C10H22,0,1,10,g,-60.7505,,none,bains:Yaws,row173,"3-ethyl-2,3-dimethylhexane",1,1,0.0000,0,0,True,False,False
exp_00918,PKVDGQHNRICJLA-UHFFFAOYSA-N,C=C(C)CC(C)CC,C8H16,0,1,8,g,-24.2830,,none,bains:Yaws,row2212,"2,4-dimethyl-1-hexene",1,1,0.0000,0,0,True,False,False
exp_00919,PKXHXOTZMFCXSH-UHFFFAOYSA-N,C=CC(C)(C)C,C6H12,0,1,6,g,-14.4598,,none,bains:Pedley,row1504,"3,3-dimethyl-1-butene",5,5,0.3400,0,0,False,False,False
exp_00920,PLAZTCDQAHEYBI-UHFFFAOYSA-N,Cc1ccccc1[N+](=O)[O-],C7H7NO2,0,1,10,g,9.2956,,none,bains:Winget,row2073,2-Nitrotoluene,2,2,0.0000,0,0,False,True,False
exp_00921,PLXBWEPPAAQASG-UHFFFAOYSA-N,CN(C)CC#N,C4H8N2,0,1,6,g,27.3399,,none,bains:NIST-1,row1008,2-(dimethylamino)acetonitrile,1,1,0.0000,0,0,False,False,False
exp_00922,PLZDDPSCZHRBOY-UHFFFAOYSA-N,CCCCCCC(C)CC,C10H22,0,1,10,g,-60.8748,,none,bains:Yaws,row132,3-methylnonane,1,1,0.0000,0,0,True,False,False
exp_00923,PMJHHCWVYXUKFD-UHFFFAOYSA-N,C=CC=CC,C5H8,0,1,5,g,18.2000,,none,bains:Cioslowski,row1321,"penta-1,3-diene",7,7,1.0387,0,0,False,True,False
exp_00924,PMPVIKIVABFJJI-UHFFFAOYSA-N,C1CCC1,C4H8,0,1,4,g,6.6228,0.0860,reported,atct,287-23-0*0,Cyclobutane,9,9,0.1772,0,0,False,True,False
exp_00925,PMZXJPLGCUVUDN-UHFFFAOYSA-N,C=Cc1ccc(C)c(C)c1,C10H12,0,1,10,g,21.3408,,none,bains:Yaws,row74,"3,4-dimethylstyrene",1,1,0.0000,0,0,True,False,False
exp_00926,POAOYUHQDCAZBD-UHFFFAOYSA-N,CCCCOCCO,C6H14O2,0,1,8,g,-105.4015,,none,bains:Yaws,row1644,2-butoxyethanol,1,1,0.0000,0,0,True,False,False
exp_00927,PODAMDNJNMAKAZ-UHFFFAOYSA-N,CC=C=CC,C5H8,0,1,5,g,31.8117,,none,bains:Pedley,row1320,"penta-2,3-diene",3,3,0.0239,0,0,False,False,False
exp_00928,PODLXXLZBYRGJW-UHFFFAOYSA-N,C=CCCC(=O)OCC(C)C,C9H16O2,0,1,11,g,-104.3738,,none,bains:Pedley,row2421,isobutyl 4-pentenoate,2,2,0.0262,0,0,False,False,False
exp_00929,POLCUAVZOMRGSN-UHFFFAOYSA-N,CCCOCCC,C6H14O,0,1,7,g,-70.0048,,none,bains:Pedley,row1632,dipropyl ether,3,3,0.2026,0,0,False,False,False
exp_00930,PPBRXRYQALVLMV-UHFFFAOYSA-N,C=Cc1ccccc1,C8H8,0,1,8,g,35.5067,0.1219,reported,atct,100-42-5*0,Phenylethene,11,11,4.7000,1,0,False,False,True
exp_00931,PPBWEVVDSRKEIK-ALCCZGGFSA-N,C/C=C(/C)C(C)C,C7H14,0,1,7,g,-20.4589,,none,bains:Yaws,row1915,"3,4-dimethyl-cis-2-pentene",1,1,0.0000,0,0,True,False,False
exp_00932,PPWNCLVNXGCGAF-UHFFFAOYSA-N,C#CC(C)(C)C,C6H10,0,1,6,g,25.3585,,none,bains:NIST-1,row1451,"3,3-dimethylbut-1-yne",4,4,0.9560,0,0,False,False,False
exp_00933,PPXUHEORWJQRHJ-UHFFFAOYSA-N,CCOC(=O)CC(C)C,C7H14O2,0,1,9,g,-125.9560,,none,bains:Pedley,row1949,ethyl isovalerate,3,3,0.0440,0,0,False,False,False
exp_00934,PQNFLJBBNBOBRQ-UHFFFAOYSA-N,c1ccc2c(c1)CCC2,C9H10,0,1,9,g,14.3021,0.1816,reported,atct,496-11-7*0,Indane,5,5,3.2500,1,0,False,False,True
exp_00935,PQSMEVPHTJECDZ-UHFFFAOYSA-N,CCCCC(C)C(C)(C)O,C9H20O,0,1,10,g,-94.4909,,none,bains:Yaws,row2520,"2,3-dimethyl-2-heptanol",1,1,0.0000,0,0,True,False,False
exp_00936,PQZTVWVYCLIIJY-UHFFFAOYSA-N,CCCN(CC)CC,C7H17N,0,1,8,g,-28.7476,,none,bains:Yaws,row2008,diethylpropylamine,1,1,0.0000,0,0,True,False,False
exp_00937,PRGCYUAJTPIADR-AATRIKPKSA-N,CN(C)/N=N/N(C)C,C4H12N4,0,1,8,g,64.6989,,none,bains:Pedley,row807,"1,1,4,4-tetramethyl-2-tetrazene",1,1,0.0000,0,0,False,False,False
exp_00938,PRJNEUBECVAVAG-UHFFFAOYSA-N,C=Cc1cccc(C=C)c1,C10H10,0,1,10,g,50.6692,,none,bains:Yaws,row66,m-divinylbenzene,1,1,0.0000,0,0,True,False,False
exp_00939,PRTXQHCLTIKAAJ-VURMDHGXSA-N,CC/C=C(/C)C(C)C,C8H16,0,1,8,g,-26.6252,,none,bains:Yaws,row2200,"2,3-dimethyl-cis-3-hexene",1,1,0.0000,0,0,True,False,False
exp_00940,PSABUFWDVWCFDP-UHFFFAOYSA-N,CCCCCC(C)(C)C,C9H20,0,1,9,g,-58.8193,,none,bains:Yaws,row2469,"2,2-dimethylheptane",1,1,0.0000,0,0,True,False,False
exp_00941,PTTPXKJBFFKCEK-UHFFFAOYSA-N,CC(C)CC(=O)CC(C)C,C9H18O,0,1,10,g,-85.4685,,none,bains:Pedley,row2456,diisobutyl ketone,2,2,0.0000,0,0,False,False,False
exp_00942,PTVSRINJXWDIKP-UHFFFAOYSA-N,C=CCCC(=O)OCC,C7H12O2,0,1,9,g,-92.1606,,none,bains:Pedley,row1884,ethyl-4-pentenoate,2,2,0.0606,0,0,False,False,False
exp_00943,PUAKTHBSHFXVAG-UHFFFAOYSA-N,CC1=C(C)CC1,C6H10,0,1,6,g,19.7905,,none,bains:Winget,row1450,"1,2- Dimethylcyclobutene",2,2,0.0000,0,0,False,True,False
exp_00944,PUPAPFTXLYVYPX-BQBZGAKWSA-N,C[C@H]1C=C[C@H](C)C1,C7H12,0,1,7,g,-3.9914,,none,bains:Yaws,row1870,"3,trans-5-dimethylcyclopentene",1,1,0.0000,0,0,True,False,False
exp_00945,PUPZLCDOIYMWBV-UHFFFAOYSA-N,CC(O)CCO,C4H10O2,0,1,6,g,-103.5373,,none,bains:Pedley,row764,"1,3-butanediol",3,3,4.4933,2,0,False,False,True
exp_00946,PWEBUXCTKOWPCW-UHFFFAOYSA-N,O=c1c(O)c(O)c1=O,C4H2O4,0,1,8,g,-122.9685,,none,bains:Pedley,row819,"3,4-dihydroxy-3-cyclobutene-1,2-dione",1,1,0.0000,0,0,False,False,False
exp_00947,PXHNHTBJHHSVPT-UHFFFAOYSA-N,CCC(C)(C)CC(C)(C)C,C10H22,0,1,10,g,-61.5010,,none,bains:Yaws,row186,"2,2,4,4-tetramethylhexane",1,1,0.0000,0,0,True,False,False
exp_00948,PXWYZLWEKCMTEZ-UHFFFAOYSA-N,CCc1ccccc1[N+](=O)[O-],C8H9NO2,0,1,11,g,2.6769,,none,bains:Pedley,row2390,1-ethyl-2-nitrobenzene,1,1,0.0000,0,0,False,False,False
exp_00949,PYGSKMBEVAICCR-UHFFFAOYSA-N,C=CCCC=C,C6H10,0,1,6,g,20.0550,0.0932,reported,atct,592-42-7*0,"1,5-Hexadiene",8,8,0.2988,0,0,False,True,False
exp_00950,PYNDWPFZDQONDV-UHFFFAOYSA-N,Cc1noc(N)c1C,C5H8N2O,0,1,8,g,1.2428,,none,bains:Pedley,row1332,"5-amino-3,4-dimethyl-isoxazole",1,1,0.0000,0,0,False,False,False
exp_00951,PYOKUURKVVELLB-UHFFFAOYSA-N,COC(OC)OC,C4H10O3,0,1,7,g,-127.1272,,none,bains:Pedley,row769,trimethoxymethane,1,1,0.0000,0,0,False,False,False
exp_00952,PZHIWRCQKBBTOW-UHFFFAOYSA-N,CCCCOCC,C6H14O,0,1,7,g,-69.8853,,none,bains:Yaws,row1631,ethyl butyl ether,1,1,0.0000,0,0,True,False,False
exp_00953,PZPYIRQFCOFLGJ-UHFFFAOYSA-N,CCC(O)(C(C)C)C(C)C,C9H20O,0,1,10,g,-95.7529,,none,bains:Yaws,row2547,"2,4-dimethyl-3-ethyl-3-pentanol",1,1,0.0000,0,0,True,False,False
exp_00954,PZQGSZRQKQZCOJ-UHFFFAOYSA-N,O=C1CC(=O)C1,C4H4O2,0,1,6,g,-44.5268,,none,bains:Pedley,row834,"cyclobutane-1,3-dione",1,1,0.0000,0,0,False,False,False
exp_00955,PZVPOYBHOPRJNP-UHFFFAOYSA-N,CCC(C)(C)CN,C6H15N,0,1,7,g,-34.6080,,none,bains:Yaws,row1700,"1-amino-2,2-dimethylbutane",1,1,0.0000,0,0,True,False,False
exp_00956,QABJATQYUASJEM-UHFFFAOYSA-N,CC(C)C(C)CCCO,C8H18O,0,1,9,g,-88.7285,,none,bains:Yaws,row2314,"4,5-dimethyl-1-hexanol",1,1,0.0000,0,0,True,False,False
exp_00957,QACXEXNKLFWKLK-UHFFFAOYSA-N,CCCCC(C)(C)C(C)C,C10H22,0,1,10,g,-62.0100,,none,bains:Yaws,row167,"2,3,3-trimethylheptane",1,1,0.0000,0,0,True,False,False
exp_00958,QALGVLROELGEEM-UHFFFAOYSA-N,CCCC(C)(C)CC(C)C,C10H22,0,1,10,g,-62.4904,,none,bains:Yaws,row165,"2,4,4-trimethylheptane",1,1,0.0000,0,0,True,False,False
exp_00959,QAXAHXNXXIWQIZ-UHFFFAOYSA-N,CCN(CC)[N+](=O)[O-],C4H10N2O2,0,1,8,g,-12.6912,,none,bains:Pedley,row750,diethylnitramine,2,2,0.0088,0,0,False,False,False
exp_00960,QBNLGSOBSNKMBN-UHFFFAOYSA-N,Cc1cc(C)[n+]([O-])c(C)c1,C8H11NO,0,1,10,g,32.7000,,none,bains:Cioslowski,row2138,"2,4,6-trimethylpyridine 1-oxide",1,1,0.0000,0,0,False,False,False
exp_00961,QCCDLTOVEPVEJK-UHFFFAOYSA-N,CC(=O)Cc1ccccc1,C9H10O,0,1,10,g,-24.0679,,none,bains:Pedley,row2393,benzyl methyl ketone,4,4,2.5700,1,0,False,False,True
exp_00962,QCGSIOBRVKSPBW-UHFFFAOYSA-N,C1=CC=CC=CC=1,C7H6,0,1,7,g,96.3432,0.3107,reported,atct,52783-93-4*0,Cycloheptatetraene,1,1,0.0000,0,0,False,False,False
exp_00963,QCOGKXLOEWLIDC-UHFFFAOYSA-N,CCCCNC,C5H13N,0,1,6,g,-25.8843,,none,bains:NIST-1,row1271,N-methylbutan-1-amine,1,1,0.0000,0,0,False,False,False
exp_00964,QDCJIPFNVBDLRH-UHFFFAOYSA-N,CC1(C)COCOC1,C6H12O2,0,1,8,g,-100.4063,,none,bains:Pedley,row1545,"5,5-dimethyl-1,3-dioxan",2,2,0.2637,0,0,False,False,False
exp_00965,QDTDKYHPHANITQ-UHFFFAOYSA-N,CC(C)CCCCCCO,C9H20O,0,1,10,g,-92.3996,,none,bains:Yaws,row2573,7-methyl-1-octanol,1,1,0.0000,0,0,True,False,False
exp_00966,QEGNUYASOUJEHD-UHFFFAOYSA-N,CC1(C)CCCCC1,C8H16,0,1,8,g,-43.2361,,none,bains:Pedley,row2223,"1,1-dimethylcyclohexane",3,3,0.0239,0,0,False,False,False
exp_00967,QENWAAAGDINHGE-UHFFFAOYSA-N,CCCCC(O)C(C)(C)C,C9H20O,0,1,10,g,-94.4909,,none,bains:Yaws,row2519,"2,2-dimethyl-3-heptanol",1,1,0.0000,0,0,True,False,False
exp_00968,QEVGZEDELICMKH-UHFFFAOYSA-N,O=C(O)COCC(=O)O,C4H6O5,0,1,9,g,-225.8604,,none,bains:Yaws,row882,diglycolic acid,1,1,0.0000,0,0,True,False,False
exp_00969,QFXZANXYUCUTQH-UHFFFAOYSA-N,C#CO,C2H2O,0,1,3,g,22.1845,0.1745,reported,atct,32038-79-2*0,Ethynol,4,4,13.7983,2,0,False,False,True
exp_00970,QHDADHHODABHLK-UHFFFAOYSA-N,CCC(O)C(C)(C)CO,C7H16O2,0,1,9,g,-121.3671,,none,bains:Yaws,row1991,"2,2-dimethyl-1,3-pentanediol",1,1,0.0000,0,0,True,False,False
exp_00971,QHLDBFLIDFTHQI-UHFFFAOYSA-N,CCC(CC)CC(C)(C)C,C10H22,0,1,10,g,-62.3709,,none,bains:Yaws,row183,"4-ethyl-2,2-dimethylhexane",1,1,0.0000,0,0,True,False,False
exp_00972,QHSPZGZEUDEIQM-AATRIKPKSA-N,C/C=C/C(=O)OC(C)(C)C,C8H14O2,0,1,10,g,-101.3145,,none,bains:Pedley,row2172,(E)-2-butenoic acid tert-butyl ester,1,1,0.0000,0,0,False,False,False
exp_00973,QIGBRXMKCJKVMJ-UHFFFAOYSA-N,Oc1ccc(O)cc1,C6H6O2,0,1,8,g,-63.4082,,none,bains:Pedley,row1792,hydroquinone,5,5,7.3900,1,0,False,False,True
exp_00974,QIIAONVJAUZQQR-UHFFFAOYSA-N,CC1=CC(C)CC1,C7H12,0,1,7,g,-7.0985,,none,bains:Yaws,row1871,"1,3-dimethylcyclopentene",1,1,0.0000,0,0,True,False,False
exp_00975,QIRVGKYPAOQVNP-UHFFFAOYSA-N,C=C1CCC1,C5H8,0,1,5,g,29.0392,,none,bains:Pedley,row1328,methylenecyclobutane,5,5,3.7515,1,0,False,True,True
exp_00976,QIUBLANJVAOHHY-UHFFFAOYSA-N,[C-]#[NH+],CHN,0,1,2,g,45.9847,0.0908,reported,rmg:ATcT,Hydrogen isocyanide,Hydrogen isocyanide,1,1,0.0000,0,0,False,False,False
exp_00977,QJHDFBAAFGELLO-UHFFFAOYSA-N,CCCC(=O)OC(C)CC,C8H16O2,0,1,10,g,-130.3298,,none,bains:Pedley,row2242,sec-butyl butanoate,3,3,0.5497,0,0,False,False,False
exp_00978,QJJOAYUATFWLKY-UHFFFAOYSA-N,C1=CC=CCC=1,C6H6,0,1,6,g,96.4627,0.4780,reported,atct,124869-33-6*0,"1,2,4-Cyclohexatriene",1,1,0.0000,0,0,False,False,False
exp_00979,QKPVEISEHYYHRH-UHFFFAOYSA-N,COCC#N,C3H5NO,0,1,5,g,-8.5206,0.1577,reported,rmg:CCCBDB,Methoxyacetonitrile,Methoxyacetonitrile,2,2,0.0000,0,0,False,False,False
exp_00980,QKRRAXACNUNGCF-UHFFFAOYSA-N,CCCC(C)(O)CC(C)C,C9H20O,0,1,10,g,-94.4909,,none,bains:Yaws,row2524,"2,4-dimethyl-4-heptanol",1,1,0.0000,0,0,True,False,False
exp_00981,QKXQNQVXTYSGKS-BRPSZJMVSA-N,CC[C@H]1C[C@@H](C)[C@@H](C)C1,C9H18,0,1,9,g,-50.0215,,none,bains:Yaws,row2448,"1,cis-2-dimethyl-cis-4-ethylcyclopentane",1,1,0.0000,0,0,True,False,False
exp_00982,QLCJOAMJPCOIDI-UHFFFAOYSA-N,CCCCOCOCCCC,C9H20O2,0,1,11,g,-119.8136,,none,bains:Pedley,row2575,dibutyl formal,2,2,0.0136,0,0,False,False,False
exp_00983,QLNJFJADRCOGBJ-UHFFFAOYSA-N,CCC(N)=O,C3H7NO,0,1,5,g,-61.8881,0.1577,reported,rmg:CCCBDB,Propanamide,Propanamide,3,3,0.0096,0,0,False,False,False
exp_00984,QMEHJTXRYVSFES-UHFFFAOYSA-N,CCC(C)(C)CC(C)(C)O,C9H20O,0,1,10,g,-95.3203,,none,bains:Yaws,row2543,"2,4,4-trimethyl-2-hexanol",1,1,0.0000,0,0,True,False,False
exp_00985,QMGLMRPHOITLSN-UHFFFAOYSA-N,CC1COC(C)C1,C6H12O,0,1,7,g,-61.9097,,none,bains:Yaws,row1523,"2,4-dimethyltetrahydrofuran",1,1,0.0000,0,0,True,False,False
exp_00986,QMHNQZGXPNCMCO-UHFFFAOYSA-N,CCCCCCN(C)C,C8H19N,0,1,9,g,-33.6807,,none,bains:Yaws,row2347,dimethylhexylamine,1,1,0.0000,0,0,True,False,False
exp_00987,QMMOXUPEWRXHJS-HWKANZROSA-N,C/C=C/CC,C5H10,0,1,5,g,-7.6243,,none,bains:Pedley,row1064,trans-2-Pentene,6,6,1.1533,0,0,False,True,False
exp_00988,QMMOXUPEWRXHJS-UHFFFAOYSA-N,CC=CCC,C5H10,0,1,5,g,-6.2859,0.2008,reported,rmg:CCCBDB,(Z)-2-Pentene,(Z)-2-Pentene,1,1,0.0000,0,0,False,False,False
exp_00989,QNJAZNNWHWYOEO-UHFFFAOYSA-N,CCCCCC(CC)CO,C9H20O,0,1,10,g,-92.3996,,none,bains:Yaws,row2487,2-ethyl-1-heptanol,1,1,0.0000,0,0,True,False,False
exp_00990,QNRMTGGDHLBXQZ-UHFFFAOYSA-N,C=C=CC,C4H6,0,1,4,g,38.8504,0.1004,reported,atct,590-19-2*0,"1,2-Butadiene",10,10,0.7648,0,0,False,True,False
exp_00991,QOFLWDYWJZBWHM-UHFFFAOYSA-N,C=C1CCC1=C,C6H8,0,1,6,g,48.7572,,none,bains:NIST-1,row1813,"1,2-dimethylenecyclobutane",1,1,0.0000,0,0,False,False,False
exp_00992,QOUOOJJPJPQKNM-UHFFFAOYSA-N,O=NC#C[N+](=O)[O-],C2N2O3,0,1,7,g,100.3824,,none,bains:Add Lit 1,row535,1-nitro-2-nitrosoethyne,1,1,0.0000,0,0,False,False,False
exp_00993,QPJVMBTYPHYUOC-UHFFFAOYSA-N,COC(=O)c1ccccc1,C8H8O2,0,1,10,g,-68.8098,,none,bains:Pedley,row2377,methyl benzoate,1,1,0.0000,0,0,False,False,False
exp_00994,QPRQEDXDYOZYLA-UHFFFAOYSA-N,CCC(C)CO,C5H12O,0,1,6,g,-72.1797,,none,bains:Pedley,row1234,2-methyl-1-butanol,2,2,0.0103,0,0,False,False,False
exp_00995,QQBUHYQVKJQAOB-UHFFFAOYSA-N,C=Cc1ccco1,C6H6O,0,1,7,g,6.6444,,none,bains:Pedley,row1790,furylethylene,2,2,0.0444,0,0,False,False,False
exp_00996,QQCWGAMGBCGAQJ-UHFFFAOYSA-N,CCCCC(C)C(C)CC,C10H22,0,1,10,g,-60.5593,,none,bains:Yaws,row147,"3,4-dimethyloctane",1,1,0.0000,0,0,True,False,False
exp_00997,QQOJDTOGFYCSAU-UHFFFAOYSA-N,CC(C)(CO)CCCO,C7H16O2,0,1,9,g,-119.9809,,none,bains:Yaws,row2002,"2,2-dimethyl-1,5-pentanediol",1,1,0.0000,0,0,True,False,False
exp_00998,QQONPFPTGQHPMA-UHFFFAOYSA-N,C=CC,C3H6,0,1,3,g,4.7945,0.0430,reported,atct,115-07-1*0,Propene,15,15,0.3400,0,0,False,True,False
exp_00999,QQVIHTHCMHWDBS-UHFFFAOYSA-N,O=C(O)c1cccc(C(=O)O)c1,C8H6O4,0,1,12,g,-166.4197,,none,bains:Pedley,row2367,isophthalic acid,2,2,0.0197,0,0,False,False,False
exp_01000,QQZOPKMRPOGIEB-UHFFFAOYSA-N,CCCCC(C)=O,C6H12O,0,1,7,g,-66.8738,,none,bains:Pedley,row1514,methyl n-butyl ketone,2,2,0.0038,0,0,False,False,False
exp_01001,QQZWEECEMNQSTG-UHFFFAOYSA-N,CCON=O,C2H5NO2,0,1,5,g,-23.2624,0.2055,reported,atct,109-95-5*0,Ethyl nitrite,1,1,0.0000,0,0,False,False,False
exp_01002,QRMPKOFEUHIBNM-OCAPTIKFSA-N,C[C@H]1CC[C@@H](C)CC1,C8H16,0,1,8,g,-44.0966,,none,bains:Pedley,row2220,"cis-1,4-dimethylcyclohexane",3,3,1.8916,1,0,False,False,True
exp_01003,QRUDEWIWKLJBPS-UHFFFAOYSA-N,c1ccc2[nH]nnc2c1,C6H5N3,0,1,9,g,80.2000,,none,bains:Cioslowski,row1776,"1H-benzo[d][1,2,3]triazole",1,1,0.0000,0,0,False,False,False
exp_01004,QSBDXVOJNUPDPI-UHFFFAOYSA-N,C1OCOCOCOCO1,C5H10O5,0,1,10,g,-186.3767,,none,bains:Pedley,row1185,"1,3,5,7,9-pentaoxecane",1,1,0.0000,0,0,False,False,False
exp_01005,QSHJLBQLQVSEFV-UHFFFAOYSA-N,CCC(C)(C)C(C)=O,C7H14O,0,1,8,g,-73.8862,,none,bains:Yaws,row1938,"3,3-dimethyl-2-pentanone",1,1,0.0000,0,0,True,False,False
exp_01006,QSJXEFYPDANLFS-UHFFFAOYSA-N,CC(=O)C(C)=O,C4H6O2,0,1,6,g,-78.2075,0.1482,reported,atct,431-03-8*0,"2,3-Butanedione",9,9,1.2200,1,0,False,False,True
exp_01007,QTBSBXVTEAMEQO-UHFFFAOYSA-N,CC(=O)O,C2H4O2,0,1,4,g,-103.3939,0.0765,reported,atct,64-19-7*0,Acetic acid,12,12,5.2103,1,0,False,True,True
exp_01008,QTOMCRXZFDHJOL-UHFFFAOYSA-N,CCCC(C)(C)CO,C7H16O,0,1,8,g,-83.3628,,none,bains:Yaws,row1972,"2,2-dimethyl-1-pentanol",1,1,0.0000,0,0,True,False,False
exp_01009,QUSNBJAOOMFDIB-UHFFFAOYSA-N,CCN,C2H7N,0,1,3,g,-11.8977,0.1004,reported,atct,75-04-7*0,Ethylamine,7,7,2.4960,1,0,False,True,True
exp_01010,QVFKMROLPSPCIX-UHFFFAOYSA-N,CCC(C)C(C)CCO,C8H18O,0,1,9,g,-88.7285,,none,bains:Yaws,row2289,"3,4-dimethyl-1-hexanol",1,1,0.0000,0,0,True,False,False
exp_01011,QVIAMKXOQGCYCV-UHFFFAOYSA-N,CC(C)CCCN,C6H15N,0,1,7,g,-33.3891,,none,bains:Yaws,row1710,1-amino-4-methylpentane,1,1,0.0000,0,0,True,False,False
exp_01012,QVOWAGHRMPAGOZ-AATRIKPKSA-N,CC/C=C/C(=O)OCC(C)C,C9H16O2,0,1,11,g,-108.2696,,none,bains:Pedley,row2423,isobutyl 2-pentenoate,2,2,0.0304,0,0,False,False,False
exp_01013,QVRBGKYLLCLCHL-UHFFFAOYSA-N,CC1C=CC=C1,C6H8,0,1,6,g,26.5535,0.3346,reported,atct,96-38-8*0,"5-Methyl-1,3-cyclopentadiene",1,1,0.0000,0,0,False,False,False
exp_01014,QVWDCTQRORVHHT-UHFFFAOYSA-N,O=c1cccccc1,C7H6O,0,1,8,g,-4.2376,,none,bains:Pedley,row2053,"2,4,6-cycloheptatriene-1-one",1,1,0.0000,0,0,False,False,False
exp_01015,QWBBPBRQALCEIZ-UHFFFAOYSA-N,Cc1cccc(O)c1C,C8H10O,0,1,9,g,-37.5717,,none,bains:Pedley,row2127,"2,3-xylenol",2,2,0.0017,0,0,False,False,False
exp_01016,QWHNJUXXYKPLQM-UHFFFAOYSA-N,CC1(C)CCCC1,C7H14,0,1,7,g,-33.0306,,none,bains:Pedley,row1925,"1,1-dimethylcyclopentane",3,3,0.0094,0,0,False,False,False
exp_01017,QWJDXMFJOMPTCV-UHFFFAOYSA-N,CCC(C)(C)C(C)(O)CC,C9H20O,0,1,10,g,-95.3203,,none,bains:Yaws,row2544,"3,4,4-trimethyl-3-hexanol",1,1,0.0000,0,0,True,False,False
exp_01018,QWKHRBFLFYXNDY-UHFFFAOYSA-N,CC1=C(C)C1,C5H8,0,1,5,g,46.3778,,none,bains:Winget,row1324,"1,2-Dimethylcyclopropene",2,2,0.0000,0,0,False,True,False
exp_01019,QWTDNUCVQCZILF-UHFFFAOYSA-N,CCC(C)C,C5H12,0,1,5,g,-36.5607,0.0932,reported,atct,78-78-4*0,iso-Pentane,13,13,0.3893,0,0,False,True,False
exp_01020,QWUWMCYKGHVNAV-UHFFFAOYSA-N,c1ccc(CCc2ccccc2)cc1,C14H14,0,1,14,g,33.9914,0.1816,reported,atct,103-29-7*0,"1,2-Diphenylethane",1,1,0.0000,0,0,False,False,False
exp_01021,QWVGKYWNOKOFNN-UHFFFAOYSA-N,Cc1ccccc1O,C7H8O,0,1,8,g,-30.7361,,none,bains:Pedley,row2085,o-cresol,3,3,0.0061,0,0,False,False,False
exp_01022,QXHRQZNDMYRDPA-UHFFFAOYSA-N,CC(=O)C(C)C(C)C,C7H14O,0,1,8,g,-74.3188,,none,bains:Yaws,row1935,"3,4-dimethyl-2-pentanone",1,1,0.0000,0,0,True,False,False
exp_01023,QXKKYNIWAYERHT-UHFFFAOYSA-N,CC(O)C(C)(C)CO,C6H14O2,0,1,8,g,-116.8738,,none,bains:Yaws,row1655,"2,2-dimethyl-1,3-butanediol",1,1,0.0000,0,0,True,False,False
exp_01024,QXSSGYRBUZRDNL-HWKANZROSA-N,C/C=C/CC(=O)OCCC,C8H14O2,0,1,10,g,-96.6061,,none,bains:Pedley,row2162,n-propyl 3-pentenoate,2,2,0.0061,0,0,False,False,False
exp_01025,QYFVEEMPFRRFNN-UHFFFAOYSA-N,CC(C)(C)CCCCO,C8H18O,0,1,9,g,-88.2959,,none,bains:Yaws,row2317,"5,5-dimethyl-1-hexanol",1,1,0.0000,0,0,True,False,False
exp_01026,QYKIQEUNHZKYBP-UHFFFAOYSA-N,C=COC=C,C4H6O,0,1,5,g,-3.0306,0.2008,reported,rmg:CCCBDB,Vinyl ether,Vinyl ether,8,8,0.5100,0,0,False,False,False
exp_01027,QYPLKDUOPJZROX-UHFFFAOYSA-N,CCC(C)(C)C=O,C6H12O,0,1,7,g,-62.6434,,none,bains:Yaws,row1517,"2,2-dimethylbutanal",1,1,0.0000,0,0,True,False,False
exp_01028,QYYQTLLGVAPKPN-UHFFFAOYSA-N,CCC1=CCCC1,C7H12,0,1,7,g,-4.7084,,none,bains:Pedley,row1864,1-ethylcyclopentene,1,1,0.0000,0,0,False,False,False
exp_01029,QYZLKGVUSQXAMU-UHFFFAOYSA-N,C=CCC=C,C5H8,0,1,5,g,25.2000,,none,bains:Cioslowski,row1319,"penta-1,4-diene",8,8,0.3400,0,0,False,True,False
exp_01030,QZUPTXGVPYNUIT-UHFFFAOYSA-N,NC(=O)c1cccc(C(N)=O)c1,C8H8N2O2,0,1,12,g,-91.4197,,none,bains:Pedley,row2373,isophthalamide,1,1,0.0000,0,0,False,False,False
exp_01031,RAKYQWCHMSXUEG-UHFFFAOYSA-N,CCCC(C)(C)CCO,C8H18O,0,1,9,g,-88.2959,,none,bains:Yaws,row2287,"3,3-dimethyl-1-hexanol",1,1,0.0000,0,0,True,False,False
exp_01032,RAXXELZNTBOGNW-UHFFFAOYSA-N,c1c[nH]cn1,C3H4N2,0,1,5,g,31.7639,0.1434,reported,rmg:CCCBDB,1H-Imidazole,1H-Imidazole,5,5,2.7008,2,0,False,False,True
exp_01033,RBACIKXCRWGCBB-UHFFFAOYSA-N,CCC1CO1,C4H8O,0,1,5,g,-26.2906,,none,bains:Yaws,row1016,"1,2-epoxybutane",1,1,0.0000,0,0,True,False,False
exp_01034,RBNLKEZJTWJUAY-UHFFFAOYSA-N,CCC(C)(O)C(C)CO,C7H16O2,0,1,9,g,-122.6577,,none,bains:Yaws,row1992,"2,3-dimethyl-1,3-pentanediol",1,1,0.0000,0,0,True,False,False
exp_01035,RCEJCSULJQNRQQ-UHFFFAOYSA-N,CCC(C)C#N,C5H9N,0,1,6,g,0.5736,,none,bains:NIST-1,row1421,2-methylbutanenitrile,1,1,0.0000,0,0,False,False,False
exp_01036,RCIBIGQXGCBBCT-UHFFFAOYSA-N,[C-]#[N+]c1ccccc1,C7H5N,0,1,8,g,73.3987,0.4063,reported,atct,931-54-4*0,Isocyanobenzene,1,1,0.0000,0,0,False,False,False
exp_01037,RCJOMOPNGOSMJU-UHFFFAOYSA-N,C12C3C1C1C2C31,C6H6,0,1,6,g,133.0545,0.3107,reported,atct,650-42-0*0,Triprismane,1,1,0.0000,0,0,False,False,False
exp_01038,RDOWQLZANAYVLL-UHFFFAOYSA-N,c1ccc2c(c1)cnc1ccccc12,C13H9N,0,1,14,g,57.5000,,none,bains:Cioslowski,row273,phenanthridine,1,1,0.0000,0,0,False,False,False
exp_01039,RDOXTESZEPMUJZ-UHFFFAOYSA-N,COc1ccccc1,C7H8O,0,1,8,g,-16.9264,0.1506,reported,atct,100-66-3*0,Anisole,6,6,2.1009,1,0,False,False,True
exp_01040,RECUKUPTGUEGMW-UHFFFAOYSA-N,Cc1ccc(C(C)C)cc1O,C10H14O,0,1,11,g,-54.6128,,none,bains:Pedley,row99,5-isopropyl-2-methylphenol,1,1,0.0000,0,0,False,False,False
exp_01041,REHKGFPHRDKAKX-UHFFFAOYSA-N,[C-]#[N+]C#C,C3HN,0,1,4,g,116.4006,0.2342,reported,atct,66723-45-3*0,Isocyanoacetylene,1,1,0.0000,0,0,False,False,False
exp_01042,RESTWAHJFMZUIZ-UHFFFAOYSA-N,CCc1ccc([N+](=O)[O-])cc1,C8H9NO2,0,1,11,g,1.7686,,none,bains:Pedley,row2389,1-ethyl-4-nitrobenzene,1,1,0.0000,0,0,False,False,False
exp_01043,RFFFKMOABOFIDF-UHFFFAOYSA-N,CCCCC#N,C5H9N,0,1,6,g,2.6530,,none,bains:NIST-1,row1418,pentanenitrile,1,1,0.0000,0,0,False,False,False
exp_01044,RFZHJHSNHYIRNE-UHFFFAOYSA-N,CCC(C)(O)C(C)C,C7H16O,0,1,8,g,-84.6248,,none,bains:Yaws,row1980,"2,3-dimethyl-3-pentanol",1,1,0.0000,0,0,True,False,False
exp_01045,RGCDVHNITQEYPO-UHFFFAOYSA-N,CC1(C)C(=O)C(C)(C)C1=O,C8H12O2,0,1,10,g,-73.5182,,none,bains:Pedley,row2146,"2,2,4,4-tetramethyl-1,3-cyclobutanedione",1,1,0.0000,0,0,False,False,False
exp_01046,RGFNRWTWDWVHDD-UHFFFAOYSA-N,CCCC(=O)OCC(C)C,C8H16O2,0,1,10,g,-127.3901,,none,bains:Yaws,row2240,isobutyl butanoate,1,1,0.0000,0,0,True,False,False
exp_01047,RGSFGYAAUTVSQA-UHFFFAOYSA-N,C1CCCC1,C5H10,0,1,5,g,-18.1525,0.0908,reported,atct,287-92-3*0,Cyclopentane,13,13,0.4392,0,0,False,True,False
exp_01048,RGYAVZGBAJFMIZ-UHFFFAOYSA-N,CCCC(C)=C(C)C,C8H16,0,1,8,g,-25.9321,,none,bains:Yaws,row2198,"2,3-dimethyl-2-hexene",1,1,0.0000,0,0,True,False,False
exp_01049,RHMRCCBCYFAZIK-UHFFFAOYSA-N,CCC(CC)C(C)C(C)C,C10H22,0,1,10,g,-60.4302,,none,bains:Yaws,row162,"4-ethyl-2,3-dimethylhexane",1,1,0.0000,0,0,True,False,False
exp_01050,RHSLWHLBYFOBAF-UHFFFAOYSA-N,CCC(=O)OC(C)(C)CC,C8H16O2,0,1,10,g,-133.5325,,none,bains:Yaws,row2248,"1,1-dimethylpropyl propanoate",1,1,0.0000,0,0,True,False,False
exp_01051,RHUYHJGZWVXEHW-UHFFFAOYSA-N,CN(C)N,C2H8N2,0,1,4,g,20.0526,,none,bains:Pedley,row504,"1,1-dimethylhydrazine",7,7,0.1708,0,0,False,True,False
exp_01052,RIICRLQIUAAOOE-UHFFFAOYSA-N,CC1=CCCC1C,C7H12,0,1,7,g,-6.9551,,none,bains:Yaws,row1874,"1,5-dimethylcyclopentene",1,1,0.0000,0,0,True,False,False
exp_01053,RIRARCHMRDHZAR-KNVOCYPGSA-N,C[C@@H]1CCC[C@@H]1C,C7H14,0,1,7,g,-32.6482,,none,bains:Pedley,row1924,"cis-1,2-dimethylcyclopentane",4,4,1.9882,3,0,False,False,True
exp_01054,RKOOMBNWEBDZSV-UHFFFAOYSA-N,[C-]#CC#C[CH2+],C5H2,0,1,5,g,188.1692,0.5019,reported,atct,117992-81-1*0,"1,3-Pentadiyne-1.5-diyl",1,1,0.0000,0,0,False,False,False
exp_01055,RLGDVTUGYZAYIX-UHFFFAOYSA-N,CCC(CC)CCCO,C8H18O,0,1,9,g,-87.4665,,none,bains:Yaws,row2284,4-ethyl-1-hexanol,1,1,0.0000,0,0,True,False,False
exp_01056,RLPGDEORIPLBNF-UHFFFAOYSA-N,CC(C)C(C)C(C)C,C8H18,0,1,8,g,-51.9359,,none,bains:Pedley,row2269,"2,3,4-trimethylpentane",2,2,0.0041,0,0,False,False,False
exp_01057,RLSSMJSEOOYNOY-UHFFFAOYSA-N,Cc1cccc(O)c1,C7H8O,0,1,8,g,-31.6205,,none,bains:Pedley,row2084,m-cresol,4,4,0.0400,0,0,False,False,False
exp_01058,RMBUNHOAKTUXTC-UHFFFAOYSA-N,CCC(O)(CC)CC(C)C,C9H20O,0,1,10,g,-94.4909,,none,bains:Yaws,row2535,5-methyl-3-ethyl-3-hexanol,1,1,0.0000,0,0,True,False,False
exp_01059,RMEZNLDVMHNLHR-UHFFFAOYSA-N,CCC(O)(CC)CO,C6H14O2,0,1,8,g,-117.1606,,none,bains:Yaws,row1647,"2-ethyl-1,2-butanediol",1,1,0.0000,0,0,True,False,False
exp_01060,RMGHERXMTMUMMV-UHFFFAOYSA-N,COC(C)C,C4H10O,0,1,5,g,-60.2390,0.2294,reported,rmg:CCCBDB,2-Methoxypropane,2-Methoxypropane,4,4,0.0106,0,0,False,False,False
exp_01061,RMJMOIGSWATFGE-UHFFFAOYSA-N,CC(CCO)C(C)(C)O,C7H16O2,0,1,9,g,-123.8528,,none,bains:Yaws,row1998,"3,4-dimethyl-1,4-pentanediol",1,1,0.0000,0,0,True,False,False
exp_01062,RMQHJMMCLSJULX-UHFFFAOYSA-N,CCCC(C)(C)C(C)(C)C,C10H22,0,1,10,g,-61.6300,,none,bains:Yaws,row191,"2,2,3,3-tetramethylhexane",1,1,0.0000,0,0,True,False,False
exp_01063,RNKURRDNOYXATR-UHFFFAOYSA-N,CC(C)C(O)C(C)O,C6H14O2,0,1,8,g,-118.9532,,none,bains:Yaws,row1649,"dl-erythro-4-methyl-2,3-pentanediol",1,1,0.0000,0,0,True,False,False
exp_01064,RNTWWGNZUXGTAX-UHFFFAOYSA-N,CCC(C)C(C)CC,C8H18,0,1,8,g,-50.8604,,none,bains:Pedley,row2264,"3,4-dimethylhexane",3,3,0.0335,0,0,False,False,False
exp_01065,ROAKNVNVSBKPLL-UHFFFAOYSA-N,C=C=CC=C=C,C6H6,0,1,6,g,95.5067,0.3585,reported,atct,29776-96-3*0,Biallenyl,1,1,0.0000,0,0,False,False,False
exp_01066,ROHFNLRQFUQHCH-YFKPBYRVSA-N,CC(C)C[C@H](N)C(=O)O,C6H13NO2,0,1,9,g,-116.3480,,none,bains:Pedley,row1619,leucine,3,3,2.2900,1,0,False,False,True
exp_01067,ROJKPKOYARNFNB-UHFFFAOYSA-N,CCCCC(=O)OCCC,C8H16O2,0,1,10,g,-127.5335,,none,bains:Pedley,row2237,n-propyl pentanoate,2,2,0.0335,0,0,False,False,False
exp_01068,ROSDSFDQCJNGOL-UHFFFAOYSA-N,CNC,C2H7N,0,1,3,g,-4.0559,0.1076,reported,atct,124-40-3*0,Dimethylamine,12,12,2.5409,2,0,False,True,True
exp_01069,ROSFUFIOLRQOON-WHFBIAKZSA-N,C[C@H]1OC[C@H](C)O1,C5H10O2,0,1,7,g,-90.9417,,none,bains:Pedley,row1175,"trans-2,4-dimethyl-1,3-dioxalane",1,1,0.0000,0,0,False,False,False
exp_01070,RPNUMPOLZDHAAY-UHFFFAOYSA-N,NCCNCCN,C4H13N3,0,1,7,g,-1.4006,,none,bains:Yaws,row812,diethylene triamine,1,1,0.0000,0,0,True,False,False
exp_01071,RPZUBXWEQBPUJR-UHFFFAOYSA-N,C1CCC2CCC2C1,C8H14,0,1,8,g,-6.2620,,none,bains:Pedley,row2150,"bicyclo[4,2,0]octane",2,2,0.1280,0,0,False,False,False
exp_01072,RQUBQBFVDOLUKC-UHFFFAOYSA-N,CCOCC(C)C,C6H14O,0,1,7,g,-71.4149,,none,bains:Yaws,row1636,ethyl isobutyl ether,1,1,0.0000,0,0,True,False,False
exp_01073,RRHGJUQNOFWUDK-UHFFFAOYSA-N,C=CC(=C)C,C5H8,0,1,5,g,18.1071,0.1577,reported,atct,78-79-5*0,Isoprene,9,9,0.3871,0,0,False,False,False
exp_01074,RRVVJXIVCJZXHO-SNAWJCMRSA-N,C/C=C/CC(=O)OCC(C)C,C9H16O2,0,1,11,g,-108.2696,,none,bains:Pedley,row2422,isobutyl 3-pentenoate,2,2,0.0304,0,0,False,False,False
exp_01075,RRXGEBMUOXGKDW-UHFFFAOYSA-N,CNC1=CC=CC=CC1NC,C9H14N2,0,1,11,g,50.4541,,none,bains:Pedley,row2411,"1,7-bis(methylamino)-1,3,5-cycloheptatriene",1,1,0.0000,0,0,False,False,False
exp_01076,RTRZHEPXWQXCCI-UHFFFAOYSA-N,CCC(C)CC(C)(C)O,C8H18O,0,1,9,g,-89.5578,,none,bains:Yaws,row2297,"2,4-dimethyl-2-hexanol",1,1,0.0000,0,0,True,False,False
exp_01077,RTZKZFJDLAIYFH-UHFFFAOYSA-N,CCOCC,C4H10O,0,1,5,g,-59.8016,0.1793,reported,atct,60-29-7*0,Diethyl ether,8,8,2.0793,1,0,False,False,True
exp_01078,RUFPHBVGCFYCNW-UHFFFAOYSA-N,Nc1cccc2ccccc12,C10H9N,0,1,11,g,37.6673,,none,bains:Pedley,row223,1-naphthylamine,2,2,0.0327,0,0,False,False,False
exp_01079,RUOJZAUFBMNUDX-UHFFFAOYSA-N,CC1COC(=O)O1,C4H6O3,0,1,7,g,-139.2208,,none,bains:Pedley,row878,"4-methyl-1,3-dioxolane-2-one",1,1,0.0000,0,0,False,False,False
exp_01080,RUPAXCPQAAOIPB-UHFFFAOYSA-N,CC(C)(C)OC=O,C5H10O2,0,1,7,g,-111.1616,,none,bains:Yaws,row1177,tert-butyl formate,1,1,0.0000,0,0,True,False,False
exp_01081,RUUVWUNHERVOAY-RKDXNWHRSA-N,CC[C@@H]1CC[C@@H](CC)C1,C9H18,0,1,9,g,-45.1601,,none,bains:Yaws,row2441,"1,trans-3-diethylcyclopentane",1,1,0.0000,0,0,True,False,False
exp_01082,RVGLUKRYMXEQAH-UHFFFAOYSA-N,CC1(C)COC1,C5H10O,0,1,6,g,-35.4207,,none,bains:Pedley,row1164,"3,3-dimethyloxetane",2,2,0.0000,0,0,False,False,False
exp_01083,RWCCWEUUXYIKHB-UHFFFAOYSA-N,O=C(c1ccccc1)c1ccccc1,C13H10O,0,1,14,g,12.3088,0.3585,reported,atct,119-61-9*0,Benzophenone,1,1,0.0000,0,0,False,False,False
exp_01084,RWDDSTHSVISBEA-UHFFFAOYSA-N,CC#CCCCCCCC,C10H18,0,1,10,g,5.3944,,none,bains:Yaws,row119,2-decyne,1,1,0.0000,0,0,True,False,False
exp_01085,RWGFKTVRMDUZSP-UHFFFAOYSA-N,CC(C)c1ccccc1,C9H12,0,1,9,g,0.9600,,none,bains:Cox-1,row2403,cumene,2,2,0.0040,0,0,False,False,False
exp_01086,RWQNBRDOKXIBIV-UHFFFAOYSA-N,Cc1c[nH]c(=O)[nH]c1=O,C5H6N2O2,0,1,9,g,-78.5612,,none,bains:Pedley,row1300,thymine,1,1,0.0000,0,0,False,False,False
exp_01087,RWRDLPDLKQPQOW-UHFFFAOYSA-N,C1CCNC1,C4H9N,0,1,5,g,-0.8604,0.2199,reported,rmg:CCCBDB,Pyrrolidine,Pyrrolidine,9,9,0.1004,0,0,False,True,False
exp_01088,RWZYAGGXGHYGMB-UHFFFAOYSA-N,Nc1ccccc1C(=O)O,C7H7NO2,0,1,10,g,-70.7457,,none,bains:Pedley,row2076,2-aminobenzoic acid,1,1,0.0000,0,0,False,False,False
exp_01089,RXGUIWHIADMCFC-UHFFFAOYSA-N,CC(C)COC(=O)C(C)C,C8H16O2,0,1,10,g,-130.7361,,none,bains:Yaws,row2250,isobutyl isobutyrate,1,1,0.0000,0,0,True,False,False
exp_01090,RXPIHZJWAFCHEJ-UHFFFAOYSA-N,CCC1CCCC1(C)C,C9H18,0,1,9,g,-41.5177,,none,bains:Yaws,row2445,"1,1-dimethyl-2-ethylcyclopentane",1,1,0.0000,0,0,True,False,False
exp_01091,RXSIKQJQLQRQQY-UHFFFAOYSA-N,CCCCC(C)(O)CCC,C9H20O,0,1,10,g,-93.2290,,none,bains:Yaws,row2510,4-methyl-4-octanol,1,1,0.0000,0,0,True,False,False
exp_01092,RXYYKIMRVXDSFR-UHFFFAOYSA-N,C=CC(C)(C)CCC,C8H16,0,1,8,g,-22.4665,,none,bains:Yaws,row2207,"3,3-dimethyl-1-hexene",1,1,0.0000,0,0,True,False,False
exp_01093,RYECOJGRJDOGPP-UHFFFAOYSA-N,CCNC(N)=O,C3H8N2O,0,1,6,g,-61.5440,,none,bains:NIST-1,row701,1-ethylurea,1,1,0.0000,0,0,False,False,False
exp_01094,RYHBNJHYFVUHQT-UHFFFAOYSA-N,C1COCCO1,C4H8O2,0,1,6,g,-75.3585,0.1912,reported,rmg:CCCBDB,14-Dioxane,14-Dioxane,8,8,4.5989,1,0,False,False,True
exp_01095,RYKZRKKEYSRDNF-UHFFFAOYSA-N,C=C(CC)CC,C6H12,0,1,6,g,-13.4011,0.2103,reported,rmg:CCCBDB,3-Methylenepentane,3-Methylenepentane,5,5,0.0167,0,0,False,False,False
exp_01096,RYPKRALMXUUNKS-HWKANZROSA-N,C/C=C/CCC,C6H12,0,1,6,g,-12.8824,,none,bains:Pedley,row1490,trans-2-hexene,2,2,0.0024,0,0,False,False,False
exp_01097,RYYMZRUXQWULCT-UHFFFAOYSA-N,CCC(=O)OC(C)C(C)C,C8H16O2,0,1,10,g,-129.9235,,none,bains:Yaws,row2249,"1,2-dimethylpropyl propanoate",1,1,0.0000,0,0,True,False,False
exp_01098,RZICEOJUAFHYFO-UHFFFAOYSA-N,CCCCCCOO,C6H14O2,0,1,8,g,-80.5000,,none,bains:Cox-1,row1643,1-hydroperoxyhexane,1,1,0.0000,0,0,False,False,False
exp_01099,RZYIPLSVRHWROD-UHFFFAOYSA-N,C1OCOO1,C2H4O3,0,1,5,g,-53.2505,0.5019,reported,atct,289-14-5*0,"1,2,4-Trioxolane",1,1,0.0000,0,0,False,False,False
exp_01100,SBHHFAIXPSFQLT-UHFFFAOYSA-N,C=[O+][O-],CH2O2,0,1,3,g,25.1195,0.0789,reported,atct,56077-92-0*0,Dioxymethyl,2,2,0.0478,0,0,False,False,False
exp_01101,SBYHFKPVCBCYGV-UHFFFAOYSA-N,C1CN2CCC1CC2,C7H13N,0,1,8,g,-1.0000,,none,bains:Cioslowski,row1906,quinuclidine,2,2,0.0038,0,0,False,False,False
exp_01102,SBZXBUIDTXKZTM-UHFFFAOYSA-N,COCCOCCOC,C6H14O3,0,1,9,g,-122.1319,,none,bains:Yaws,row1665,diethylene glycol dimethyl ether,1,1,0.0000,0,0,True,False,False
exp_01103,SCKXCAADGDQQCS-UHFFFAOYSA-N,O=COO,CH2O3,0,1,4,g,-68.9149,0.1506,reported,atct,107-32-4*0,Peroxyformic acid,2,2,0.1338,0,0,False,False,False
exp_01104,SDAXRHHPNYTELL-UHFFFAOYSA-N,CCCCCCC#N,C7H13N,0,1,8,g,-7.4092,,none,bains:Pedley,row1905,heptanenitrile,1,1,0.0000,0,0,False,False,False
exp_01105,SDJHPPZKZZWAKF-UHFFFAOYSA-N,C=C(C)C(=C)C,C6H10,0,1,6,g,10.7792,,none,bains:Pedley,row1449,"2,3-dimethyl-1,3-butadiene",5,5,0.0157,0,0,False,True,False
exp_01106,SDLAKRCBYGZJRW-UHFFFAOYSA-N,CC(C)(C)NC=O,C5H11NO,0,1,7,g,-67.8776,,none,bains:Yaws,row1221,tert-butylformamide,1,1,0.0000,0,0,True,False,False
exp_01107,SEGJNMCIMOLEDM-UHFFFAOYSA-N,CCCCCCCCNC,C9H21N,0,1,10,g,-41.9742,,none,bains:Yaws,row2588,methyloctylamine,1,1,0.0000,0,0,True,False,False
exp_01108,SFCLUGLYUWEHFR-UHFFFAOYSA-N,CCCC([N+](=O)[O-])[N+](=O)[O-],C4H8N2O4,0,1,10,g,-34.0837,,none,bains:Winget,row1011,"1,1-Dinitrobutane",2,2,0.0000,0,0,False,True,False
exp_01109,SFRKSDZMZHIISH-UHFFFAOYSA-N,CCCC(CC)CC,C8H18,0,1,8,g,-50.3600,,none,bains:Cox-1,row2261,3-ethylhexane,1,1,0.0000,0,0,False,False,False
exp_01110,SGVUHPSBDNVHKL-HTQZYQBOSA-N,C[C@@H]1CCC[C@@H](C)C1,C8H16,0,1,8,g,-42.1845,,none,bains:Pedley,row2221,"trans-1,3-dimethylcyclohexane",3,3,0.0045,0,0,False,False,False
exp_01111,SGVYKUFIHHTIFL-UHFFFAOYSA-N,CCCCCCCC(C)C,C10H22,0,1,10,g,-61.3050,,none,bains:Yaws,row131,2-methylnonane,1,1,0.0000,0,0,True,False,False
exp_01112,SHDPRTQPPWIEJG-UHFFFAOYSA-N,CC1=CC1,C4H6,0,1,4,g,58.2218,,none,bains:Pedley,row852,1-methylcycloprop-1-ene,5,5,0.1452,0,0,False,True,False
exp_01113,SHQSVMDWKBRBGB-UHFFFAOYSA-N,O=C1CCC1,C4H6O,0,1,5,g,-24.2000,,none,bains:Cioslowski,row866,cyclobutanone,3,3,2.3071,1,0,False,False,True
exp_01114,SIKFMUYSQCEQOO-UHFFFAOYSA-N,CCC(C)(CC)CC(C)C,C10H22,0,1,10,g,-61.2309,,none,bains:Yaws,row161,"4-ethyl-2,4-dimethylhexane",1,1,0.0000,0,0,True,False,False
exp_01115,SIKJAQJRHWYJAI-UHFFFAOYSA-N,c1ccc2[nH]ccc2c1,C8H7N,0,1,9,g,37.4000,,none,bains:Cioslowski,row2369,1H-indole,3,3,7.2000,1,0,False,False,True
exp_01116,SJGALSBBFTYSBA-UHFFFAOYSA-N,C1NO1,CH3NO,0,1,3,g,24.8088,0.5019,reported,atct,6827-26-5*0,Oxaziridine,1,1,0.0000,0,0,False,False,False
exp_01117,SJNALLRHIVGIBI-UHFFFAOYSA-N,C=CCC#N,C4H5N,0,1,5,g,37.7151,,none,bains:Pedley,row839,but-3-enenitrile,2,2,0.0239,0,0,False,False,False
exp_01118,SJYNFBVQFBRSIB-UHFFFAOYSA-N,C1=CC2C=CC1C2,C7H8,0,1,7,g,57.2658,0.3585,reported,atct,121-46-0*0,Norbornadiene,4,4,8.8827,3,0,False,False,True
exp_01119,SKQUTIPQJKQFRA-UHFFFAOYSA-N,CC(CO)C(C)CO,C6H14O2,0,1,8,g,-113.7189,,none,bains:Yaws,row1653,"dl-2,3 -dimethyl-1,4-butanediol",1,1,0.0000,0,0,True,False,False
exp_01120,SLCVBVWXLSEKPL-UHFFFAOYSA-N,CC(C)(CO)CO,C5H12O2,0,1,7,g,-112.3327,,none,bains:Yaws,row1247,"2,2-dimethyl-1,3-propanediol",1,1,0.0000,0,0,True,False,False
exp_01121,SLLFVLKNXABYGI-UHFFFAOYSA-N,c1ccc2onnc2c1,C6H4N2O,0,1,9,g,71.8690,,none,bains:Pedley,row1759,"1,2,3-benzoxadiazole",1,1,0.0000,0,0,False,False,False
exp_01122,SMNDYUVBFMFKNZ-UHFFFAOYSA-N,O=C(O)c1ccco1,C5H4O3,0,1,8,g,-93.1883,,none,bains:Pedley,row1286,furoic acid,3,3,1.2117,1,0,False,False,True
exp_01123,SMWDFEZZVXVKRB-UHFFFAOYSA-N,c1ccc2ncccc2c1,C9H7N,0,1,10,g,47.9000,,none,bains:Cioslowski,row2599,quinoline,1,1,0.0000,0,0,False,False,False
exp_01124,SNKTZHPOKPYBPT-UHFFFAOYSA-N,CC(C)CC(O)C(C)C,C8H18O,0,1,9,g,-89.9904,,none,bains:Yaws,row2309,"2,5-dimethyl-3-hexanol",1,1,0.0000,0,0,True,False,False
exp_01125,SODKTKJZYBOMMT-UHFFFAOYSA-N,CC(C)C(C)C(C)O,C7H16O,0,1,8,g,-85.0574,,none,bains:Yaws,row1975,"3,4-dimethyl-2-pentanol",1,1,0.0000,0,0,True,False,False
exp_01126,SOGAXMICEFXMKE-UHFFFAOYSA-N,C=C(C)C(=O)OCCCC,C8H14O2,0,1,10,g,-100.8604,,none,bains:Yaws,row2166,butyl methacrylate,1,1,0.0000,0,0,True,False,False
exp_01127,SOYLPZSOEXZMLE-UHFFFAOYSA-N,CCC(C)(C)CCC(C)C,C10H22,0,1,10,g,-64.3810,,none,bains:Yaws,row160,"2,5,5-trimethylheptane",1,1,0.0000,0,0,True,False,False
exp_01128,SPEUIVXLLWOEMJ-UHFFFAOYSA-N,COC(C)OC,C4H10O2,0,1,6,g,-93.1501,0.1888,reported,rmg:CCCBDB,11-Dimethoxyethane,11-Dimethoxyethane,4,4,0.2045,0,0,False,False,False
exp_01129,SPSSULHKWOKEEL-UHFFFAOYSA-N,Cc1c([N+](=O)[O-])cc([N+](=O)[O-])cc1[N+](=O)[O-],C7H5N3O6,0,1,16,g,12.8938,,none,bains:Winget,row2045,"2,4,6-Trinitrotoluene",2,2,0.0000,0,0,False,True,False
exp_01130,SQDFHQJTAWCFIB-UHFFFAOYSA-N,C=NO,CH3NO,0,1,3,g,4.7801,0.3107,reported,atct,75-17-2*0,Formaldoxime,1,1,0.0000,0,0,False,False,False
exp_01131,SQLSBTNINKQQPG-UHFFFAOYSA-N,CC(C)C(C)(O)CO,C6H14O2,0,1,8,g,-118.1644,,none,bains:Yaws,row1651,"2,3-dimethyl-1,2-butanediol",1,1,0.0000,0,0,True,False,False
exp_01132,SQYNKIJPMDEDEG-UHFFFAOYSA-N,CC1OC(C)OC(C)O1,C6H12O3,0,1,9,g,-151.0038,,none,bains:Pedley,row1551,paraldehyde,4,4,3.2962,3,0,False,False,True
exp_01133,SRXOCFMDUSFFAK-UHFFFAOYSA-N,COOC,C2H6O2,0,1,4,g,-30.0430,,none,bains:Pedley,row478,(methylperoxy)methane,6,6,0.1195,0,0,False,True,False
exp_01134,SSJIACUDWJVGLB-UHFFFAOYSA-N,[N-]=[N+]=NC1CCCC1,C5H9N3,0,1,8,g,52.7964,,none,bains:Pedley,row1425,cyclopentyl azide,2,2,0.0036,0,0,False,False,False
exp_01135,STNJBCKSHOAVAJ-UHFFFAOYSA-N,C=C(C)C=O,C4H6O,0,1,5,g,-25.4302,,none,bains:NIST-1,row865,methacrylaldehyde,1,1,0.0000,0,0,False,False,False
exp_01136,SUDOHQCGIBSNFQ-UHFFFAOYSA-N,CN1CC(C)(C)N1C,C6H14N2,0,1,8,g,35.8987,,none,bains:Pedley,row1628,tetramethyldiazetane,1,1,0.0000,0,0,False,False,False
exp_01137,SUEKSPIQGIMSQM-UHFFFAOYSA-N,CCC(CC)N(C)C,C7H17N,0,1,8,g,-30.0096,,none,bains:Yaws,row2011,dimethyl-3-pentylamine,1,1,0.0000,0,0,True,False,False
exp_01138,SUGZATOHBPXTDV-UHFFFAOYSA-N,CCC(C)[N+](=O)[O-],C4H9NO2,0,1,7,g,-39.1013,,none,bains:Pedley,row1057,2-Nitrobutane,4,4,0.0287,0,0,False,True,False
exp_01139,SUJVAMIXNUAJEY-UHFFFAOYSA-N,C=CCC(C)(C)CC,C8H16,0,1,8,g,-23.2314,,none,bains:Yaws,row2206,"4,4-dimethyl-1-hexene",1,1,0.0000,0,0,True,False,False
exp_01140,SUPCQIBBMFXVTL-UHFFFAOYSA-N,C=C(C)C(=O)OCC,C6H10O2,0,1,8,g,-91.0612,,none,bains:Yaws,row1462,ethyl methacrylate,1,1,0.0000,0,0,True,False,False
exp_01141,SVJNECJVNWTYQG-UHFFFAOYSA-N,CC(C)C(C)CCO,C7H16O,0,1,8,g,-83.7954,,none,bains:Yaws,row1983,"3,4-dimethyl-1-pentanol",1,1,0.0000,0,0,True,False,False
exp_01142,SVONRAPFKPVNKG-UHFFFAOYSA-N,CCOCCOC(C)=O,C6H12O3,0,1,9,g,-146.0325,,none,bains:Yaws,row1550,2-ethoxyethyl acetate,1,1,0.0000,0,0,True,False,False
exp_01143,SVPZJHKVRMRREG-UHFFFAOYSA-N,N#CC1CCCC1,C6H9N,0,1,7,g,10.2772,,none,bains:Pedley,row1833,cyclopentanecarbonitrile,1,1,0.0000,0,0,False,False,False
exp_01144,SVSOGVQZYJCDKO-UHFFFAOYSA-N,C1CC2CCC1COC2,C8H14O,0,1,9,g,-53.1788,,none,bains:Pedley,row2160,3-oxabicyclo[3.2.2]nonane,1,1,0.0000,0,0,False,False,False
exp_01145,SVZIJXUUTNJSEJ-UHFFFAOYSA-N,CCC(C)(C)OC=O,C6H12O2,0,1,8,g,-115.5115,,none,bains:Yaws,row1537,"1,1-dimethylpropyl formate",1,1,0.0000,0,0,True,False,False
exp_01146,SWXVUIWOUIDPGS-UHFFFAOYSA-N,CC(=O)CC(C)(C)O,C6H12O2,0,1,8,g,-130.4493,,none,bains:Yaws,row1541,diacetone alcohol,1,1,0.0000,0,0,True,False,False
exp_01147,SXINBFXPADXIEY-UHFFFAOYSA-N,O=Cc1ccc([N+](=O)[O-])o1,C5H3NO4,0,1,10,g,-35.2294,,none,bains:Pedley,row1283,5-nitrofurfural,1,1,0.0000,0,0,False,False,False
exp_01148,SXSWMAUXEHKFGX-UHFFFAOYSA-N,CC(C)C(C)CO,C6H14O,0,1,7,g,-78.0593,,none,bains:Yaws,row1637,"2,3-dimethyl-1-butanol",1,1,0.0000,0,0,True,False,False
exp_01149,SXTKIFFXFIDYJF-UHFFFAOYSA-N,[O-][n+]1cc[n+]([O-])cc1,C4H4N2O2,0,1,8,g,44.6000,,none,bains:Cioslowski,row828,"pyrazine 1,4-dioxide",1,1,0.0000,0,0,False,False,False
exp_01150,SYBYTAAJFKOIEJ-UHFFFAOYSA-N,CC(=O)C(C)C,C5H10O,0,1,6,g,-62.7557,0.2079,reported,rmg:CCCBDB,3-Methyl-2-butanone,3-Methyl-2-butanone,3,3,0.0167,0,0,False,False,False
exp_01151,SZZWLAZADBEDQP-UHFFFAOYSA-N,CC1=C(C)CCC1,C7H12,0,1,7,g,-9.3690,,none,bains:Yaws,row1873,"1,2-dimethylcyclopentene",1,1,0.0000,0,0,True,False,False
exp_01152,TUAMRELNJMMDMT-UHFFFAOYSA-N,Cc1cc(C)cc(O)c1,C8H10O,0,1,9,g,-38.5994,,none,bains:Pedley,row2125,"3,5-xylenol",2,2,0.0106,0,0,False,False,False
exp_01153,TURAMGVWNUTQKH-UHFFFAOYSA-N,C=C=C=O,C3H2O,0,1,4,g,31.2070,0.1458,reported,atct,61244-93-7*0,Propadienone,1,1,0.0000,0,0,False,False,False
exp_01154,TVMXDCGIABBOFY-UHFFFAOYSA-N,CCCCCCCC,C8H18,0,1,8,g,-49.6869,0.1219,reported,atct,111-65-9*0,n-Octane,9,9,0.4400,0,0,False,False,False
exp_01155,TWBUVVYSQBFVGZ-UHFFFAOYSA-N,CCCC(=O)OC(C)(C)C,C8H16O2,0,1,10,g,-134.5124,,none,bains:Yaws,row2246,tert-butyl butanoate,1,1,0.0000,0,0,True,False,False
exp_01156,TWSRVQVEYJNFKQ-UHFFFAOYSA-N,CCCCCOC(=O)CC,C8H16O2,0,1,10,g,-125.1195,,none,bains:Yaws,row2236,pentyl propanoate,1,1,0.0000,0,0,True,False,False
exp_01157,TWWSMHPNERSWRN-UHFFFAOYSA-N,CC(C)OC(C)OC(C)C,C8H18O2,0,1,10,g,-125.7409,,none,bains:Pedley,row2322,"1,1-bis(1-methylethoxy)-ethane",1,1,0.0000,0,0,False,False,False
exp_01158,TXBZITDWMURSEF-UHFFFAOYSA-N,C=CC(C)(C)CC,C7H14,0,1,7,g,-17.4952,,none,bains:Yaws,row1914,"3,3-dimethyl-1-pentene",1,1,0.0000,0,0,True,False,False
exp_01159,TXWRERCHRDBNLG-UHFFFAOYSA-N,C12C3C4C1C1C2C3C41,C8H8,0,1,8,g,148.6855,,none,bains:Pedley,row2371,cubane,3,3,6.0614,1,0,False,False,True
exp_01160,TYFQFVWCELRYAO-UHFFFAOYSA-N,O=C(O)CCCCCCC(=O)O,C8H14O4,0,1,12,g,-213.8862,,none,bains:Pedley,row2175,suberic acid,2,2,0.0138,0,0,False,False,False
exp_01161,TYMLOMAKGOJONV-UHFFFAOYSA-N,Nc1ccc([N+](=O)[O-])cc1,C6H6N2O2,0,1,10,g,13.2000,,none,bains:Cioslowski,row1787,4-nitroaniline,5,5,3.7000,3,0,False,False,True
exp_01162,TYMWDZKTHYZJBV-UHFFFAOYSA-N,O=C=C1C=CC=C1,C6H4O,0,1,7,g,25.5975,0.3824,reported,atct,4727-22-4*0,Fulvenone,1,1,0.0000,0,0,False,False,False
exp_01163,TYSIILFJZXHVPU-UHFFFAOYSA-N,CCCCC(C)CCCC,C10H22,0,1,10,g,-60.7003,,none,bains:Yaws,row134,5-methylnonane,1,1,0.0000,0,0,True,False,False
exp_01164,TZIHFWKZFHZASV-UHFFFAOYSA-N,COC=O,C2H4O2,0,1,4,g,-86.0110,0.1458,reported,atct,107-31-3*0,Methyl formate,11,11,5.9990,7,0,False,True,True
exp_01165,TZRXHJWUDPFEEY-UHFFFAOYSA-N,O=[N+]([O-])OCC(CO[N+](=O)[O-])(CO[N+](=O)[O-])CO[N+](=O)[O-],C5H8N4O12,0,1,21,g,-92.4558,,none,bains:Winget,row1333,pentaerythritoltetranitrate,1,1,0.0000,0,0,False,False,False
exp_01166,TZYRSLHNPKPEFV-UHFFFAOYSA-N,CCC(CC)CO,C6H14O,0,1,7,g,-76.6969,,none,bains:Yaws,row1633,2-ethyl-1-butanol,1,1,0.0000,0,0,True,False,False
exp_01167,UAEPNZWRGJTJPN-UHFFFAOYSA-N,CC1CCCCC1,C7H14,0,1,7,g,-36.9742,,none,bains:Pedley,row1926,methylcyclohexane,4,4,0.2458,0,0,False,False,False
exp_01168,UAOMVDZJSHZZME-UHFFFAOYSA-N,CC(C)NC(C)C,C6H15N,0,1,7,g,-34.4168,,none,bains:Pedley,row1707,diisopropylamine,2,2,1.2428,1,0,False,False,True
exp_01169,UAVZZCGGBCLHIP-UHFFFAOYSA-N,CCC(O)C(C)C(C)C,C8H18O,0,1,9,g,-89.9904,,none,bains:Yaws,row2307,"4,5-dimethyl-3-hexanol",1,1,0.0000,0,0,True,False,False
exp_01170,UBQKCCHYAOITMY-UHFFFAOYSA-N,Oc1ccccn1,C5H5NO,0,1,7,g,-19.0488,,none,bains:Pedley,row1294,2-pyridinol,1,1,0.0000,0,0,False,False,False
exp_01171,UCGIIOJWRLQBRP-UHFFFAOYSA-N,Cc1cc(-c2ccccc2)no1,C10H9NO,0,1,12,g,23.5660,,none,bains:Pedley,row225,3-phenyl-5-methyl-isoxazole,2,2,0.0340,0,0,False,False,False
exp_01172,UCLXUUYVWJKXIK-UHFFFAOYSA-N,CC(C)CC(O)C(C)(C)C,C9H20O,0,1,10,g,-95.7529,,none,bains:Yaws,row2557,"2,2,5-trimethyl-3-hexanol",1,1,0.0000,0,0,True,False,False
exp_01173,UCMIRNVEIXFBKS-UHFFFAOYSA-N,NCCC(=O)O,C3H7NO2,0,1,6,g,-101.3384,,none,bains:NIST-1,row695,3-aminopropanoic acid,1,1,0.0000,0,0,False,False,False
exp_01174,UCRQJBCLZKHOGX-UHFFFAOYSA-N,CCC(C)C(O)C(C)C,C8H18O,0,1,9,g,-89.9904,,none,bains:Yaws,row2300,"2,4-dimethyl-3-hexanol",1,1,0.0000,0,0,True,False,False
exp_01175,UEEJHVSXFDXPFK-UHFFFAOYSA-N,CN(C)CCO,C4H11NO,0,1,6,g,-48.2792,,none,bains:Yaws,row796,dimethylethanolamine,1,1,0.0000,0,0,True,False,False
exp_01176,UEXCJVNBTNXOEH-UHFFFAOYSA-N,C#Cc1ccccc1,C8H6,0,1,8,g,75.9154,0.1649,reported,atct,536-74-3*0,Phenylacetylene,2,2,0.1028,0,0,False,False,False
exp_01177,UFEJKYYYVXYMMS-UHFFFAOYSA-N,CNC(=O)O,C2H5NO2,0,1,5,g,-103.4273,0.2199,reported,atct,6414-57-9*0,Methylcarbamic acid,1,1,0.0000,0,0,False,False,False
exp_01178,UFWIBTONFRDIAS-UHFFFAOYSA-N,c1ccc2ccccc2c1,C10H8,0,1,10,g,35.2940,0.1291,reported,atct,91-20-3*0,Naphthalene,2,2,0.8060,0,0,False,False,False
exp_01179,UFWIBUBEFUNVNI-UHFFFAOYSA-N,C=CCC(C)C(C)C,C8H16,0,1,8,g,-22.2275,,none,bains:Yaws,row2197,"4,5-dimethyl-1-hexene",1,1,0.0000,0,0,True,False,False
exp_01180,UGAZGYFCTFGQQH-UHFFFAOYSA-N,CCCC(O)C(C)(C)CC,C9H20O,0,1,10,g,-94.4909,,none,bains:Yaws,row2526,"3,3-dimethyl-4-heptanol",1,1,0.0000,0,0,True,False,False
exp_01181,UGFAIRIUMAVXCW-UHFFFAOYSA-N,[C-]#[O+],CO,0,1,2,g,-26.4147,0.0060,reported,atct,630-08-0*0,Carbon monoxide,13,13,0.2300,0,0,False,False,False
exp_01182,UHHCYAAVGADGGP-HTQZYQBOSA-N,C=C[C@@H]1CC[C@H]1C=C,C8H12,0,1,8,g,34.2973,,none,bains:Pedley,row2142,"trans-1,2-diethenylcyclobutane",1,1,0.0000,0,0,False,False,False
exp_01183,UHOVQNZJYSORNB-UHFFFAOYSA-N,c1ccccc1,C6H6,0,1,6,g,19.8805,0.0502,reported,atct,71-43-2*0,Benzene,17,17,0.7839,0,0,False,True,False
exp_01184,UIFVCPMLQXKEEU-UHFFFAOYSA-N,Cc1cccc(C=O)c1C,C9H10O,0,1,10,g,-22.3948,0.5736,reported,atct,5779-93-1*0,"2,3-Dimethylbenzaldehyde",1,1,0.0000,0,0,False,False,False
exp_01185,UIQGEWJEWJMQSL-UHFFFAOYSA-N,CC(C)(C)C(=O)C(C)(C)C,C9H18O,0,1,10,g,-82.6482,,none,bains:Pedley,row2457,di-t-butyl ketone,2,2,0.0082,0,0,False,False,False
exp_01186,UJEUVDLASLOZIV-UHFFFAOYSA-N,CCC(CC(C)C)C(C)C,C10H22,0,1,10,g,-62.2706,,none,bains:Yaws,row164,"3-ethyl-2,5-dimethylhexane",1,1,0.0000,0,0,True,False,False
exp_01187,UJOBWOGCFQCDNV-UHFFFAOYSA-N,c1ccc2c(c1)[nH]c1ccccc12,C12H9N,0,1,13,g,50.0000,,none,bains:Cioslowski,row271,9H-carbazole,1,1,0.0000,0,0,False,False,False
exp_01188,UKFBVTJTKMSPMI-UHFFFAOYSA-N,C1=CC2C3C=CC1C=CC23,C10H10,0,1,10,g,79.9000,,none,bains:Cioslowski,row67,"tricyclo[3.3.2.02,8]deca-3,6,9-triene",1,1,0.0000,0,0,False,False,False
exp_01189,ULEAQRIQMIQDPJ-UHFFFAOYSA-N,CCC(N)CN,C4H12N2,0,1,6,g,-17.5789,0.2008,reported,rmg:CCCBDB,12-Butanediamine,12-Butanediamine,2,2,0.1076,0,0,False,False,False
exp_01190,ULWOJODHECIZAU-UHFFFAOYSA-N,CCN(CC)C(C)C,C7H17N,0,1,8,g,-30.0096,,none,bains:Yaws,row2012,diethylisopropylamine,1,1,0.0000,0,0,True,False,False
exp_01191,UMFIGWJWISLRSP-UHFFFAOYSA-N,c1c[n+]2[n-]cc[n+]2[n-]1,C4H4N4,0,1,8,g,124.4742,,none,bains:Add Lit 1,row830,TTDD,1,1,0.0000,0,0,False,False,False
exp_01192,UMLQAWUDAFCGGS-HWKANZROSA-N,C/C=C/CC(=O)OCC,C7H12O2,0,1,9,g,-93.2600,,none,bains:Pedley,row1883,ethyl-trans-3-pentenoate,2,2,0.0600,0,0,False,False,False
exp_01193,UMNMXUAQAZBYMT-UHFFFAOYSA-N,C#CC(C)=C=C,C6H6,0,1,6,g,96.4388,0.5258,reported,atct,813466-14-7*0,"3-Methyl-1,2-pentadien-4-yne",1,1,0.0000,0,0,False,False,False
exp_01194,UMRZSTCPUPJPOJ-UHFFFAOYSA-N,C1CC2CCC1C2,C7H12,0,1,7,g,-13.1000,,none,bains:Cioslowski,row1862,bicyclo[2.2.1]heptane,4,4,0.7273,0,0,False,False,False
exp_01195,UMUGNPFWQJAOJI-HLTSFMKQSA-N,CC[C@H]1CC[C@@H](C)[C@H]1C,C9H18,0,1,9,g,-50.0215,,none,bains:Yaws,row2449,"1,cis-2-dimethyl-cis-3-ethylcyclopentane",1,1,0.0000,0,0,True,False,False
exp_01196,UNBMPKNTYKDYCG-UHFFFAOYSA-N,CC(C)CC(C)N,C6H15N,0,1,7,g,-35.7314,,none,bains:Yaws,row1704,2-amino-4-methylpentane,1,1,0.0000,0,0,True,False,False
exp_01197,UNSWNZFTRPSXHQ-UHFFFAOYSA-N,C=C=C=C=C,C5H4,0,1,5,g,107.2180,0.2223,reported,atct,21986-03-8*0,Pentatetraene,1,1,0.0000,0,0,False,False,False
exp_01198,UNXHWFMMPAWVPI-ZXZARUISSA-N,OC[C@@H](O)[C@@H](O)CO,C4H10O4,0,1,8,g,-185.2772,,none,bains:Pedley,row772,i-erythritol,2,2,0.0028,0,0,False,False,False
exp_01199,UPWZWQGQRNPKTE-UHFFFAOYSA-N,C=C1C(=C)C1=C,C6H6,0,1,6,g,105.4971,0.4302,reported,atct,3227-90-5*0,Trimethylenecyclopropane,1,1,0.0000,0,0,False,False,False
exp_01200,UQNDRPKPYHCNNN-UHFFFAOYSA-N,CCC(=O)OCC(C)(C)C,C8H16O2,0,1,10,g,-129.1587,,none,bains:Yaws,row2247,"2,2-dimethylpropyl propanoate",1,1,0.0000,0,0,True,False,False
exp_01201,URDZMVZWPCLMJT-UHFFFAOYSA-N,C1=C2CC12,C4H4,0,1,4,g,113.3365,0.3824,reported,atct,78525-41-4*0,Bicyclo[1.1.0]but-3-ene,1,1,0.0000,0,0,False,False,False
exp_01202,URLKBWYHVLBVBO-UHFFFAOYSA-N,Cc1ccc(C)cc1,C8H10,0,1,8,g,4.3000,,none,bains:Cioslowski,row2115,p-xylene,5,5,0.3400,0,0,False,False,False
exp_01203,URYUTJWQTWWCCN-FNORWQNLSA-N,CC/C=C/C(=O)OCCCC,C9H16O2,0,1,11,g,-105.0908,,none,bains:Pedley,row2420,n-butyl 2-pentenoate,2,2,0.0092,0,0,False,False,False
exp_01204,URYYVOIYTNXXBN-UHFFFAOYSA-N,C1=CCCCCCC1,C8H14,0,1,8,g,-6.4532,,none,bains:Pedley,row2148,cyclo-octene,2,2,0.0032,0,0,False,False,False
exp_01205,USCSRAJGJYMJFZ-UHFFFAOYSA-N,C#CC(C)C,C5H8,0,1,5,g,32.6004,,none,bains:NIST-1,row1325,3-methylbut-1-yne,1,1,0.0000,0,0,False,False,False
exp_01206,USKZHFZEQOROEM-UHFFFAOYSA-N,O=[N+]([O-])C12CC3CC(C1)CC([N+](=O)[O-])(C3)C2,C10H14N2O4,0,1,16,g,-50.0956,,none,bains:Add Lit 1,row94,"1,3-dinitroadamantane",1,1,0.0000,0,0,False,False,False
exp_01207,USSPHSVODLAWSA-UHFFFAOYSA-N,CCC(C)N(C)C,C6H15N,0,1,7,g,-24.4742,,none,bains:Yaws,row1709,dimethyl-sec-butylamine,1,1,0.0000,0,0,True,False,False
exp_01208,UVJHQYIOXKWHFD-UHFFFAOYSA-N,C1=CCC=CC1,C6H8,0,1,6,g,23.9962,,none,bains:NIST-1,row1810,"cyclohexa-1,4-diene",4,4,2.0554,2,0,False,False,True
exp_01209,UVKXJAUUKPDDNW-NSCUHMNNSA-N,C/C=C/CC#N,C5H7N,0,1,6,g,30.0191,,none,bains:Pedley,row1308,(E)-3-pentenenitrile,1,1,0.0000,0,0,False,False,False
exp_01210,UVVYAKOLFKEZEE-UHFFFAOYSA-N,CCCC(C)C(C)C(C)C,C10H22,0,1,10,g,-61.1090,,none,bains:Yaws,row170,"2,3,4-trimethylheptane",1,1,0.0000,0,0,True,False,False
exp_01211,UWNADWZGEHDQAB-UHFFFAOYSA-N,CC(C)CCC(C)C,C8H18,0,1,8,g,-53.1788,,none,bains:Pedley,row2272,"2,5-dimethylhexane",3,3,0.0012,0,0,False,False,False
exp_01212,UWSDONTXWQOZFN-UHFFFAOYSA-N,O=NN1CCCCC1,C5H10N2O,0,1,8,g,3.9675,,none,bains:Pedley,row1155,1-nitrosopiperidine,1,1,0.0000,0,0,False,False,False
exp_01213,UXGRXJVMQSSUGS-UHFFFAOYSA-N,O=[N+]([O-])CC[N+](=O)[O-],C2H4N2O4,0,1,8,g,-22.8891,,none,bains:Winget,row428,"1,2-Dinitroethane",2,2,0.0000,0,0,False,True,False
exp_01214,UXKUODQYLDZXDL-UHFFFAOYSA-N,C#[N+][O-],CHNO,0,1,3,g,40.4613,0.1052,reported,atct,51060-05-0*0,Fulminic acid,2,2,0.0406,0,0,False,False,False
exp_01215,UYLUJGRCKKSWHS-UHFFFAOYSA-N,CC=C=O,C3H4O,0,1,4,g,-15.1984,0.1506,reported,atct,6004-44-0*0,Methylketene,1,1,0.0000,0,0,False,False,False
exp_01216,UYMKPFRHYYNDTL-UHFFFAOYSA-N,C=CN,C2H5N,0,1,3,g,13.1047,0.1577,reported,atct,593-67-9*0,Ethenamine,1,1,0.0000,0,0,False,False,False
exp_01217,UYWRAEHUZNXWCO-UHFFFAOYSA-N,O=[N+]([O-])OC12CC3CC(CC(C3)C1)C2,C10H15NO3,0,1,14,g,-53.8002,,none,bains:Add Lit 1,row103,1-adamantyl nitrate,1,1,0.0000,0,0,False,False,False
exp_01218,UZKWTJUDCOPSNM-UHFFFAOYSA-N,C=COCCCC,C6H12O,0,1,7,g,-44.0966,,none,bains:Pedley,row1516,butyl vinyl ether,2,2,0.3585,0,0,False,False,False
exp_01219,UZONFOPDCXAZND-UHFFFAOYSA-N,CCCCCCC[N+](=O)[O-],C7H15NO2,0,1,10,g,-47.4594,,none,bains:Yaws,row1960,1-nitroheptane,1,1,0.0000,0,0,True,False,False
exp_01220,VAYTZRYEBVHVLE-UHFFFAOYSA-N,O=c1occo1,C3H2O3,0,1,6,g,-100.0478,,none,bains:Pedley,row554,"1,3-dioxol-2-one",2,2,0.0024,0,0,False,False,False
exp_01221,VBBRYJMZLIYUJQ-UHFFFAOYSA-N,O=C1CC1,C3H4O,0,1,4,g,4.5913,0.2294,reported,atct,5009-27-8*0,Cyclopropanone,1,1,0.0000,0,0,False,False,False
exp_01222,VBWIZSYFQSOUFQ-UHFFFAOYSA-N,N#CC1CCCCC1,C7H11N,0,1,8,g,1.1472,,none,bains:Pedley,row1858,cyclohexanecarbonitrile,1,1,0.0000,0,0,False,False,False
exp_01223,VBZCRMTUDYIWIH-UHFFFAOYSA-N,CCC(CC)C(CC)CC,C10H22,0,1,10,g,-59.1707,,none,bains:Yaws,row158,"3,4-diethylhexane",1,1,0.0000,0,0,True,False,False
exp_01224,VDFVNEFVBPFDSB-UHFFFAOYSA-N,C1COCOC1,C4H8O2,0,1,6,g,-81.8117,,none,bains:Pedley,row1024,"1,3-dioxane",10,10,5.1205,6,0,False,False,True
exp_01225,VDOKWPVSGXHSNP-UHFFFAOYSA-N,CC(C)=C=O,C4H6O,0,1,5,g,-21.0803,0.2868,reported,atct,598-26-5*0,Dimethylketene,1,1,0.0000,0,0,False,False,False
exp_01226,VEIIEWOTAHXGKS-UHFFFAOYSA-N,C=C(O)c1ccccc1,C8H8O,0,1,9,g,-7.7677,0.4780,reported,atct,4383-15-7*0,1-Phenylethenol,1,1,0.0000,0,0,False,False,False
exp_01227,VEZUQRBDRNJBJY-UHFFFAOYSA-N,ON=C1CCCCC1,C6H11NO,0,1,8,g,-46.3671,,none,bains:Yaws,row1487,cyclohexanone oxime,1,1,0.0000,0,0,True,False,False
exp_01228,VEZXCJBBBCKRPI-UHFFFAOYSA-N,O=C1CCO1,C3H4O2,0,1,5,g,-67.6000,,none,bains:Cioslowski,row594,oxetan-2-one,9,9,3.4314,1,0,False,True,True
exp_01229,VFCHHMABGOYOQI-VURMDHGXSA-N,CC/C(C)=C\C(C)C,C8H16,0,1,8,g,-25.9321,,none,bains:Yaws,row2211,"2,4-dimethyl-cis-3-hexene",1,1,0.0000,0,0,True,False,False
exp_01230,VFZIUYUUQFYZBR-UHFFFAOYSA-N,CC(C)=CCC(C)C,C8H16,0,1,8,g,-27.5574,,none,bains:Yaws,row2215,"2,5-dimethyl-2-hexene",1,1,0.0000,0,0,True,False,False
exp_01231,VGGMROOHXNLMTP-UHFFFAOYSA-N,CC(C)CC(C)C(C)O,C8H18O,0,1,9,g,-89.9904,,none,bains:Yaws,row2308,"3,5-dimethyl-2-hexanol",1,1,0.0000,0,0,True,False,False
exp_01232,VGGSQFUCUMXWEO-UHFFFAOYSA-N,C=C,C2H4,0,1,2,g,12.5215,0.0263,reported,atct,74-85-1*0,Ethylene,14,14,0.2100,0,0,False,False,False
exp_01233,VGIVLIHKENZQHQ-UHFFFAOYSA-N,CN(C)CN(C)C,C5H14N2,0,1,7,g,-4.2304,,none,bains:Pedley,row1277,"N,N,N',N'-tetramethylmethanediamine",1,1,0.0000,0,0,False,False,False
exp_01234,VILCJCGEZXAXTO-UHFFFAOYSA-N,NCCNCCNCCN,C6H18N4,0,1,10,g,0.8007,,none,bains:Yaws,row1730,triethylene tetramine,1,1,0.0000,0,0,True,False,False
exp_01235,VIQRCOQXIHFJND-UHFFFAOYSA-N,C1=CC2CCC1CC2,C8H12,0,1,8,g,4.8996,,none,bains:Pedley,row2140,Bicyclo[2.2.2]oct-2-ene,1,1,0.0000,0,0,False,False,False
exp_01236,VIXGVWUHPTYYAH-UHFFFAOYSA-N,c1ccc(CCN2CCC2)cc1,C11H15N,0,1,12,g,44.1922,,none,bains:Pedley,row235,N-phenethylazetidine,1,1,0.0000,0,0,False,False,False
exp_01237,VKCYHJWLYTUGCC-UHFFFAOYSA-N,CCCCCCCC(C)=O,C9H18O,0,1,10,g,-81.4293,,none,bains:Pedley,row2454,2-nonanone,2,2,0.0239,0,0,False,False,False
exp_01238,VKJLDXGFBJBTRQ-RFZPGFLSSA-N,C[C@@H]1C[C@H]1C,C5H10,0,1,5,g,1.2994,,none,bains:Winget,row1066,"1,trans-2-dimethylcyclopropane",2,2,2.0642,1,0,False,False,True
exp_01239,VKYKSIONXSXAKP-UHFFFAOYSA-N,C1N2CN3CN1CN(C2)C3,C6H12N4,0,1,10,g,47.6000,,none,bains:Cioslowski,row1513,"1,3,5,7-tetraazaadamantane",2,2,0.0618,0,0,False,False,False
exp_01240,VLHAGZNBWKUMRW-UHFFFAOYSA-N,CCC(C(C)C)C(C)C,C9H20,0,1,9,g,-54.4694,,none,bains:Yaws,row2479,"2,4-dimethyl-3-ethylpentane",1,1,0.0000,0,0,True,False,False
exp_01241,VLIZIVHXZXQRDE-UHFFFAOYSA-N,CCC(C(C)C)C(C)(C)C,C10H22,0,1,10,g,-60.5497,,none,bains:Yaws,row194,"3-ethyl-2,2,4-trimethylpentane",1,1,0.0000,0,0,True,False,False
exp_01242,VLJSLTNSFSOYQR-UHFFFAOYSA-N,CC(C)c1cccc(O)c1,C9H12O,0,1,10,g,-46.8451,,none,bains:Pedley,row2406,3-isopropylphenol,1,1,0.0000,0,0,False,False,False
exp_01243,VLJXXKKOSFGPHI-UHFFFAOYSA-N,CCCC(C)CC,C7H16,0,1,7,g,-45.7300,,none,bains:Cox-1,row1963,3-methylhexane,1,1,0.0000,0,0,False,False,False
exp_01244,VLKZOEOYAKHREP-UHFFFAOYSA-N,CCCCCC,C6H14,0,1,6,g,-39.8614,0.0765,reported,atct,110-54-3*0,n-Hexane,13,13,0.1700,0,0,False,True,False
exp_01245,VLLNJDMHDJRNFK-UHFFFAOYSA-N,OC12CC3CC(CC(C3)C1)C2,C10H16O,0,1,11,g,-74.3308,,none,bains:Pedley,row112,adamantan-1-ol,2,2,0.9321,0,0,False,False,False
exp_01246,VLNUTKMHYLQCQB-UHFFFAOYSA-N,CCC(=O)C(C)(C)C,C7H14O,0,1,8,g,-74.9761,,none,bains:Pedley,row1937,"2,2-dimethyl-3-pentanone",3,3,1.1038,1,0,False,False,True
exp_01247,VLZLOWPYUQHHCG-UHFFFAOYSA-N,O=[N+]([O-])Cc1ccccc1,C7H7NO2,0,1,10,g,7.3375,,none,bains:Pedley,row2077,(nitromethyl)benzene,1,1,0.0000,0,0,False,False,False
exp_01248,VMCXXGFUCWAIIN-CIUDSAMLSA-N,CC[C@H]1C[C@@H](C)C[C@@H]1C,C9H18,0,1,9,g,-50.0215,,none,bains:Yaws,row2450,"1,trans-3-dimethyl-cis-4-ethylcyclopentane",1,1,0.0000,0,0,True,False,False
exp_01249,VMQPMGHYRISRHO-UHFFFAOYSA-N,C1=CC2C3C1C23,C6H6,0,1,6,g,92.4235,0.2868,reported,atct,659-85-8*0,Benzvalene,1,1,0.0000,0,0,False,False,False
exp_01250,VMRKZAFMOUOBOM-UHFFFAOYSA-N,C#CC=C=CC,C6H6,0,1,6,g,97.3948,0.6214,reported,atct,194024-51-6*0,"3,4-Hexadien-1-yne",1,1,0.0000,0,0,False,False,False
exp_01251,VNKYTQGIUYNRMY-UHFFFAOYSA-N,CCCOC,C4H10O,0,1,5,g,-56.8881,0.2032,reported,rmg:CCCBDB,Methyl propyl ether,Methyl propyl ether,5,5,0.1195,0,0,False,False,False
exp_01252,VNMDYSSJFJFEQI-UHFFFAOYSA-N,C#CC#CC,C5H4,0,1,5,g,98.9388,0.1554,reported,atct,4911-55-1*0,"1,3-Pentadiyne",1,1,0.0000,0,0,False,False,False
exp_01253,VNWKTOKETHGBQD-UHFFFAOYSA-N,C,CH4,0,1,1,g,-17.8090,0.0103,reported,atct,74-82-8*0,Methane,18,18,0.3600,0,0,False,True,False
exp_01254,VNXBKJFUJUWOCW-UHFFFAOYSA-N,CC1CC1,C4H8,0,1,4,g,5.7839,0.2868,reported,atct,594-11-6*0,Methylcyclopropane,1,1,0.0000,0,0,False,False,False
exp_01255,VONKRKBGTZDZNV-UHFFFAOYSA-N,CC=C1CCCC1,C7H12,0,1,7,g,-4.3260,,none,bains:Pedley,row1863,ethylidenecyclopentane,1,1,0.0000,0,0,False,False,False
exp_01256,VORBOMMQBCSRQF-UHFFFAOYSA-N,CCCC(C)CC(C)(C)O,C9H20O,0,1,10,g,-94.4909,,none,bains:Yaws,row2523,"2,4-dimethyl-2-heptanol",1,1,0.0000,0,0,True,False,False
exp_01257,VOVKYFRBXIHZAA-UHFFFAOYSA-N,CC12CCC(C)(CC1)C2,C9H16,0,1,9,g,-30.6154,,none,bains:Add Lit 1,row2417,"1,4-dimethyl-bicyclo(2,2,1)heptane",1,1,0.0000,0,0,False,False,False
exp_01258,VPBZZPOGZPKYKX-UHFFFAOYSA-N,CCOCC(C)OCC,C7H16O2,0,1,9,g,-121.2200,,none,bains:Cox-1,row1993,"2,3-diethoxypropane",1,1,0.0000,0,0,False,False,False
exp_01259,VPKDCDLSJZCGKE-UHFFFAOYSA-N,N=C=N,CH2N2,0,1,3,g,35.0143,0.3107,reported,atct,151-51-9*0,Methanediimine,1,1,0.0000,0,0,False,False,False
exp_01260,VPSLGSSVPWVZFG-UHFFFAOYSA-N,CCC(=O)OC(C)CC,C7H14O2,0,1,9,g,-122.5382,,none,bains:Yaws,row1948,sec-butyl propanoate,1,1,0.0000,0,0,True,False,False
exp_01261,VQMPTVQCADWACQ-UHFFFAOYSA-N,CCC(C)(N)CC,C6H15N,0,1,7,g,-36.3528,,none,bains:Yaws,row1701,3-amino-3-methylpentane,1,1,0.0000,0,0,True,False,False
exp_01262,VQSLYBNAHOGNCE-UHFFFAOYSA-N,CCC(=O)OC(CC)CC,C8H16O2,0,1,10,g,-129.8757,,none,bains:Yaws,row2244,1-ethylpropyl propanoate,1,1,0.0000,0,0,True,False,False
exp_01263,VQTUBCCKSQIDNK-UHFFFAOYSA-N,C=C(C)C,C4H8,0,1,4,g,-4.0057,0.0765,reported,atct,115-11-7*0,Isobutene,11,11,0.2999,0,0,False,True,False
exp_01264,VREPYGYMOSZTKJ-NTSWFWBYSA-N,C[C@@H]1OCC[C@H](C)O1,C6H12O2,0,1,8,g,-101.6491,,none,bains:Pedley,row1543,"cis-2,4-dimethyl-1,3-dioxan",2,2,0.6109,0,0,False,False,False
exp_01265,VRESBNUEIKZECD-UHFFFAOYSA-N,Cn1ncnn1,C2H4N4,0,1,6,g,78.4895,0.1673,reported,rmg:CCCBDB,2-Methyl-2H-tetrazole,2-Methyl-2H-tetrazole,2,2,0.0000,0,0,False,False,False
exp_01266,VRHRGVJOUHJULC-UHFFFAOYSA-N,CCCC(C)CC(C)CC,C10H22,0,1,10,g,-61.7208,,none,bains:Yaws,row144,"3,5-dimethyloctane",1,1,0.0000,0,0,True,False,False
exp_01267,VRVRZZWPKABUOE-UHFFFAOYSA-N,CCC(C)CC(C)(C)CC,C10H22,0,1,10,g,-61.7997,,none,bains:Yaws,row177,"3,3,5-trimethylheptane",1,1,0.0000,0,0,True,False,False
exp_01268,VRZRVMXNGMZLDB-UHFFFAOYSA-N,CCCCC(CC)CCO,C9H20O,0,1,10,g,-92.3996,,none,bains:Yaws,row2489,3-ethyl-1-heptanol,1,1,0.0000,0,0,True,False,False
exp_01269,VSCUCHUDCLERMY-UHFFFAOYSA-N,CCOC(C)CC,C6H14O,0,1,7,g,-72.8011,,none,bains:Yaws,row1635,ethyl sec-butyl ether,1,1,0.0000,0,0,True,False,False
exp_01270,VTOODJNVRSHBLI-SNAWJCMRSA-N,C/C=C/CC(=O)OC(C)C,C8H14O2,0,1,10,g,-101.6013,,none,bains:Pedley,row2168,isopropyl 3-pentenoate,2,2,0.0013,0,0,False,False,False
exp_01271,VUIDKQHXAUDXKD-UHFFFAOYSA-N,C1C2CC3CC1OC(O2)O3,C7H10O3,0,1,10,g,-119.3000,,none,bains:Cioslowski,row1854,"2,4,10-trioxaadamantane",2,2,0.0117,0,0,False,False,False
exp_01272,VUMFTWNZYFBYEB-UHFFFAOYSA-N,CCCC(O)(CC)C(C)C,C9H20O,0,1,10,g,-94.4909,,none,bains:Yaws,row2528,2-methyl-3-ethyl-3-hexanol,1,1,0.0000,0,0,True,False,False
exp_01273,VVCFYASOGFVJFN-UHFFFAOYSA-N,CC(C)=CC(C)C,C7H14,0,1,7,g,-21.1998,,none,bains:Pedley,row1920,"2,4-dimethyl-2-pentene",3,3,0.3585,0,0,False,False,False
exp_01274,VVJKKWFAADXIJK-UHFFFAOYSA-N,C=CCN,C3H7N,0,1,4,g,13.9101,,none,bains:Yaws,row684,allylamine,1,1,0.0000,0,0,True,False,False
exp_01275,VVLPCWSYZYKZKR-UHFFFAOYSA-N,C1=CC=1,C3H2,0,1,3,g,118.5707,0.1076,reported,atct,16165-40-5*0,Cyclopropenylidene,3,3,0.0024,0,0,False,False,False
exp_01276,VXARVYMIZCGZGG-UHFFFAOYSA-N,CCC(C)CC(CC)CC,C10H22,0,1,10,g,-61.0397,,none,bains:Yaws,row157,3-ethyl-5-methylheptane,1,1,0.0000,0,0,True,False,False
exp_01277,VXNZUUAINFGPBY-UHFFFAOYSA-N,C=CCC,C4H8,0,1,4,g,0.0645,0.0789,reported,atct,106-98-9*0,1-Butene,12,12,0.3245,0,0,False,True,False
exp_01278,VYXHVRARDIDEHS-QGTKBVGQSA-N,C1=C\CC/C=C\CC/1,C8H12,0,1,8,g,24.1635,,none,bains:Pedley,row2139,"1,5-cyclooctadiene",2,2,0.0000,0,0,False,False,False
exp_01279,VZCYOOQTPOCHFL-OWOJBTEDSA-N,O=C(O)/C=C/C(=O)O,C4H4O4,0,1,8,g,-161.5201,,none,bains:Pedley,row835,fumaric acid,6,6,1.0000,0,0,False,False,False
exp_01280,VZINIRMXBXSYED-UHFFFAOYSA-N,O=[N+]([O-])C1=C([N+](=O)[O-])C1=C([N+](=O)[O-])[N+](=O)[O-],C4N4O8,0,1,16,g,130.4971,,none,bains:Add Lit 1,row1061,DDCP,1,1,0.0000,0,0,False,False,False
exp_01281,VZIRCHXYMBFNFD-HNQUOIGGSA-N,O=C/C=C/c1ccco1,C7H6O2,0,1,9,g,-25.3107,,none,bains:Pedley,row2055,3-(2-furyl)-2-propenal,1,1,0.0000,0,0,False,False,False
exp_01282,VZWIUKUDEGQHIO-UHFFFAOYSA-N,CCC(C)(C)CCCO,C8H18O,0,1,9,g,-88.2959,,none,bains:Yaws,row2290,"4,4-dimethyl-1-hexanol",1,1,0.0000,0,0,True,False,False
exp_01283,WASQWSOJHCZDFK-UHFFFAOYSA-N,C=C1CC(=O)O1,C4H4O2,0,1,6,g,-45.4708,0.1291,reported,rmg:CCCBDB,4-Methylene-2-oxetanone,4-Methylene-2-oxetanone,3,3,0.0120,0,0,False,False,False
exp_01284,WBJINCZRORDGAQ-UHFFFAOYSA-N,CCOC=O,C3H6O2,0,1,5,g,-94.0966,0.2390,reported,atct,109-94-4*0,Ethyl formate,4,4,8.6759,3,0,False,False,True
exp_01285,WBRFDUJXCLCKPX-UHFFFAOYSA-N,CCCCC(C)C(C)C,C9H20,0,1,9,g,-56.3815,,none,bains:Yaws,row2470,"2,3-dimethylheptane",1,1,0.0000,0,0,True,False,False
exp_01286,WDAXFOBOLVPGLV-UHFFFAOYSA-N,CCOC(=O)C(C)C,C6H12O2,0,1,8,g,-119.4073,,none,bains:Yaws,row1538,ethyl isobutanoate,1,1,0.0000,0,0,True,False,False
exp_01287,WDCYWAQPCXBPJA-UHFFFAOYSA-N,O=[N+]([O-])c1cccc([N+](=O)[O-])c1,C6H4N2O4,0,1,12,g,12.8585,,none,bains:Pedley,row1760,m-Dinitrobenzene,6,6,2.5585,5,0,False,True,True
exp_01288,WDKUXUZYKCXAHC-UHFFFAOYSA-N,CC1(C)CCOC1,C6H12O,0,1,7,g,-53.4058,,none,bains:Yaws,row1525,"3,3-dimethyltetrahydrofuran",1,1,0.0000,0,0,True,False,False
exp_01289,WDWDWGRYHDPSDS-UHFFFAOYSA-N,C=N,CH3N,0,1,2,g,21.1520,0.0813,reported,atct,2053-29-4*0,Methanimine,3,3,0.0382,0,0,False,False,False
exp_01290,WEHWNAOGRSTTBQ-UHFFFAOYSA-N,CCCNCCC,C6H15N,0,1,7,g,-27.7486,,none,bains:Pedley,row1694,di-propylamine,2,2,0.0239,0,0,False,False,False
exp_01291,WENIXZFPXMQPQQ-UHFFFAOYSA-N,CCCCCC(C)(C)CO,C9H20O,0,1,10,g,-93.2290,,none,bains:Yaws,row2499,"2,2-dimethyl-1-heptanol",1,1,0.0000,0,0,True,False,False
exp_01292,WERYXYBDKMZEQL-UHFFFAOYSA-N,OCCCCO,C4H10O2,0,1,6,g,-101.9837,,none,bains:Pedley,row766,"butane-1,4-diol",4,4,0.4780,0,0,False,False,False
exp_01293,WETBJXIDTZXCBL-UHFFFAOYSA-N,CC(C)CC(C)CCO,C8H18O,0,1,9,g,-88.7285,,none,bains:Yaws,row2313,"3,5-dimethyl-1-hexanol",1,1,0.0000,0,0,True,False,False
exp_01294,WEVYAHXRMPXWCK-UHFFFAOYSA-N,CC#N,C2H3N,0,1,3,g,17.7055,0.0550,reported,atct,75-05-8*0,Acetonitrile,9,9,5.5219,4,0,False,True,True
exp_01295,WFDIJRYMOXRFFG-UHFFFAOYSA-N,CC(=O)OC(C)=O,C4H6O3,0,1,7,g,-136.8308,,none,bains:Pedley,row877,acetic anhydride,7,7,0.7696,0,0,False,True,False
exp_01296,WFHALSLYRWWUGH-UHFFFAOYSA-N,CCC(C)=C(C)C,C7H14,0,1,7,g,-20.9608,,none,bains:Yaws,row1917,"2,3-dimethyl-2-pentene",1,1,0.0000,0,0,True,False,False
exp_01297,WFHXQNMTMDKVJG-UHFFFAOYSA-N,C=CC(C)C(C)C,C7H14,0,1,7,g,-17.8776,,none,bains:Yaws,row1916,"3,4-dimethyl-1-pentene",1,1,0.0000,0,0,True,False,False
exp_01298,WFJSIIHYYLHRHB-UHFFFAOYSA-N,CC(C)(C)C(O)C(C)(C)C,C9H20O,0,1,10,g,-96.5822,,none,bains:Yaws,row2570,"2,2,4,4-tetramethyl-3-pentanol",1,1,0.0000,0,0,True,False,False
exp_01299,WFKAJVHLWXSISD-UHFFFAOYSA-N,CC(C)C(N)=O,C4H9NO,0,1,6,g,-67.5430,0.2151,reported,rmg:CCCBDB,2-Methylpropanamide,2-Methylpropanamide,2,2,0.0000,0,0,False,False,False
exp_01300,WFNMEOVAYOYUJO-UHFFFAOYSA-N,CCC([N+](=O)[O-])([N+](=O)[O-])[N+](=O)[O-],C3H5N3O6,0,1,12,g,-18.3912,,none,bains:Winget,row630,"1,1,1-Trinitropropane",2,2,0.0000,0,0,False,True,False
exp_01301,WFYPICNXBKQZGB-UHFFFAOYSA-N,C#CC=C,C4H4,0,1,4,g,69.2376,0.1243,reported,atct,689-97-4*0,Vinylacetylene,5,5,3.5276,4,0,False,True,True
exp_01302,WGBBUURBHXLGFM-UHFFFAOYSA-N,CCCCC(C)N,C6H15N,0,1,7,g,-34.3690,,none,bains:Yaws,row1691,2-aminohexane,1,1,0.0000,0,0,True,False,False
exp_01303,WGCNASOHLSPBMP-UHFFFAOYSA-N,O=CCO,C2H4O2,0,1,4,g,-75.8437,0.2127,reported,atct,141-46-8*0,Glycolaldehyde,1,1,0.0000,0,0,False,False,False
exp_01304,WGECXQBGLLYSFP-UHFFFAOYSA-N,CCC(C)C(C)C,C7H16,0,1,7,g,-47.5382,,none,bains:Pedley,row1967,"2,3-dimethylpentane",5,5,1.1472,1,0,False,False,True
exp_01305,WGLLSSPDPJPLOR-UHFFFAOYSA-N,CC(C)=C(C)C,C6H12,0,1,6,g,-16.3002,,none,bains:Pedley,row1500,"2,3-dimethylbut-2-ene",7,7,0.5821,0,0,False,False,False
exp_01306,WGQKYBSKWIADBV-UHFFFAOYSA-N,NCc1ccccc1,C7H9N,0,1,8,g,20.9847,,none,bains:Pedley,row2107,benzylamine,2,2,6.1114,1,0,False,False,True
exp_01307,WGYKZJWCGVVSQN-UHFFFAOYSA-N,CCCN,C3H9N,0,1,4,g,-16.7185,0.1004,reported,atct,107-10-8*0,1-Propanamine,8,8,8.7954,1,0,False,True,True
exp_01308,WHCRVRGGFVUMOK-UHFFFAOYSA-N,C=C1C=CC1=C,C6H6,0,1,6,g,81.5010,0.4302,reported,atct,5291-90-7*0,"3,4-Bis(methylene)cyclobutene",1,1,0.0000,0,0,False,False,False
exp_01309,WHGLFTRKCCWYES-UHFFFAOYSA-N,N#CC12CCC1C2,C6H7N,0,1,7,g,65.0335,,none,bains:Pedley,row1802,bicyclo[2.1.0]pentane-1-carbonitrile,1,1,0.0000,0,0,False,False,False
exp_01310,WHUUTDBJXJRKMK-VKHMYHEASA-N,N[C@@H](CCC(=O)O)C(=O)O,C5H9NO4,0,1,10,g,-196.9407,,none,bains:Yaws,row1429,l-glutamic acid,1,1,0.0000,0,0,True,False,False
exp_01311,WHVXVDDUYCELKP-UHFFFAOYSA-N,C=C=C=C,C4H4,0,1,4,g,76.9981,0.1267,reported,atct,2873-50-9*0,Butatriene,1,1,0.0000,0,0,False,False,False
exp_01312,WINNISSSXBRWMA-UHFFFAOYSA-N,O=[N+]([O-])C[N+](=O)[O-],CH2N2O4,0,1,7,g,-14.0774,,none,bains:Pedley,row2655,dinitromethane,3,3,0.8996,0,0,False,False,False
exp_01313,WJTCGQSWYFHTAC-UHFFFAOYSA-N,C1CCCCCCC1,C8H16,0,1,8,g,-29.7323,,none,bains:Pedley,row2190,cyclooctane,6,6,3.4700,1,0,False,False,True
exp_01314,WKHRDGKOKYBNDZ-OLQVQODUSA-N,C[C@H]1C[C@@H](C)C1,C6H12,0,1,6,g,-8.6520,,none,bains:Yaws,row1503,"1,cis-3-dimethylcyclobutane",1,1,0.0000,0,0,True,False,False
exp_01315,WKIZFWVLAYCRDF-UHFFFAOYSA-N,CCCCC(=O)OC(C)CC,C9H18O2,0,1,11,g,-136.9981,,none,bains:Pedley,row2462,sec-butyl pentanoate,2,2,0.0019,0,0,False,False,False
exp_01316,WKQBIIUOSATALN-UHFFFAOYSA-N,CC(C)C(C)(C)C(C)(C)C,C10H22,0,1,10,g,-59.0798,,none,bains:Yaws,row195,"2,2,3,3,4-pentamethylpentane",1,1,0.0000,0,0,True,False,False
exp_01317,WLDBDXRXMDBHHW-UHFFFAOYSA-N,C1=CC2CCC12,C6H8,0,1,6,g,62.4000,,none,bains:Cioslowski,row1812,bicyclo[2.2.0]hex-2-ene,1,1,0.0000,0,0,False,False,False
exp_01318,WMMGIBWFZLSMHE-UHFFFAOYSA-N,[C-]#[N+]C(C)CC,C5H9N,0,1,6,g,9.5602,,none,bains:Yaws,row1422,sec-butyl isocyanide,1,1,0.0000,0,0,True,False,False
exp_01319,WMOVHXAZOJBABW-UHFFFAOYSA-N,CC(=O)OC(C)(C)C,C6H12O2,0,1,8,g,-125.0000,,none,bains:Yaws,row1542,tert-butyl acetate,1,1,0.0000,0,0,True,False,False
exp_01320,WNDXRJBYZOSNQO-UHFFFAOYSA-N,CCCC(C)CN,C6H15N,0,1,7,g,-32.9111,,none,bains:Yaws,row1692,1-amino-2-methylpentane,1,1,0.0000,0,0,True,False,False
exp_01321,WNLRTRBMVRJNCN-UHFFFAOYSA-N,O=C(O)CCCCC(=O)O,C6H10O4,0,1,10,g,-206.7400,,none,bains:Pedley,row1469,adipic acid,3,3,0.0100,0,0,False,False,False
exp_01322,WNSYEWGYAFFSSQ-UHFFFAOYSA-N,O=NN1CCN(N=O)CC1,C4H8N4O2,0,1,10,g,46.4388,,none,bains:Pedley,row1013,"1,4-dinitrosopiperazine",1,1,0.0000,0,0,False,False,False
exp_01323,WNXJIVFYUVYPPR-UHFFFAOYSA-N,C1COCO1,C3H6O2,0,1,5,g,-71.2237,,none,bains:Pedley,row668,"1,3-dioxolane",4,4,1.1000,0,0,False,False,False
exp_01324,WOVMYJCSCISMAU-UHFFFAOYSA-N,CCC(CO)C(C)(C)C,C8H18O,0,1,9,g,-89.5578,,none,bains:Yaws,row2301,"3,3-dimethyl-2-ethyl-1-butanol",1,1,0.0000,0,0,True,False,False
exp_01325,WPHGSKGZRAQSGP-UHFFFAOYSA-N,C1CCC2CC2C1,C7H12,0,1,7,g,0.3585,,none,bains:Pedley,row1861,"bicyclo[4,1,0]heptane",4,4,2.3087,1,0,False,False,True
exp_01326,WPYMKLBDIGXBTP-UHFFFAOYSA-N,O=C(O)c1ccccc1,C7H6O2,0,1,9,g,-70.3011,0.0454,reported,atct,65-85-0*0,Benzoic acid,10,10,0.9656,0,0,False,True,False
exp_01327,WPYUCWSMVJJWFI-UHFFFAOYSA-N,CCOCC#N,C4H7NO,0,1,6,g,-16.6109,0.1338,reported,rmg:CCCBDB,Ethoxyacetonitrile,Ethoxyacetonitrile,2,2,0.0000,0,0,False,False,False
exp_01328,WQADSKJNOTZWML-UHFFFAOYSA-N,CCCCCC(C)C(C)O,C9H20O,0,1,10,g,-93.6616,,none,bains:Yaws,row2496,3-methyl-2-octanol,1,1,0.0000,0,0,True,False,False
exp_01329,WQGWDDDVZFFDIG-UHFFFAOYSA-N,Oc1cccc(O)c1O,C6H6O3,0,1,9,g,-106.5966,,none,bains:Yaws,row1795,"1,2,3-benzenetriol",1,1,0.0000,0,0,True,False,False
exp_01330,WRBHKVWLEIYLDZ-UHFFFAOYSA-N,CCCC(C)C(C)(C)CC,C10H22,0,1,10,g,-61.3193,,none,bains:Yaws,row174,"3,3,4-trimethylheptane",1,1,0.0000,0,0,True,False,False
exp_01331,WSFSSNUMVMOOMR-UHFFFAOYSA-N,C=O,CH2O,0,1,2,g,-26.1049,0.0225,reported,atct,50-00-0*0,Formaldehyde,14,14,4.2000,5,0,False,False,True
exp_01332,WSGCRAOTEDLMFQ-UHFFFAOYSA-N,CCCCC(=O)CCCC,C9H18O,0,1,10,g,-82.4331,,none,bains:Pedley,row2455,di-n-butyl ketone,2,2,0.0069,0,0,False,False,False
exp_01333,WSOKFYJGNBQDPW-UHFFFAOYSA-N,CCCC(C)(C)CCC,C9H20,0,1,9,g,-57.6482,,none,bains:Yaws,row2472,"4,4-dimethylheptane",1,1,0.0000,0,0,True,False,False
exp_01334,WSSSPWUEQFSQQG-UHFFFAOYSA-N,C=CCC(C)C,C6H12,0,1,6,g,-12.2610,,none,bains:Pedley,row1494,4-methylpent-1-ene,3,3,0.4446,0,0,False,False,False
exp_01335,WTARULDDTDQWMU-UHFFFAOYSA-N,C=C1CCC2CC1C2(C)C,C10H16,0,1,10,g,9.2495,,none,bains:Yaws,row106,beta-pinene,1,1,0.0000,0,0,True,False,False
exp_01336,WTKZEGDFNFYCGP-UHFFFAOYSA-N,c1cn[nH]c1,C3H4N2,0,1,5,g,42.8776,0.1912,reported,rmg:CCCBDB,1H-Pyrazole,1H-Pyrazole,4,4,0.8604,0,0,False,False,False
exp_01337,WUGQZFFCHPXWKQ-UHFFFAOYSA-N,NCCCO,C3H9NO,0,1,5,g,-52.8203,,none,bains:Yaws,row733,3-amino-1-propanol,1,1,0.0000,0,0,True,False,False
exp_01338,WVDDGKGOMKODPV-UHFFFAOYSA-N,OCc1ccccc1,C7H8O,0,1,8,g,-23.9962,,none,bains:Pedley,row2087,benzyl alcohol,4,4,3.3038,1,0,False,False,True
exp_01339,WWNGLKDLYKNGGT-UHFFFAOYSA-N,CCCC(CC)(CC)CC,C10H22,0,1,10,g,-60.3011,,none,bains:Yaws,row159,"3,3-diethylhexane",1,1,0.0000,0,0,True,False,False
exp_01340,WWQAGDWTJOKFQB-UHFFFAOYSA-N,C=C=C=CC,C5H6,0,1,5,g,69.4073,0.3346,reported,atct,62018-46-6*0,"1,2,3-Pentatriene",1,1,0.0000,0,0,False,False,False
exp_01341,WWRCMNKATXZARA-UHFFFAOYSA-N,Cc1ccccc1C(C)C,C10H14,0,1,10,g,-6.3098,,none,bains:Yaws,row92,o-cymene,1,1,0.0000,0,0,True,False,False
exp_01342,WWRGKAMABZHMCN-UHFFFAOYSA-N,CCC(C)CCCCCO,C9H20O,0,1,10,g,-92.3996,,none,bains:Yaws,row2494,6-methyl-1-octanol,1,1,0.0000,0,0,True,False,False
exp_01343,WWUVJRULCWHUSA-UHFFFAOYSA-N,C=C(C)CCC,C6H12,0,1,6,g,-14.1969,,none,bains:Pedley,row1493,2-methyl-1-pentene,2,2,0.0069,0,0,False,False,False
exp_01344,WWZKQHOCKIZLMA-UHFFFAOYSA-N,CCCCCCCC(=O)O,C8H16O2,0,1,10,g,-132.4809,,none,bains:Pedley,row2232,octanoic acid,5,5,0.5191,0,0,False,False,False
exp_01345,WXACXMWYHXOSIX-UHFFFAOYSA-N,CC(C)=C1C=CC=C1,C8H10,0,1,8,g,32.1224,,none,bains:Pedley,row2114,5-isopropylidenecyclopentadiene,1,1,0.0000,0,0,False,False,False
exp_01346,WXFVBLCWAIVAFN-UHFFFAOYSA-N,C#CCCC(=O)OCC,C7H10O2,0,1,9,g,-55.7361,,none,bains:Pedley,row1850,ethyl pent-4-ynoate,2,2,0.0361,0,0,False,False,False
exp_01347,WXHYOGXBESCULU-UHFFFAOYSA-N,CCC1CCC(C)(C)C1,C9H18,0,1,9,g,-41.5177,,none,bains:Yaws,row2444,"1,1-dimethyl-3-ethylcyclopentane",1,1,0.0000,0,0,True,False,False
exp_01348,WXZMFSXDPGVJKK-UHFFFAOYSA-N,OCC(CO)(CO)CO,C5H12O4,0,1,9,g,-185.6358,,none,bains:Pedley,row1254,pentaertythritol,2,2,0.0058,0,0,False,False,False
exp_01349,WYACBZDAHNBPPB-UHFFFAOYSA-N,CCOC(=O)C(=O)OCC,C6H10O4,0,1,10,g,-177.3423,,none,bains:Pedley,row1466,diethyl oxalate,3,3,0.5258,0,0,False,False,False
exp_01350,WYURNTSHIVDZCO-UHFFFAOYSA-N,C1CCOC1,C4H8O,0,1,5,g,-44.0249,0.1912,reported,rmg:CCCBDB,Tetrahydrofuran,Tetrahydrofuran,8,8,1.1249,1,0,False,False,True
exp_01351,WYVAMUWZEOHJOQ-UHFFFAOYSA-N,CCC(=O)OC(=O)CC,C6H10O3,0,1,9,g,-149.7371,,none,bains:Pedley,row1465,propionic anhydride,2,2,0.0029,0,0,False,False,False
exp_01352,WYXXLXHHWYNKJF-UHFFFAOYSA-N,Cc1cc(C(C)C)ccc1O,C10H14O,0,1,11,g,-58.2218,,none,bains:Pedley,row97,4-isopropyl-2-methylphenol,1,1,0.0000,0,0,False,False,False
exp_01353,WZMKNKUWNYXOEJ-UHFFFAOYSA-N,N#CC12CCCC1C2,C7H9N,0,1,8,g,33.9627,,none,bains:Pedley,row2106,bicyclo[3.1.0]hexane-1-carbonitrile,1,1,0.0000,0,0,False,False,False
exp_01354,XAOGXQMKWQFZEM-UHFFFAOYSA-N,CCC(=O)OCCC(C)C,C8H16O2,0,1,10,g,-126.4818,,none,bains:Yaws,row2245,isopentyl propanoate,1,1,0.0000,0,0,True,False,False
exp_01355,XAZKFISIRYLAEE-KNVOCYPGSA-N,C[C@@H]1CC[C@H](C)C1,C7H14,0,1,7,g,-31.9312,,none,bains:Pedley,row1923,"cis-1,3-dimethylcyclopentane",4,4,0.5609,0,0,False,False,False
exp_01356,XBDQKXXYIPTUBI-UHFFFAOYSA-N,CCC(=O)O,C3H6O2,0,1,5,g,-108.4297,0.1434,reported,atct,79-09-4*0,Propionic acid,8,8,0.5906,0,0,False,True,False
exp_01357,XBVZRFXCDCYXAX-UHFFFAOYSA-N,N#CC1=CCCC1,C6H7N,0,1,7,g,37.4044,,none,bains:Pedley,row1804,1-cyclopenteme-1-carbonitrile,1,1,0.0000,0,0,False,False,False
exp_01358,XCIXKGXIYUWCLL-UHFFFAOYSA-N,OC1CCCC1,C5H10O,0,1,6,g,-57.9828,,none,bains:Pedley,row1166,cyclopentanol,6,6,0.1084,0,0,False,False,False
exp_01359,XCYJPXQACVEIOS-UHFFFAOYSA-N,Cc1cccc(C(C)C)c1,C10H14,0,1,10,g,-7.3853,,none,bains:Yaws,row90,m-cymene,1,1,0.0000,0,0,True,False,False
exp_01360,XDIAMRVROCPPBK-UHFFFAOYSA-N,CC(C)(C)CN,C5H13N,0,1,6,g,-26.9359,,none,bains:Yaws,row1275,"2,2-dimethylpropylamine",1,1,0.0000,0,0,True,False,False
exp_01361,XDOWKOALJBOBBL-SNAWJCMRSA-N,C/C=C/C(=O)OCC(C)C,C8H14O2,0,1,10,g,-101.3000,,none,bains:Cox-1,row2170,isobutyl crotonate,1,1,0.0000,0,0,False,False,False
exp_01362,XDPRPKSTFBPPHU-UHFFFAOYSA-N,CCC#CC(=O)OCC,C7H10O2,0,1,9,g,-59.8231,,none,bains:Pedley,row1852,ethyl pent-2-ynoate,2,2,0.0231,0,0,False,False,False
exp_01363,XDRDDPSGUQMOBO-UHFFFAOYSA-N,CCC(C)(C)C(C)C(C)C,C10H22,0,1,10,g,-59.9809,,none,bains:Yaws,row187,"2,3,4,4-tetramethylhexane",1,1,0.0000,0,0,True,False,False
exp_01364,XDTMQSROBMDMFD-UHFFFAOYSA-N,C1CCCCC1,C6H12,0,1,6,g,-29.3451,0.0693,reported,atct,110-82-7*0,Cyclohexane,16,16,0.4350,0,0,False,True,False
exp_01365,XEAMDSXSXYAICO-UHFFFAOYSA-N,CCCCCCCOC=O,C8H16O2,0,1,10,g,-117.0650,,none,bains:Yaws,row2231,heptyl formate,1,1,0.0000,0,0,True,False,False
exp_01366,XEGZRZAFFKWYLC-UHFFFAOYSA-N,CON=C(C)C=NO,C4H8N2O2,0,1,8,g,-19.3000,,none,bains:Cox-1,row1010,dimethylglyoxime,1,1,0.0000,0,0,False,False,False
exp_01367,XEKOWRVHYACXOJ-UHFFFAOYSA-N,CCOC(C)=O,C4H8O2,0,1,6,g,-106.3002,0.1004,reported,rmg:CCCBDB,Ethyl acetate,Ethyl acetate,9,9,1.0017,0,0,False,False,False
exp_01368,XEKRSOZFGXQKEZ-UHFFFAOYSA-N,O=[N+]([O-])OC12CC3CC(C1)CC(O[N+](=O)[O-])(C3)C2,C10H14N2O6,0,1,18,g,-73.5899,,none,bains:Add Lit 1,row95,"1,3-adamantanediyl dinitrate",1,1,0.0000,0,0,False,False,False
exp_01369,XEQSPMCNFJQDHU-UHFFFAOYSA-N,CC(C)C(C)OC=O,C6H12O2,0,1,8,g,-111.9025,,none,bains:Yaws,row1540,"1,2-dimethylpropyl formate",1,1,0.0000,0,0,True,False,False
exp_01370,XFDUHJPVQKIXHO-UHFFFAOYSA-N,Nc1cccc(C(=O)O)c1,C7H7NO2,0,1,10,g,-67.7820,,none,bains:Pedley,row2074,3-aminobenzoic acid,1,1,0.0000,0,0,False,False,False
exp_01371,XFOWYEKVIRMOBI-UHFFFAOYSA-N,CC(C)(C)CC#N,C6H11N,0,1,7,g,-6.3098,,none,bains:Yaws,row1484,"3,3-dimethylbutanenitrile",1,1,0.0000,0,0,True,False,False
exp_01372,XFXRMDNWSGXSNJ-UHFFFAOYSA-N,CC(C)C[N+](=O)[O-],C4H9NO2,0,1,7,g,-42.3279,,none,bains:Pedley,row1058,2-methylnitropropane,1,1,0.0000,0,0,False,False,False
exp_01373,XGEGHDBEHXKFPX-UHFFFAOYSA-N,CNC(N)=O,C2H6N2O,0,1,5,g,-56.3289,,none,bains:NIST-1,row473,1-methylurea,2,2,0.5210,0,0,False,False,False
exp_01374,XGJWQNKXTXSVML-UHFFFAOYSA-N,C1OCOCOCO1,C4H8O4,0,1,8,g,-148.2314,,none,bains:Pedley,row1030,"1,3,5,7-tetroxane",1,1,0.0000,0,0,False,False,False
exp_01375,XHQZJYCNDZAGLW-UHFFFAOYSA-N,COc1cccc(C(=O)O)c1,C8H8O3,0,1,11,g,-106.6205,,none,bains:Pedley,row2382,3-methoxybenzoic acid,1,1,0.0000,0,0,False,False,False
exp_01376,XIDLKXHCKDAKCZ-UHFFFAOYSA-N,O=[N+]([O-])C#C[N+](=O)[O-],C2N2O4,0,1,8,g,89.3403,,none,bains:Add Lit 1,row536,Dinitroacetylene,1,1,0.0000,0,0,False,False,False
exp_01377,XIIJQOYMVIJNEP-UHFFFAOYSA-N,C1C2CC2C2CC12,C7H10,0,1,7,g,35.6597,,none,bains:Pedley,row1846,"tricyclo[4,1,0,0 2,4]heptane",1,1,0.0000,0,0,False,False,False
exp_01378,XILSUYCQFZFDIK-UHFFFAOYSA-N,[CH-]=[N+]=N,CH2N2,0,1,3,g,88.1214,0.4541,reported,atct,24153-51-3*0,Methylenediazeniumide,1,1,0.0000,0,0,False,False,False
exp_01379,XJCVRTZCHMZPBD-UHFFFAOYSA-N,Nc1cccc([N+](=O)[O-])c1,C6H6N2O2,0,1,10,g,13.9579,,none,bains:Pedley,row1788,m-nitroaniline,2,2,2.5421,1,0,False,False,True
exp_01380,XJRBAMWJDBPFIM-UHFFFAOYSA-N,C=COC,C3H6O,0,1,4,g,-25.4780,0.2629,reported,atct,107-25-5*0,Methoxyethene,1,1,0.0000,0,0,False,False,False
exp_01381,XKGUKYPCHPHAJL-UHFFFAOYSA-N,N#CC(C#N)(C#N)C#N,C5N4,0,1,9,g,160.8000,,none,bains:Cioslowski,row1431,methanetetracarbonitrile,2,2,0.0208,0,0,False,False,False
exp_01382,XKMDZVINHIFHLY-UHFFFAOYSA-N,C=Cc1cc(C)cc(C)c1,C10H12,0,1,10,g,21.3408,,none,bains:Yaws,row75,"3,5-dimethylstyrene",1,1,0.0000,0,0,True,False,False
exp_01383,XKRZDNKKANUBPV-UHFFFAOYSA-N,CCCCC(O)(CC)CC,C9H20O,0,1,10,g,-93.2290,,none,bains:Yaws,row2513,3-ethyl-3-heptanol,1,1,0.0000,0,0,True,False,False
exp_01384,XLJMAIOERFSOGZ-UHFFFAOYSA-N,N#CO,CHNO,0,1,3,g,-3.5875,0.1028,reported,atct,420-05-3*0,Cyanic acid,3,3,0.0239,0,0,False,False,False
exp_01385,XLMFDCKSFJWJTP-UHFFFAOYSA-N,CCC(O)C(C)O,C5H12O2,0,1,7,g,-114.9618,,none,bains:Yaws,row1244,"dl-erythro-2,3-pentanediol",1,1,0.0000,0,0,True,False,False
exp_01386,XLSMFKSTNGKWQX-UHFFFAOYSA-N,CC(=O)CO,C3H6O2,0,1,5,g,-89.3260,0.1984,reported,atct,116-09-6*0,1-Hydroxy-2-propanone,1,1,0.0000,0,0,False,False,False
exp_01387,XLZCLFRMPCBSDI-UHFFFAOYSA-N,CC(C)CN(CC(C)C)N=O,C8H18N2O,0,1,11,g,-33.3413,,none,bains:Pedley,row2279,N-nitrosodiisobutylamine,1,1,0.0000,0,0,False,False,False
exp_01388,XMGQYMWWDOXHJM-UHFFFAOYSA-N,C=C(C)C1CC=C(C)CC1,C10H16,0,1,10,g,-1.5296,,none,bains:Yaws,row108,d-limonene,1,1,0.0000,0,0,True,False,False
exp_01389,XNCNNDVCAUWAIT-UHFFFAOYSA-N,CCCCCCC(=O)OC,C8H16O2,0,1,10,g,-123.3031,,none,bains:Pedley,row2234,methyl heptanoate,2,2,0.1969,0,0,False,False,False
exp_01390,XNLICIUVMPYHGG-UHFFFAOYSA-N,CCCC(C)=O,C5H10O,0,1,6,g,-61.9025,,none,bains:Pedley,row1159,pentan-2-one,3,3,0.8575,0,0,False,False,False
exp_01391,XNMQEEKYCVKGBD-UHFFFAOYSA-N,CC#CC,C4H6,0,1,4,g,35.0382,0.1076,reported,atct,503-17-3*0,2-Butyne,13,13,0.6931,0,0,False,True,False
exp_01392,XNWFRZJHXBZDAG-UHFFFAOYSA-N,COCCO,C3H8O2,0,1,5,g,-90.0813,,none,bains:NIST-1,row708,2-methoxyethan-1-ol,2,2,4.5411,1,0,False,False,True
exp_01393,XOBKSJJDNFUZPF-UHFFFAOYSA-N,CCOC,C3H8O,0,1,4,g,-51.9073,0.1243,reported,atct,540-67-0*0,Methoxyethane,6,6,0.2320,0,0,False,False,False
exp_01394,XPFVYQJUAUNWIW-UHFFFAOYSA-N,OCc1ccco1,C5H6O2,0,1,7,g,-50.6214,,none,bains:Pedley,row1302,furfuryl alcohol,3,3,2.1800,1,0,False,False,True
exp_01395,XPWBBDBJJRZCPW-UHFFFAOYSA-N,CCCCC(C)C(O)CC,C9H20O,0,1,10,g,-93.6616,,none,bains:Yaws,row2504,4-methyl-3-octanol,1,1,0.0000,0,0,True,False,False
exp_01396,XQQZRZQVBFHBHL-UHFFFAOYSA-N,C1COCCOCCOCCO1,C8H16O4,0,1,12,g,-150.8126,,none,bains:Pedley,row2252,"1,4,7,10-tetraoxacyclododecane",1,1,0.0000,0,0,False,False,False
exp_01397,XQZYPMVTSDWCCE-UHFFFAOYSA-N,N#Cc1ccccc1C#N,C8H4N2,0,1,10,g,87.8346,,none,bains:Pedley,row2362,"1,2-benzenedicarbonitrile",1,1,0.0000,0,0,False,False,False
exp_01398,XRGPFNGLRSIPSA-UHFFFAOYSA-N,C#CC(C)=O,C4H4O,0,1,5,g,15.5925,,none,bains:Winget,row832,acetyl acetylene,1,1,0.0000,0,0,False,False,False
exp_01399,XRMVWAKMXZNZIL-UHFFFAOYSA-N,CCC(C)(C)CO,C6H14O,0,1,7,g,-78.8719,,none,bains:Yaws,row1634,"2,2-dimethyl-1-butanol",1,1,0.0000,0,0,True,False,False
exp_01400,XRVCFZPJAHWYTB-UHFFFAOYSA-N,CCC(CC)(CO)CO,C7H16O2,0,1,9,g,-117.5908,,none,bains:Yaws,row1989,"2,2-diethyl-1,3-propanediol",1,1,0.0000,0,0,True,False,False
exp_01401,XRWKADIRZXTTLH-UHFFFAOYSA-N,CN(C)[N+](=O)[O-],C2H6N2O2,0,1,6,g,-1.1472,,none,bains:Pedley,row474,N-nitrodimethylamine,4,4,2.9985,2,0,False,False,True
exp_01402,XSGHLZBESSREDT-UHFFFAOYSA-N,C=C1CC1,C4H6,0,1,4,g,47.9000,,none,bains:Cioslowski,row851,methylenecyclopropane,6,6,0.1630,0,0,False,True,False
exp_01403,XSJVWZAETSBXKU-UHFFFAOYSA-N,CCOC(C)C,C5H12O,0,1,6,g,-68.3078,,none,bains:Yaws,row1239,ethyl isopropyl ether,1,1,0.0000,0,0,True,False,False
exp_01404,XSQUKJJJFZCRTK-UHFFFAOYSA-N,NC(N)=O,CH4N2O,0,1,4,g,-56.0612,0.1004,reported,atct,57-13-6*0,Urea,6,6,2.7388,4,1,False,False,True
exp_01405,XTDKZSUYCXHXJM-UHFFFAOYSA-N,COC1CCCCO1,C6H12O2,0,1,8,g,-95.5067,,none,bains:Pedley,row1548,2-methoxytetrahydropyran,2,2,0.0067,0,0,False,False,False
exp_01406,XTDQDBVBDLYELW-UHFFFAOYSA-N,CCC(C)C(C)(C)C,C8H18,0,1,8,g,-52.5813,,none,bains:Pedley,row2270,"2,2,3-trimethylpentane",2,2,0.0013,0,0,False,False,False
exp_01407,XTHFKEDIFFGKHM-UHFFFAOYSA-N,COCCOC,C4H10O2,0,1,6,g,-81.9312,0.1673,reported,rmg:CCCBDB,12-Dimethoxyethane,12-Dimethoxyethane,5,5,11.8308,1,0,False,False,True
exp_01408,XTUXVDJHGIEBAA-FPLPWBNLSA-N,CC/C(C)=C(/C)CC,C8H16,0,1,8,g,-25.6214,,none,bains:Yaws,row2204,"3,4-dimethyl-cis-3-hexene",1,1,0.0000,0,0,True,False,False
exp_01409,XTXRWKRVRITETP-UHFFFAOYSA-N,C=COC(C)=O,C4H6O2,0,1,6,g,-75.4600,,none,bains:Cox-1,row871,vinyl acetate,3,3,1.6072,1,0,False,False,True
exp_01410,XUPYJHCZDLZNFP-UHFFFAOYSA-N,CCCCOC(=O)CCC,C8H16O2,0,1,10,g,-125.4541,,none,bains:Yaws,row2238,butyl butanoate,1,1,0.0000,0,0,True,False,False
exp_01411,XUXJQANAPZHLMK-UHFFFAOYSA-N,CC(C)(C)CC(=O)C(C)(C)C,C10H20O,0,1,11,g,-94.1444,,none,bains:Pedley,row125,t-butyl neopentyl ketone,2,2,0.0056,0,0,False,False,False
exp_01412,XVPJPHOALLVIQC-UHFFFAOYSA-N,O=[N+]([O-])N1CN([N+](=O)[O-])C1,C2H4N4O4,0,1,10,g,44.1683,,none,bains:Add Lit 1,row433,"1,3-dinitro-1,3-diazetidine",1,1,0.0000,0,0,False,False,False
exp_01413,XWCIICLTKWRWCI-UHFFFAOYSA-N,CC(=O)c1c(C)cc(C)cc1C,C11H14O,0,1,12,g,-48.9723,,none,bains:Pedley,row227,"2,4,6-trimethylacetophenone",2,2,0.0277,0,0,False,False,False
exp_01414,XWKFPIODWVPXLX-UHFFFAOYSA-N,Cc1ccc(C)nc1,C7H9N,0,1,8,g,15.8939,,none,bains:Pedley,row2100,"2,5-dimethylpyridine",3,3,0.0239,0,0,False,False,False
exp_01415,XXJWXESWEXIICW-UHFFFAOYSA-N,CCOCCOCCO,C6H14O3,0,1,9,g,-135.0382,,none,bains:Yaws,row1662,2-(2-ethoxyethoxy)ethanol,1,1,0.0000,0,0,True,False,False
exp_01416,XXMIOPMDWAUFGU-UHFFFAOYSA-N,OCCCCCCO,C6H14O2,0,1,8,g,-110.2294,,none,bains:Pedley,row1658,"1,6-hexanediol",1,1,0.0000,0,0,False,False,False
exp_01417,XXROGKLTLUQVRX-UHFFFAOYSA-N,C=CCO,C3H6O,0,1,4,g,-29.7562,,none,bains:Pedley,row661,prop-2-en-1-ol,4,4,1.9837,1,0,False,False,True
exp_01418,XYDYODCWVCBIOQ-UHFFFAOYSA-N,CCCC(CC)C(C)(C)C,C10H22,0,1,10,g,-61.8905,,none,bains:Yaws,row175,"3-ethyl-2,2-dimethylhexane",1,1,0.0000,0,0,True,False,False
exp_01419,XZDMJRIWJSNEGC-UHFFFAOYSA-N,CC(C)CCC(O)C(C)C,C9H20O,0,1,10,g,-94.9235,,none,bains:Yaws,row2553,"2,6-dimethyl-3-heptanol",1,1,0.0000,0,0,True,False,False
exp_01420,XZGLNCKSNVGDNX-UHFFFAOYSA-N,Cc1nn[nH]n1,C2H4N4,0,1,6,g,67.0889,,none,bains:NIST-1,row430,5-methyl-2H-tetrazole,1,1,0.0000,0,0,False,False,False
exp_01421,XZMCDFZZKTWFGF-UHFFFAOYSA-N,N#CN,CH2N2,0,1,3,g,32.4140,0.1864,reported,atct,420-04-2*0,Cyanamide,2,2,0.2677,0,0,False,False,False
exp_01422,YBBLOADPFWKNGS-UHFFFAOYSA-N,CN(C)C(N)=O,C3H8N2O,0,1,6,g,-52.5813,,none,bains:NIST-1,row702,"1,1-dimethylurea",1,1,0.0000,0,0,False,False,False
exp_01423,YBOXGRMAQIYMGV-UHFFFAOYSA-N,CCCC(C(C)C)C(C)C,C10H22,0,1,10,g,-61.1090,,none,bains:Yaws,row166,3-isopropyl-2-methylhexane,1,1,0.0000,0,0,True,False,False
exp_01424,YBRBMKDOPFTVDT-UHFFFAOYSA-N,CC(C)(C)N,C4H11N,0,1,5,g,-28.8384,0.1315,reported,atct,75-64-9*0,2-Methyl-2-propanamine,12,12,4.6128,1,0,False,True,True
exp_01425,YBYIRNPNPLQARY-UHFFFAOYSA-N,C1=Cc2ccccc2C1,C9H8,0,1,9,g,38.2170,0.1721,reported,atct,95-13-6*0,Indene,4,4,0.8630,0,0,False,False,False
exp_01426,YCOXTKKNXUZSKD-UHFFFAOYSA-N,Cc1ccc(O)cc1C,C8H10O,0,1,9,g,-37.4283,,none,bains:Pedley,row2123,"3,4-xylenol",2,2,0.0083,0,0,False,False,False
exp_01427,YDRHINBPWFNWSS-UHFFFAOYSA-N,CN=NN(C)N(C)C,C4H12N4,0,1,8,g,64.7000,,none,bains:Cox-1,row806,tetramethyltetrazene,1,1,0.0000,0,0,False,False,False
exp_01428,YEJRWHAVMIAJKC-UHFFFAOYSA-N,O=C1CCCO1,C4H6O2,0,1,6,g,-87.5956,0.1912,reported,rmg:CCCBDB,gammaButyrolactone,gammaButyrolactone,1,1,0.0000,0,0,False,False,False
exp_01429,YFIBSNDOVCWPBL-UHFFFAOYSA-N,C#CCCC#C,C6H6,0,1,6,g,100.6692,0.2868,reported,atct,628-16-0*0,"1,5-Hexadiyne",1,1,0.0000,0,0,False,False,False
exp_01430,YFIWEVIZVZPDMO-UHFFFAOYSA-N,C1=C=C=1,C3,0,1,3,g,216.3719,0.3585,reported,atct,102508-15-6*0,2-Cyclopropyn-1-ylidene,1,1,0.0000,0,0,False,False,False
exp_01431,YFTHZRPMJXBUME-UHFFFAOYSA-N,CCCN(CCC)CCC,C9H21N,0,1,10,g,-38.4799,,none,bains:Pedley,row2591,tripropylamine,2,2,0.0000,0,0,False,False,False
exp_01432,YGQDLQQRBCOMKJ-UHFFFAOYSA-N,CCC(C(C)O)C(C)(C)C,C9H20O,0,1,10,g,-95.7529,,none,bains:Yaws,row2546,"4,4-dimethyl-3-ethyl-2-pentanol",1,1,0.0000,0,0,True,False,False
exp_01433,YGSDEFSMJLZEOE-UHFFFAOYSA-N,O=C(O)c1ccccc1O,C7H6O3,0,1,10,g,-118.2600,,none,bains:Pedley,row2059,salicylic acid,6,6,1.3900,1,0,False,False,True
exp_01434,YHQGMYUVUMAZJR-UHFFFAOYSA-N,CC1=CC=C(C(C)C)CC1,C10H16,0,1,10,g,-4.9235,,none,bains:Yaws,row110,alpha-terpinene,1,1,0.0000,0,0,True,False,False
exp_01435,YHQXBTXEYZIYOV-UHFFFAOYSA-N,C=CC(C)C,C5H10,0,1,5,g,-6.6100,,none,bains:Cox-1,row1068,3-methylbut-1-ene,4,4,0.5154,0,0,False,True,False
exp_01436,YIKSCQDJHCMVMK-UHFFFAOYSA-N,NC(=O)C(N)=O,C2H4N2O2,0,1,6,g,-96.2237,,none,bains:Pedley,row426,oxalamide,3,3,3.7046,1,0,False,False,True
exp_01437,YIWFBNMYFYINAD-UHFFFAOYSA-N,C=CC1CC1,C5H8,0,1,5,g,30.3537,,none,bains:NIST-1,row1317,vinylcyclopropane,2,2,1.0038,1,0,False,False,True
exp_01438,YIWUKEYIRIRTPP-UHFFFAOYSA-N,CCCCC(CC)CO,C8H18O,0,1,9,g,-87.3088,,none,bains:Pedley,row2281,2-ethyl-1-hexanol,3,3,0.0012,0,0,False,False,False
exp_01439,YKPNYFKOKKKGNM-UHFFFAOYSA-N,CCC(C)CC(C)C(C)C,C10H22,0,1,10,g,-62.2706,,none,bains:Yaws,row180,"2,3,5-trimethylheptane",1,1,0.0000,0,0,True,False,False
exp_01440,YKYONYBAUNKHLG-UHFFFAOYSA-N,CCCOC(C)=O,C5H10O2,0,1,7,g,-115.0450,,none,bains:Winget,row1170,isopropylethanoate,1,1,0.0000,0,0,False,False,False
exp_01441,YLQBMQCUIZJEEH-UHFFFAOYSA-N,c1ccoc1,C4H4O,0,1,5,g,-8.2505,0.2247,reported,atct,110-00-9*0,Furan,13,13,1.7595,3,0,False,False,True
exp_01442,YLTHHPQUTLMNIF-UHFFFAOYSA-N,CCCC(C)C(O)CCC,C9H20O,0,1,10,g,-93.6616,,none,bains:Yaws,row2508,5-methyl-4-octanol,1,1,0.0000,0,0,True,False,False
exp_01443,YMBNRMDSLJNNPF-UHFFFAOYSA-N,CCC(C)C(C)CC(C)C,C10H22,0,1,10,g,-62.2706,,none,bains:Yaws,row178,"2,4,5-trimethylheptane",1,1,0.0000,0,0,True,False,False
exp_01444,YMBVVPXERVAJTB-UHFFFAOYSA-N,CCC(C)C(O)C(C)(C)C,C9H20O,0,1,10,g,-95.7529,,none,bains:Yaws,row2540,"2,2,4-trimethyl-3-hexanol",1,1,0.0000,0,0,True,False,False
exp_01445,YMPZUSVGLNAWPU-UHFFFAOYSA-N,COC(=O)C12CC1C2,C6H8O2,0,1,8,g,-39.3403,,none,bains:Pedley,row1823,methyl bicyclo[1.1.0]-butane-1-carboxylate,1,1,0.0000,0,0,False,False,False
exp_01446,YMXZGCMNTIZHDC-UHFFFAOYSA-N,CC1COCOC1C,C6H12O2,0,1,8,g,-97.7772,,none,bains:Pedley,row1544,"4,5-dimethyl-1,3-dioxan",2,2,0.3828,0,0,False,False,False
exp_01447,YNLBBDHDNIXQNL-UHFFFAOYSA-N,CC(C)CC(C)CC(C)C,C10H22,0,1,10,g,-60.5210,,none,bains:Yaws,row196,"2,4,6-trimethylheptane",1,1,0.0000,0,0,True,False,False
exp_01448,YNPNZTXNASCQKK-UHFFFAOYSA-N,c1ccc2c(c1)ccc1ccccc12,C14H10,0,1,14,g,48.5612,0.1793,reported,atct,85-01-8*0,Phenanthrene,2,2,0.9388,0,0,False,False,False
exp_01449,YNQLUTRBYVCPMQ-UHFFFAOYSA-N,CCc1ccccc1,C8H10,0,1,8,g,7.1582,0.1243,reported,atct,100-41-4*0,Ethylbenzene,9,9,0.6466,0,0,False,False,False
exp_01450,YNTOKMNHRPSGFU-UHFFFAOYSA-N,CCCOC(N)=O,C4H9NO2,0,1,7,g,-112.6700,,none,bains:Cox-1,row1056,N-propyl carbamate,1,1,0.0000,0,0,False,False,False
exp_01451,YNZQSDTXBBBFQH-UHFFFAOYSA-N,CCCC(CC)CC(C)O,C9H20O,0,1,10,g,-93.6616,,none,bains:Yaws,row2512,1-methyl-3-ethyl-1-hexanol,1,1,0.0000,0,0,True,False,False
exp_01452,YOCLWWFBEJQTBM-UHFFFAOYSA-N,CCC(C)C(O)(CC)CC,C9H20O,0,1,10,g,-94.4909,,none,bains:Yaws,row2531,4-methyl-3-ethyl-3-hexanol,1,1,0.0000,0,0,True,False,False
exp_01453,YOWQWFMSQCOSBA-UHFFFAOYSA-N,C=C(C)OC,C4H8O,0,1,5,g,-35.5163,,none,bains:NIST-1,row1021,2-methoxyprop-1-ene,1,1,0.0000,0,0,False,False,False
exp_01454,YPFDHNVEDLHUCE-UHFFFAOYSA-N,OCCCO,C3H8O2,0,1,5,g,-93.7141,,none,bains:Pedley,row709,"propane-1,3-diol",3,3,3.9197,1,0,False,False,True
exp_01455,YPIJDMPDVZUWJO-UHFFFAOYSA-N,CCC(C)(CO)C(C)C,C8H18O,0,1,9,g,-89.5578,,none,bains:Yaws,row2305,"2,3-dimethyl-2-ethyl-1-butanol",1,1,0.0000,0,0,True,False,False
exp_01456,YPMNDMUOGQJCLW-UHFFFAOYSA-N,CCCCCC(C)C(C)C,C10H22,0,1,10,g,-61.3289,,none,bains:Yaws,row142,"2,3-dimethyloctane",1,1,0.0000,0,0,True,False,False
exp_01457,YQHLDYVWEZKEOX-UHFFFAOYSA-N,CC(C)(OO)c1ccccc1,C9H12O2,0,1,11,g,-18.7380,,none,bains:Pedley,row2409,1-methyl-1-phenylethyl hydroperoxide,1,1,0.0000,0,0,False,False,False
exp_01458,YQNVPNRHJFZONU-UHFFFAOYSA-N,CC(C)C(C)(C)N,C6H15N,0,1,7,g,-37.3566,,none,bains:Yaws,row1706,"2-amino-2,3-dimethylbutane",1,1,0.0000,0,0,True,False,False
exp_01459,YQPMTPLDOVSQDU-UHFFFAOYSA-N,Cc1no[n+]([O-])c1C,C4H6N2O2,0,1,8,g,24.4503,,none,bains:Pedley,row859,dimethylfurazan monoxide,1,1,0.0000,0,0,False,False,False
exp_01460,YQUQWHNMBPIWGK-UHFFFAOYSA-N,CC(C)c1ccc(O)cc1,C9H12O,0,1,10,g,-50.0478,,none,bains:Pedley,row2405,4-isopropyl phenol,1,1,0.0000,0,0,False,False,False
exp_01461,YQYDQJTYEKGIOO-UHFFFAOYSA-N,C=C1C=N1,C3H3N,0,1,4,g,94.8853,0.4063,reported,atct,110027-86-6*0,2-Methylene-2H-azirine,1,1,0.0000,0,0,False,False,False
exp_01462,YRKCREAYFQTBPV-UHFFFAOYSA-N,CC(=O)CC(C)=O,C5H8O2,0,1,7,g,-90.9656,,none,bains:Pedley,row1344,acetylacetone,5,5,0.5088,0,0,False,True,False
exp_01463,YRSIFCHKXFKNME-UHFFFAOYSA-N,CCC(C)C(C)(C)O,C7H16O,0,1,8,g,-84.6248,,none,bains:Yaws,row1977,"2,3-dimethyl-2-pentanol",1,1,0.0000,0,0,True,False,False
exp_01464,YSIMAPNUZAVQER-UHFFFAOYSA-N,CCCCCCCC#N,C8H15N,0,1,9,g,-12.0937,,none,bains:Pedley,row2187,octanenitrile,1,1,0.0000,0,0,False,False,False
exp_01465,YTZKOQUCBOVLHL-UHFFFAOYSA-N,CC(C)(C)c1ccccc1,C10H14,0,1,10,g,-5.1697,,none,bains:Yaws,row84,tert-butylbenzene,1,1,0.0000,0,0,True,False,False
exp_01466,YULMNMJFAZWLLN-UHFFFAOYSA-N,C=C1CCCCC1,C7H12,0,1,7,g,-6.0229,,none,bains:Pedley,row1878,methylnenecyclohexane,1,1,0.0000,0,0,False,False,False
exp_01467,YVHAOWGRHCPODY-UHFFFAOYSA-N,CC(C)(C)C(O)CO,C6H14O2,0,1,8,g,-117.5908,,none,bains:Yaws,row1656,"3,3-dimethyl-1,2-butanediol",1,1,0.0000,0,0,True,False,False
exp_01468,YVYHOOYMDHZALB-UHFFFAOYSA-N,CC(C)C(C(C)C)C(C)C,C10H22,0,1,10,g,-61.6707,,none,bains:Yaws,row184,"2,4-dimethyl-3-isopropylpentane",1,1,0.0000,0,0,True,False,False
exp_01469,YWAKXRMUMFPDSH-UHFFFAOYSA-N,C=CCCC,C5H10,0,1,5,g,-5.0908,,none,bains:Pedley,row1065,pent-1-ene,5,5,0.2392,0,0,False,True,False
exp_01470,YWQLRBQGXHZJCF-UHFFFAOYSA-N,C=C1C=CCC1,C6H8,0,1,6,g,27.4857,,none,bains:NIST-1,row1814,3-methylenecyclopent-1-ene,1,1,0.0000,0,0,False,False,False
exp_01471,YXFVVABEGXRONW-UHFFFAOYSA-N,Cc1ccccc1,C7H8,0,1,7,g,11.9670,0.0741,reported,atct,108-88-3*0,Toluene,10,10,0.2200,0,0,False,False,False
exp_01472,YXHKONLOYHBTNS-UHFFFAOYSA-N,C=[N+]=[N-],CH2N2,0,1,3,g,63.9030,0.2055,reported,atct,334-88-3*0,Diazomethane,3,3,7.0631,2,0,False,True,True
exp_01473,YYDXWNZZLPCQSL-UHFFFAOYSA-N,CC1=CCC(C)C1,C7H12,0,1,7,g,-5.4254,,none,bains:Yaws,row1869,"1,4-dimethylcyclopentene",1,1,0.0000,0,0,True,False,False
exp_01474,YYUGBYFBCFRGNZ-UHFFFAOYSA-N,CC(C)CC(C)CC(C)O,C9H20O,0,1,10,g,-94.9235,,none,bains:Yaws,row2554,"4,6-dimethyl-2-heptanol",1,1,0.0000,0,0,True,False,False
exp_01475,YZLCEXRVQZNGEK-UHFFFAOYSA-N,C1CC2CCC12,C6H10,0,1,6,g,29.8000,,none,bains:Cioslowski,row1442,bicyclo[2.2.0]hexane,1,1,0.0000,0,0,False,False,False
exp_01476,YZULHOOBWDXEOT-UHFFFAOYSA-N,CCCCCN(CC)CC,C9H21N,0,1,10,g,-38.6138,,none,bains:Yaws,row2592,diethylpentylamine,1,1,0.0000,0,0,True,False,False
exp_01477,ZAFNJMIOTHYJRJ-UHFFFAOYSA-N,CC(C)OC(C)C,C6H14O,0,1,7,g,-76.2906,,none,bains:Pedley,row1639,diisopropyl ether,4,4,0.1384,0,0,False,False,False
exp_01478,ZAGHKONXGGSVDV-UHFFFAOYSA-N,CCCCC1CCCC1,C9H18,0,1,9,g,-40.2247,,none,bains:Yaws,row2438,butylcyclopentane,1,1,0.0000,0,0,True,False,False
exp_01479,ZALHPSXXQIPKTQ-UHFFFAOYSA-N,CCC(C)CCCC(C)C,C10H22,0,1,10,g,-62.4092,,none,bains:Yaws,row138,"2,6-dimethyloctane",1,1,0.0000,0,0,True,False,False
exp_01480,ZBCATMYQYDCTIZ-UHFFFAOYSA-N,Cc1ccc(O)c(O)c1,C7H8O2,0,1,9,g,-73.1119,,none,bains:Yaws,row2090,"1,2-dihydroxy-4-methylbenzene",1,1,0.0000,0,0,True,False,False
exp_01481,ZBCBWPMODOFKDW-UHFFFAOYSA-N,OCCNCCO,C4H11NO2,0,1,7,g,-94.8566,,none,bains:Yaws,row798,diethanolamine,1,1,0.0000,0,0,True,False,False
exp_01482,ZBRDJMFLJXFIGJ-UHFFFAOYSA-N,c1ccc(-c2ccon2)cc1,C9H7NO,0,1,11,g,33.3413,,none,bains:Pedley,row2603,3-phenylisoxazole,2,2,0.0413,0,0,False,False,False
exp_01483,ZCQWOFVYLHDMMC-UHFFFAOYSA-N,c1cocn1,C3H3NO,0,1,5,g,-3.7046,,none,bains:Pedley,row563,oxazole,2,2,0.0000,0,0,False,False,False
exp_01484,ZDNJYCQSGYLNJQ-UHFFFAOYSA-N,C=C(O)OC,C3H6O2,0,1,5,g,-72.3470,0.2629,reported,atct,4453-91-2*0,1-Methoxyethenol,1,1,0.0000,0,0,False,False,False
exp_01485,ZEHZNAXXOOYTJM-UHFFFAOYSA-N,N#CC#CC#N,C4N2,0,1,6,g,127.5000,0.1912,reported,rmg:CCCBDB,2-Butynedinitrile,2-Butynedinitrile,8,8,1.0605,3,0,False,True,True
exp_01486,ZEYHEAKUIGZSGI-UHFFFAOYSA-N,COc1ccc(C(=O)O)cc1,C8H8O3,0,1,11,g,-108.0067,,none,bains:Pedley,row2383,4-methoxybenzoic acid,1,1,0.0000,0,0,False,False,False
exp_01487,ZFAGOADKDXXTSV-UHFFFAOYSA-N,CCC(C)C(C)N,C6H15N,0,1,7,g,-34.7753,,none,bains:Yaws,row1697,2-amino-3-methylpentane,1,1,0.0000,0,0,True,False,False
exp_01488,ZFDIRQKJPRINOQ-HWKANZROSA-N,C/C=C/C(=O)OCC,C6H10O2,0,1,8,g,-89.7706,,none,bains:Pedley,row1461,ethyl crotonate,2,2,0.0294,0,0,False,False,False
exp_01489,ZFFMLCVRJBZUDZ-UHFFFAOYSA-N,CC(C)C(C)C,C6H14,0,1,6,g,-42.4450,0.1936,reported,atct,79-29-8*0,"2,3-Dimethylbutane",6,6,0.5736,0,0,False,False,False
exp_01490,ZGEGCLOFRBLKSE-UHFFFAOYSA-N,C=CCCCCC,C7H14,0,1,7,g,-14.8901,,none,bains:Pedley,row1909,n-heptene,6,6,1.7600,1,0,False,False,True
exp_01491,ZGJCTUKRTSBTIQ-UHFFFAOYSA-N,CCC(C)C(C)(CC)CC,C10H22,0,1,10,g,-60.0598,,none,bains:Yaws,row179,"3-ethyl-3,4-dimethylhexane",1,1,0.0000,0,0,True,False,False
exp_01492,ZHDCHCTZRODSEN-HWKANZROSA-N,C/C=C/C(=O)OCCC,C7H12O2,0,1,9,g,-94.4551,,none,bains:Pedley,row1887,n-propyl crotonate,2,2,0.0551,0,0,False,False,False
exp_01493,ZHNUHDYFZUAESO-UHFFFAOYSA-N,NC=O,CH3NO,0,1,3,g,-45.1721,0.0813,reported,atct,75-12-7*0,Formamide,5,5,0.7170,0,1,False,True,False
exp_01494,ZIBGPFATKBEMQZ-UHFFFAOYSA-N,OCCOCCOCCO,C6H14O4,0,1,10,g,-173.2792,,none,bains:Pedley,row1668,triethylene glycol,3,3,0.0215,0,0,False,False,False
exp_01495,ZIKNXBYJTDTRQA-UHFFFAOYSA-N,CCCC(O)CC(C)(C)C,C9H20O,0,1,10,g,-94.4909,,none,bains:Yaws,row2522,"2,2-dimethyl-4-heptanol",1,1,0.0000,0,0,True,False,False
exp_01496,ZISSAWUMDACLOM-UHFFFAOYSA-N,CC(C)C(C)(C)C,C7H16,0,1,7,g,-48.8767,,none,bains:Pedley,row1969,"2,2,3-trimethylbutane",5,5,0.3000,0,0,False,False,False
exp_01497,ZIUSEGSNTOUIPT-UHFFFAOYSA-N,CCOC(=O)CC#N,C5H7NO2,0,1,8,g,-75.5593,,none,bains:Yaws,row1313,ethyl cyanoacetate,1,1,0.0000,0,0,True,False,False
exp_01498,ZJMWRROPUADPEA-UHFFFAOYSA-N,CCC(C)c1ccccc1,C10H14,0,1,10,g,-4.0392,,none,bains:Yaws,row86,sec-butylbenzene,1,1,0.0000,0,0,True,False,False
exp_01499,ZJQQXBVCDFWYGI-UHFFFAOYSA-N,CC1(C)CCC(C)(C)N=N1,C8H16N2,0,1,10,g,10.0382,,none,bains:Pedley,row2228,"3,4,5,6-tetrahydro-3,3,6,6-tetramethylpyridazine",1,1,0.0000,0,0,False,False,False
exp_01500,ZJRCIQAMTAINCB-UHFFFAOYSA-N,N#CCC(=O)c1ccccc1,C9H7NO,0,1,11,g,16.7782,,none,bains:Pedley,row2600,benzoylacetonitrile,1,1,0.0000,0,0,False,False,False
exp_01501,ZJWDJIVISLUQQZ-UHFFFAOYSA-N,CC(CO)CC(C)CO,C7H16O2,0,1,9,g,-119.1683,,none,bains:Yaws,row1999,"dl-2,4-dimethyl-1,5-pentanediol",1,1,0.0000,0,0,True,False,False
exp_01502,ZKXITRNXHWEQJU-UHFFFAOYSA-N,CCC(C)C(O)C(C)CC,C9H20O,0,1,10,g,-94.9235,,none,bains:Yaws,row2525,"3,5-dimethyl-4-heptanol",1,1,0.0000,0,0,True,False,False
exp_01503,ZLSXRPTWWRGMTJ-UHFFFAOYSA-N,CC(=O)OC(C)C(C)C,C7H14O2,0,1,9,g,-125.6214,,none,bains:Yaws,row1950,"1,2-dimethylpropyl acetate",1,1,0.0000,0,0,True,False,False
exp_01504,ZMANZCXQSJIPKH-UHFFFAOYSA-N,CCN(CC)CC,C6H15N,0,1,7,g,-22.1797,,none,bains:Pedley,row1703,triethylamine,3,3,1.5300,1,0,False,False,True
exp_01505,ZMEDGZAGMLTROM-UHFFFAOYSA-N,CCCCC(C)(C)CCC,C10H22,0,1,10,g,-62.6697,,none,bains:Yaws,row151,"4,4-dimethyloctane",1,1,0.0000,0,0,True,False,False
exp_01506,ZMRCOHMOBLASFC-UHFFFAOYSA-N,CC(C)C(C)C#N,C6H11N,0,1,7,g,-4.7323,,none,bains:Yaws,row1483,"2,3-dimethylbutanenitrile",1,1,0.0000,0,0,True,False,False
exp_01507,ZMXDDKWLCZADIW-UHFFFAOYSA-N,CN(C)C=O,C3H7NO,0,1,5,g,-45.8174,,none,bains:Pedley,row689,"N,N'-dimethylformamide",5,5,0.0393,0,0,False,True,False
exp_01508,ZNQVEEAIQZEUHB-UHFFFAOYSA-N,CCOCCO,C4H10O2,0,1,6,g,-95.6023,,none,bains:Yaws,row759,2-ethoxyethanol,1,1,0.0000,0,0,True,False,False
exp_01509,ZPDIRKNRUWXYLJ-UHFFFAOYSA-N,CC1(C)CCCO1,C6H12O,0,1,7,g,-53.4058,,none,bains:Yaws,row1526,"2,2-dimethyltetrahydrofuran",1,1,0.0000,0,0,True,False,False
exp_01510,ZPQAKYPOZRXKFA-UHFFFAOYSA-N,CCCCCC(=O)CCCCC,C11H22O,0,1,12,g,-92.5908,,none,bains:Pedley,row238,6-undecanone,1,1,0.0000,0,0,False,False,False
exp_01511,ZPTVNYMJQHSSEA-UHFFFAOYSA-N,Cc1ccc([N+](=O)[O-])cc1,C7H7NO2,0,1,10,g,7.4092,,none,bains:Pedley,row2072,1-methyl-4-nitrobenzene,1,1,0.0000,0,0,False,False,False
exp_01512,ZQDPJFUHLCOCRG-AATRIKPKSA-N,CC/C=C/CC,C6H12,0,1,6,g,-13.0019,,none,bains:Pedley,row1492,trans-3-hexene,2,2,0.0081,0,0,False,False,False
exp_01513,ZQMIGQNCOMNODD-UHFFFAOYSA-N,CC(=O)OOC(C)=O,C4H6O4,0,1,8,g,-119.5029,,none,bains:Sandler,row879,Acetic peroxyanhydride,1,1,0.0000,0,0,False,False,False
exp_01514,ZQVKTHRQIXSMGY-UHFFFAOYSA-N,CCc1ccc(C(=O)O)cc1,C9H10O2,0,1,11,g,-86.8069,,none,bains:Pedley,row2395,4-ethylbenzoic acid,1,1,0.0000,0,0,False,False,False
exp_01515,ZRKSVHFXTRFQFL-UHFFFAOYSA-N,[C-]#[N+]C,C2H3N,0,1,3,g,42.3662,0.1123,reported,atct,593-75-9*0,Isocyanomethane,7,7,8.2361,6,0,False,True,True
exp_01516,ZRSNZINYAWTAHE-UHFFFAOYSA-N,COc1ccc(C=O)cc1,C8H8O2,0,1,10,g,-48.4465,,none,bains:Pedley,row2378,4-methoxybenzaldehyde,2,2,0.0535,0,0,False,False,False
exp_01517,ZRSVHSCCNNSGKM-UHFFFAOYSA-N,N#CC=C(C#N)C#N,C5HN3,0,1,8,g,124.3786,,none,bains:Pedley,row1430,tricyanoethylene,2,2,0.0214,0,0,False,False,False
exp_01518,ZRTXVJYJVBTXHE-UHFFFAOYSA-N,CCC(CC)C(C)(C)CC,C10H22,0,1,10,g,-60.6310,,none,bains:Yaws,row182,"4-ethyl-3,3-dimethylhexane",1,1,0.0000,0,0,True,False,False
exp_01519,ZRWMAMOBIQQJSA-UHFFFAOYSA-N,C=C1CC(C#N)C1,C6H7N,0,1,7,g,60.3489,,none,bains:Pedley,row1798,3-methylenecyclobutanecarbonitrile,1,1,0.0000,0,0,False,False,False
exp_01520,ZSIAUFGUXNUGDI-UHFFFAOYSA-N,CCCCCCO,C6H14O,0,1,7,g,-75.4780,,none,bains:Pedley,row1630,1-hexanol,2,2,0.1720,0,0,False,False,False
exp_01521,ZSWFCLXCOIISFI-UHFFFAOYSA-N,C1=CCC=C1,C5H6,0,1,5,g,32.2084,0.1171,reported,atct,542-92-7*0,Cyclopentadiene,11,11,1.4986,1,0,False,True,True
exp_01522,ZTMADXFOCUXMJE-UHFFFAOYSA-N,Cc1c(O)cccc1O,C7H8O2,0,1,9,g,-73.1119,,none,bains:Yaws,row2094,"1,3-dihydroxy-2-methylbenzene",1,1,0.0000,0,0,True,False,False
exp_01523,ZTQSAGDEMFDKMZ-UHFFFAOYSA-N,CCCC=O,C4H8O,0,1,5,g,-49.1491,0.2032,reported,atct,123-72-8*0,Butyraldehyde,11,11,1.7686,1,0,False,False,True
exp_01524,ZTXSPLGEGCABFL-UHFFFAOYSA-N,C1C23CC12C3,C5H6,0,1,5,g,86.2811,0.3585,reported,atct,35634-10-7*0,[1.1.1]Propellane,1,1,0.0000,0,0,False,False,False
exp_01525,ZUHZZVMEUAUWHY-UHFFFAOYSA-N,CCCN(C)C,C5H13N,0,1,6,g,-16.9216,,none,bains:Yaws,row1274,dimethyl-propylamine,1,1,0.0000,0,0,True,False,False
exp_01526,ZUOUZKKEUPVFJK-UHFFFAOYSA-N,c1ccc(-c2ccccc2)cc1,C12H10,0,1,12,g,42.7342,0.2629,reported,atct,92-52-4*0,Biphenyl,2,2,0.6658,0,0,False,False,False
exp_01527,ZUQAPLKKNAQJAU-UHFFFAOYSA-N,OC#CO,C2H2O2,0,1,4,g,-5.2820,0.3824,reported,atct,16005-17-7*0,Ethynediol,1,1,0.0000,0,0,False,False,False
exp_01528,ZVKQNIUBLJYSGN-UHFFFAOYSA-N,CC(C)CC(C)(O)C(C)C,C9H20O,0,1,10,g,-95.7529,,none,bains:Yaws,row2558,"2,3,5-trimethyl-3-hexanol",1,1,0.0000,0,0,True,False,False
exp_01529,ZVQXQPNJHRNGID-UHFFFAOYSA-N,CC(C)(C#N)C(C)(C)C#N,C8H12N2,0,1,10,g,24.1396,,none,bains:Pedley,row2144,tetramethylbutanedinitrile,1,1,0.0000,0,0,False,False,False
exp_01530,ZWEHNKRNPOVVGH-UHFFFAOYSA-N,CCC(C)=O,C4H8O,0,1,5,g,-56.9527,0.1888,reported,atct,78-93-3*0,2-Butanone,11,11,2.3827,2,0,False,False,True
exp_01531,ZWRUINPWMLAQRD-UHFFFAOYSA-N,CCCCCCCCCO,C9H20O,0,1,10,g,-89.9379,,none,bains:Pedley,row2481,1-nonanol,3,3,1.1821,1,0,False,False,True
exp_01532,ZXEKIIBDNHEJCQ-UHFFFAOYSA-N,CC(C)CO,C4H10O,0,1,5,g,-67.8298,0.2151,reported,rmg:CCCBDB,2-Methyl-1-propanol,2-Methyl-1-propanol,7,7,0.3076,0,0,False,False,False
exp_01533,ZXIJMRYMVAMXQP-UHFFFAOYSA-N,C1=CCCCCC1,C7H12,0,1,7,g,-2.0698,0.1769,reported,atct,628-92-2*0,Cycloheptene,3,3,0.1291,0,1,False,False,False
